filepath,class_id,class_name,split
/kaggle/input/datasets/iamsouravbanerjee/indian-food-images-dataset/Indian Food Images/Indian Food Images/adhirasam/02d09e872d.jpg,0,adhirasam,train
/kaggle/input/datasets/iamsouravbanerjee/indian-food-images-dataset/Indian Food Images/Indian Food Images/adhirasam/02f2e49039.jpg,0,adhirasam,train
/kaggle/input/datasets/iamsouravbanerjee/indian-food-images-dataset/Indian Food Images/Indian Food Images/adhirasam/06c639bab2.jpg,0,adhirasam,train
/kaggle/input/datasets/iamsouravbanerjee/indian-food-images-dataset/Indian Food Images/Indian Food Images/adhirasam/08b8f8efc1.jpg,0,adhirasam,train
/kaggle/input/datasets/iamsouravbanerjee/indian-food-images-dataset/Indian Food Images/Indian Food Images/adhirasam/09a37d7cc7.jpg,0,adhirasam,train
/kaggle/input/datasets/iamsouravbanerjee/indian-food-images-dataset/Indian Food Images/Indian Food Images/adhirasam/0cd70ffc10.jpg,0,adhirasam,train
/kaggle/input/datasets/iamsouravbanerjee/indian-food-images-dataset/Indian Food Images/Indian Food Images/adhirasam/0d09b0e580.jpg,0,adhirasam,train
/kaggle/input/datasets/iamsouravbanerjee/indian-food-images-dataset/Indian Food Images/Indian Food Images/adhirasam/0e84c2b7fd.jpg,0,adhirasam,train
/kaggle/input/datasets/iamsouravbanerjee/indian-food-images-dataset/Indian Food Images/Indian Food Images/adhirasam/10f608ecc4.jpg,0,adhirasam,train
/kaggle/input/datasets/iamsouravbanerjee/indian-food-images-dataset/Indian Food Images/Indian Food Images/adhirasam/12b1eb8026.jpg,0,adhirasam,train
/kaggle/input/datasets/iamsouravbanerjee/indian-food-images-dataset/Indian Food Images/Indian Food Images/adhirasam/13a2cfd13f.jpg,0,adhirasam,train
/kaggle/input/datasets/iamsouravbanerjee/indian-food-images-dataset/Indian Food Images/Indian Food Images/adhirasam/13d63deed2.jpg,0,adhirasam,train
/kaggle/input/datasets/iamsouravbanerjee/indian-food-images-dataset/Indian Food Images/Indian Food Images/adhirasam/14a2340ece.jpg,0,adhirasam,train
/kaggle/input/datasets/iamsouravbanerjee/indian-food-images-dataset/Indian Food Images/Indian Food Images/adhirasam/14d893495c.jpg,0,adhirasam,train
/kaggle/input/datasets/iamsouravbanerjee/indian-food-images-dataset/Indian Food Images/Indian Food Images/adhirasam/1a77e9cec2.jpg,0,adhirasam,train
/kaggle/input/datasets/iamsouravbanerjee/indian-food-images-dataset/Indian Food Images/Indian Food Images/adhirasam/1a9346fd1e.jpg,0,adhirasam,train
/kaggle/input/datasets/iamsouravbanerjee/indian-food-images-dataset/Indian Food Images/Indian Food Images/adhirasam/1d8712cb99.jpg,0,adhirasam,train
/kaggle/input/datasets/iamsouravbanerjee/indian-food-images-dataset/Indian Food Images/Indian Food Images/adhirasam/1fe5414330.jpg,0,adhirasam,train
/kaggle/input/datasets/iamsouravbanerjee/indian-food-images-dataset/Indian Food Images/Indian Food Images/adhirasam/2f6cc87911.jpg,0,adhirasam,train
/kaggle/input/datasets/iamsouravbanerjee/indian-food-images-dataset/Indian Food Images/Indian Food Images/adhirasam/3a38984b2b.jpg,0,adhirasam,train
/kaggle/input/datasets/iamsouravbanerjee/indian-food-images-dataset/Indian Food Images/Indian Food Images/adhirasam/3a804a31ab.jpg,0,adhirasam,train
/kaggle/input/datasets/iamsouravbanerjee/indian-food-images-dataset/Indian Food Images/Indian Food Images/adhirasam/3bfa35cec4.jpg,0,adhirasam,train
/kaggle/input/datasets/iamsouravbanerjee/indian-food-images-dataset/Indian Food Images/Indian Food Images/adhirasam/3c92b54e3f.jpg,0,adhirasam,train
/kaggle/input/datasets/iamsouravbanerjee/indian-food-images-dataset/Indian Food Images/Indian Food Images/adhirasam/3d7b2d49d0.jpg,0,adhirasam,train
/kaggle/input/datasets/iamsouravbanerjee/indian-food-images-dataset/Indian Food Images/Indian Food Images/adhirasam/3d959a621f.jpg,0,adhirasam,train
/kaggle/input/datasets/iamsouravbanerjee/indian-food-images-dataset/Indian Food Images/Indian Food Images/adhirasam/4a16219bba.jpg,0,adhirasam,train
/kaggle/input/datasets/iamsouravbanerjee/indian-food-images-dataset/Indian Food Images/Indian Food Images/adhirasam/4b4cdebe22.jpg,0,adhirasam,train
/kaggle/input/datasets/iamsouravbanerjee/indian-food-images-dataset/Indian Food Images/Indian Food Images/adhirasam/4ba54c8c49.jpg,0,adhirasam,train
/kaggle/input/datasets/iamsouravbanerjee/indian-food-images-dataset/Indian Food Images/Indian Food Images/adhirasam/4dc22aeaa4.jpg,0,adhirasam,train
/kaggle/input/datasets/iamsouravbanerjee/indian-food-images-dataset/Indian Food Images/Indian Food Images/adhirasam/4df2abf698.jpg,0,adhirasam,train
/kaggle/input/datasets/iamsouravbanerjee/indian-food-images-dataset/Indian Food Images/Indian Food Images/adhirasam/4e9dd787c7.jpg,0,adhirasam,train
/kaggle/input/datasets/iamsouravbanerjee/indian-food-images-dataset/Indian Food Images/Indian Food Images/adhirasam/5b3f7359b7.jpg,0,adhirasam,train
/kaggle/input/datasets/iamsouravbanerjee/indian-food-images-dataset/Indian Food Images/Indian Food Images/adhirasam/5f7df33e72.jpg,0,adhirasam,train
/kaggle/input/datasets/iamsouravbanerjee/indian-food-images-dataset/Indian Food Images/Indian Food Images/adhirasam/5f8b688ebc.jpg,0,adhirasam,train
/kaggle/input/datasets/iamsouravbanerjee/indian-food-images-dataset/Indian Food Images/Indian Food Images/adhirasam/5fc5acb884.jpg,0,adhirasam,train
/kaggle/input/datasets/iamsouravbanerjee/indian-food-images-dataset/Indian Food Images/Indian Food Images/aloo_gobi/00fce13f41.jpg,1,aloo_gobi,train
/kaggle/input/datasets/iamsouravbanerjee/indian-food-images-dataset/Indian Food Images/Indian Food Images/aloo_gobi/04f6621f19.jpg,1,aloo_gobi,train
/kaggle/input/datasets/iamsouravbanerjee/indian-food-images-dataset/Indian Food Images/Indian Food Images/aloo_gobi/07e76a41ce.jpg,1,aloo_gobi,train
/kaggle/input/datasets/iamsouravbanerjee/indian-food-images-dataset/Indian Food Images/Indian Food Images/aloo_gobi/08e086039e.jpg,1,aloo_gobi,train
/kaggle/input/datasets/iamsouravbanerjee/indian-food-images-dataset/Indian Food Images/Indian Food Images/aloo_gobi/08f5340905.jpg,1,aloo_gobi,train
/kaggle/input/datasets/iamsouravbanerjee/indian-food-images-dataset/Indian Food Images/Indian Food Images/aloo_gobi/0ab3a056ed.jpg,1,aloo_gobi,train
/kaggle/input/datasets/iamsouravbanerjee/indian-food-images-dataset/Indian Food Images/Indian Food Images/aloo_gobi/0ab91a93df.jpg,1,aloo_gobi,train
/kaggle/input/datasets/iamsouravbanerjee/indian-food-images-dataset/Indian Food Images/Indian Food Images/aloo_gobi/0b8b93a61c.jpg,1,aloo_gobi,train
/kaggle/input/datasets/iamsouravbanerjee/indian-food-images-dataset/Indian Food Images/Indian Food Images/aloo_gobi/0b97c99f59.jpg,1,aloo_gobi,train
/kaggle/input/datasets/iamsouravbanerjee/indian-food-images-dataset/Indian Food Images/Indian Food Images/aloo_gobi/0bc22d7426.jpg,1,aloo_gobi,train
/kaggle/input/datasets/iamsouravbanerjee/indian-food-images-dataset/Indian Food Images/Indian Food Images/aloo_gobi/0d0d6d5d9e.jpg,1,aloo_gobi,train
/kaggle/input/datasets/iamsouravbanerjee/indian-food-images-dataset/Indian Food Images/Indian Food Images/aloo_gobi/0fd0e8821c.jpg,1,aloo_gobi,train
/kaggle/input/datasets/iamsouravbanerjee/indian-food-images-dataset/Indian Food Images/Indian Food Images/aloo_gobi/12ec0edc0a.jpg,1,aloo_gobi,train
/kaggle/input/datasets/iamsouravbanerjee/indian-food-images-dataset/Indian Food Images/Indian Food Images/aloo_gobi/14fa89fd86.jpg,1,aloo_gobi,train
/kaggle/input/datasets/iamsouravbanerjee/indian-food-images-dataset/Indian Food Images/Indian Food Images/aloo_gobi/17d0d30093.jpg,1,aloo_gobi,train
/kaggle/input/datasets/iamsouravbanerjee/indian-food-images-dataset/Indian Food Images/Indian Food Images/aloo_gobi/1a4970a193.jpg,1,aloo_gobi,train
/kaggle/input/datasets/iamsouravbanerjee/indian-food-images-dataset/Indian Food Images/Indian Food Images/aloo_gobi/1b431ad21c.jpg,1,aloo_gobi,train
/kaggle/input/datasets/iamsouravbanerjee/indian-food-images-dataset/Indian Food Images/Indian Food Images/aloo_gobi/1ce969aa3b.jpg,1,aloo_gobi,train
/kaggle/input/datasets/iamsouravbanerjee/indian-food-images-dataset/Indian Food Images/Indian Food Images/aloo_gobi/22b3357956.jpg,1,aloo_gobi,train
/kaggle/input/datasets/iamsouravbanerjee/indian-food-images-dataset/Indian Food Images/Indian Food Images/aloo_gobi/28af31112e.jpg,1,aloo_gobi,train
/kaggle/input/datasets/iamsouravbanerjee/indian-food-images-dataset/Indian Food Images/Indian Food Images/aloo_gobi/2a46407f59.jpg,1,aloo_gobi,train
/kaggle/input/datasets/iamsouravbanerjee/indian-food-images-dataset/Indian Food Images/Indian Food Images/aloo_gobi/2d44ca6b73.jpg,1,aloo_gobi,train
/kaggle/input/datasets/iamsouravbanerjee/indian-food-images-dataset/Indian Food Images/Indian Food Images/aloo_gobi/2d60311a69.jpg,1,aloo_gobi,train
/kaggle/input/datasets/iamsouravbanerjee/indian-food-images-dataset/Indian Food Images/Indian Food Images/aloo_gobi/2dc453e97c.jpg,1,aloo_gobi,train
/kaggle/input/datasets/iamsouravbanerjee/indian-food-images-dataset/Indian Food Images/Indian Food Images/aloo_gobi/2e483c3d7b.jpg,1,aloo_gobi,train
/kaggle/input/datasets/iamsouravbanerjee/indian-food-images-dataset/Indian Food Images/Indian Food Images/aloo_gobi/2f43ef19ea.jpg,1,aloo_gobi,train
/kaggle/input/datasets/iamsouravbanerjee/indian-food-images-dataset/Indian Food Images/Indian Food Images/aloo_gobi/2f4a394175.jpg,1,aloo_gobi,train
/kaggle/input/datasets/iamsouravbanerjee/indian-food-images-dataset/Indian Food Images/Indian Food Images/aloo_gobi/2f8013eec0.jpg,1,aloo_gobi,train
/kaggle/input/datasets/iamsouravbanerjee/indian-food-images-dataset/Indian Food Images/Indian Food Images/aloo_gobi/3a085edb5a.jpg,1,aloo_gobi,train
/kaggle/input/datasets/iamsouravbanerjee/indian-food-images-dataset/Indian Food Images/Indian Food Images/aloo_gobi/3bb33e5e68.jpg,1,aloo_gobi,train
/kaggle/input/datasets/iamsouravbanerjee/indian-food-images-dataset/Indian Food Images/Indian Food Images/aloo_gobi/3c84676bd2.jpg,1,aloo_gobi,train
/kaggle/input/datasets/iamsouravbanerjee/indian-food-images-dataset/Indian Food Images/Indian Food Images/aloo_gobi/4c8f0980a5.jpg,1,aloo_gobi,train
/kaggle/input/datasets/iamsouravbanerjee/indian-food-images-dataset/Indian Food Images/Indian Food Images/aloo_gobi/4ea2b2b60d.jpg,1,aloo_gobi,train
/kaggle/input/datasets/iamsouravbanerjee/indian-food-images-dataset/Indian Food Images/Indian Food Images/aloo_gobi/5b4e957838.jpg,1,aloo_gobi,train
/kaggle/input/datasets/iamsouravbanerjee/indian-food-images-dataset/Indian Food Images/Indian Food Images/aloo_gobi/5b86c2854e.jpg,1,aloo_gobi,train
/kaggle/input/datasets/iamsouravbanerjee/indian-food-images-dataset/Indian Food Images/Indian Food Images/aloo_matar/02df621fdd.jpg,2,aloo_matar,train
/kaggle/input/datasets/iamsouravbanerjee/indian-food-images-dataset/Indian Food Images/Indian Food Images/aloo_matar/06b47185d9.jpg,2,aloo_matar,train
/kaggle/input/datasets/iamsouravbanerjee/indian-food-images-dataset/Indian Food Images/Indian Food Images/aloo_matar/11d98db2fe.jpg,2,aloo_matar,train
/kaggle/input/datasets/iamsouravbanerjee/indian-food-images-dataset/Indian Food Images/Indian Food Images/aloo_matar/13c9bdabbc.jpg,2,aloo_matar,train
/kaggle/input/datasets/iamsouravbanerjee/indian-food-images-dataset/Indian Food Images/Indian Food Images/aloo_matar/14f3ca9153.jpg,2,aloo_matar,train
/kaggle/input/datasets/iamsouravbanerjee/indian-food-images-dataset/Indian Food Images/Indian Food Images/aloo_matar/18a5afc696.jpg,2,aloo_matar,train
/kaggle/input/datasets/iamsouravbanerjee/indian-food-images-dataset/Indian Food Images/Indian Food Images/aloo_matar/18c83308e5.jpg,2,aloo_matar,train
/kaggle/input/datasets/iamsouravbanerjee/indian-food-images-dataset/Indian Food Images/Indian Food Images/aloo_matar/1a63aeb2fd.jpg,2,aloo_matar,train
/kaggle/input/datasets/iamsouravbanerjee/indian-food-images-dataset/Indian Food Images/Indian Food Images/aloo_matar/1aa0bfd414.jpg,2,aloo_matar,train
/kaggle/input/datasets/iamsouravbanerjee/indian-food-images-dataset/Indian Food Images/Indian Food Images/aloo_matar/1ada432911.jpg,2,aloo_matar,train
/kaggle/input/datasets/iamsouravbanerjee/indian-food-images-dataset/Indian Food Images/Indian Food Images/aloo_matar/21e56f6d06.jpg,2,aloo_matar,train
/kaggle/input/datasets/iamsouravbanerjee/indian-food-images-dataset/Indian Food Images/Indian Food Images/aloo_matar/2db15a615e.jpg,2,aloo_matar,train
/kaggle/input/datasets/iamsouravbanerjee/indian-food-images-dataset/Indian Food Images/Indian Food Images/aloo_matar/31de4c7ed9.jpg,2,aloo_matar,train
/kaggle/input/datasets/iamsouravbanerjee/indian-food-images-dataset/Indian Food Images/Indian Food Images/aloo_matar/34a9630f01.jpg,2,aloo_matar,train
/kaggle/input/datasets/iamsouravbanerjee/indian-food-images-dataset/Indian Food Images/Indian Food Images/aloo_matar/3a99bdbae2.jpg,2,aloo_matar,train
/kaggle/input/datasets/iamsouravbanerjee/indian-food-images-dataset/Indian Food Images/Indian Food Images/aloo_matar/3b6982147e.jpg,2,aloo_matar,train
/kaggle/input/datasets/iamsouravbanerjee/indian-food-images-dataset/Indian Food Images/Indian Food Images/aloo_matar/3dca55f96b.jpg,2,aloo_matar,train
/kaggle/input/datasets/iamsouravbanerjee/indian-food-images-dataset/Indian Food Images/Indian Food Images/aloo_matar/41cd12677f.jpg,2,aloo_matar,train
/kaggle/input/datasets/iamsouravbanerjee/indian-food-images-dataset/Indian Food Images/Indian Food Images/aloo_matar/42ad1e8c14.jpg,2,aloo_matar,train
/kaggle/input/datasets/iamsouravbanerjee/indian-food-images-dataset/Indian Food Images/Indian Food Images/aloo_matar/48c588fa18.jpg,2,aloo_matar,train
/kaggle/input/datasets/iamsouravbanerjee/indian-food-images-dataset/Indian Food Images/Indian Food Images/aloo_matar/4a7bc66884.jpg,2,aloo_matar,train
/kaggle/input/datasets/iamsouravbanerjee/indian-food-images-dataset/Indian Food Images/Indian Food Images/aloo_matar/4d14f4450e.jpg,2,aloo_matar,train
/kaggle/input/datasets/iamsouravbanerjee/indian-food-images-dataset/Indian Food Images/Indian Food Images/aloo_matar/4d2b8349d3.jpg,2,aloo_matar,train
/kaggle/input/datasets/iamsouravbanerjee/indian-food-images-dataset/Indian Food Images/Indian Food Images/aloo_matar/4e282ef582.jpg,2,aloo_matar,train
/kaggle/input/datasets/iamsouravbanerjee/indian-food-images-dataset/Indian Food Images/Indian Food Images/aloo_matar/52cb18d1d3.jpg,2,aloo_matar,train
/kaggle/input/datasets/iamsouravbanerjee/indian-food-images-dataset/Indian Food Images/Indian Food Images/aloo_matar/55b1fdc50e.jpg,2,aloo_matar,train
/kaggle/input/datasets/iamsouravbanerjee/indian-food-images-dataset/Indian Food Images/Indian Food Images/aloo_matar/58c57dc4b2.jpg,2,aloo_matar,train
/kaggle/input/datasets/iamsouravbanerjee/indian-food-images-dataset/Indian Food Images/Indian Food Images/aloo_matar/5acd382ee2.jpg,2,aloo_matar,train
/kaggle/input/datasets/iamsouravbanerjee/indian-food-images-dataset/Indian Food Images/Indian Food Images/aloo_matar/5b4370d687.jpg,2,aloo_matar,train
/kaggle/input/datasets/iamsouravbanerjee/indian-food-images-dataset/Indian Food Images/Indian Food Images/aloo_matar/5bd4b9eacd.jpg,2,aloo_matar,train
/kaggle/input/datasets/iamsouravbanerjee/indian-food-images-dataset/Indian Food Images/Indian Food Images/aloo_matar/5c4c3e95f5.jpg,2,aloo_matar,train
/kaggle/input/datasets/iamsouravbanerjee/indian-food-images-dataset/Indian Food Images/Indian Food Images/aloo_matar/5c6980607d.jpg,2,aloo_matar,train
/kaggle/input/datasets/iamsouravbanerjee/indian-food-images-dataset/Indian Food Images/Indian Food Images/aloo_matar/5e0e8735cf.jpg,2,aloo_matar,train
/kaggle/input/datasets/iamsouravbanerjee/indian-food-images-dataset/Indian Food Images/Indian Food Images/aloo_matar/5e5698e2f0.jpg,2,aloo_matar,train
/kaggle/input/datasets/iamsouravbanerjee/indian-food-images-dataset/Indian Food Images/Indian Food Images/aloo_matar/5ee0ddf533.jpg,2,aloo_matar,train
/kaggle/input/datasets/iamsouravbanerjee/indian-food-images-dataset/Indian Food Images/Indian Food Images/aloo_methi/001c2203a4.jpg,3,aloo_methi,train
/kaggle/input/datasets/iamsouravbanerjee/indian-food-images-dataset/Indian Food Images/Indian Food Images/aloo_methi/04d19d2fb4.jpg,3,aloo_methi,train
/kaggle/input/datasets/iamsouravbanerjee/indian-food-images-dataset/Indian Food Images/Indian Food Images/aloo_methi/0a4b4b3cf1.jpg,3,aloo_methi,train
/kaggle/input/datasets/iamsouravbanerjee/indian-food-images-dataset/Indian Food Images/Indian Food Images/aloo_methi/0b12f2389d.jpg,3,aloo_methi,train
/kaggle/input/datasets/iamsouravbanerjee/indian-food-images-dataset/Indian Food Images/Indian Food Images/aloo_methi/0b6b26d00a.jpg,3,aloo_methi,train
/kaggle/input/datasets/iamsouravbanerjee/indian-food-images-dataset/Indian Food Images/Indian Food Images/aloo_methi/0c104b390d.jpg,3,aloo_methi,train
/kaggle/input/datasets/iamsouravbanerjee/indian-food-images-dataset/Indian Food Images/Indian Food Images/aloo_methi/0e2c7a076c.jpg,3,aloo_methi,train
/kaggle/input/datasets/iamsouravbanerjee/indian-food-images-dataset/Indian Food Images/Indian Food Images/aloo_methi/0e6a031183.jpg,3,aloo_methi,train
/kaggle/input/datasets/iamsouravbanerjee/indian-food-images-dataset/Indian Food Images/Indian Food Images/aloo_methi/13c322cce9.jpg,3,aloo_methi,train
/kaggle/input/datasets/iamsouravbanerjee/indian-food-images-dataset/Indian Food Images/Indian Food Images/aloo_methi/15a80951a5.jpg,3,aloo_methi,train
/kaggle/input/datasets/iamsouravbanerjee/indian-food-images-dataset/Indian Food Images/Indian Food Images/aloo_methi/17e1ad03d5.jpg,3,aloo_methi,train
/kaggle/input/datasets/iamsouravbanerjee/indian-food-images-dataset/Indian Food Images/Indian Food Images/aloo_methi/1a8618c36b.jpg,3,aloo_methi,train
/kaggle/input/datasets/iamsouravbanerjee/indian-food-images-dataset/Indian Food Images/Indian Food Images/aloo_methi/1b402a1561.jpg,3,aloo_methi,train
/kaggle/input/datasets/iamsouravbanerjee/indian-food-images-dataset/Indian Food Images/Indian Food Images/aloo_methi/24c0ad6d85.jpg,3,aloo_methi,train
/kaggle/input/datasets/iamsouravbanerjee/indian-food-images-dataset/Indian Food Images/Indian Food Images/aloo_methi/28c7c4094e.jpg,3,aloo_methi,train
/kaggle/input/datasets/iamsouravbanerjee/indian-food-images-dataset/Indian Food Images/Indian Food Images/aloo_methi/2a32f33e72.jpg,3,aloo_methi,train
/kaggle/input/datasets/iamsouravbanerjee/indian-food-images-dataset/Indian Food Images/Indian Food Images/aloo_methi/2c1495a822.jpg,3,aloo_methi,train
/kaggle/input/datasets/iamsouravbanerjee/indian-food-images-dataset/Indian Food Images/Indian Food Images/aloo_methi/2c750ec26b.jpg,3,aloo_methi,train
/kaggle/input/datasets/iamsouravbanerjee/indian-food-images-dataset/Indian Food Images/Indian Food Images/aloo_methi/2ce2a442ce.jpg,3,aloo_methi,train
/kaggle/input/datasets/iamsouravbanerjee/indian-food-images-dataset/Indian Food Images/Indian Food Images/aloo_methi/2da5c297ec.jpg,3,aloo_methi,train
/kaggle/input/datasets/iamsouravbanerjee/indian-food-images-dataset/Indian Food Images/Indian Food Images/aloo_methi/2f0ef14a4b.jpg,3,aloo_methi,train
/kaggle/input/datasets/iamsouravbanerjee/indian-food-images-dataset/Indian Food Images/Indian Food Images/aloo_methi/2f34acd41f.jpg,3,aloo_methi,train
/kaggle/input/datasets/iamsouravbanerjee/indian-food-images-dataset/Indian Food Images/Indian Food Images/aloo_methi/31d1f1c67c.jpg,3,aloo_methi,train
/kaggle/input/datasets/iamsouravbanerjee/indian-food-images-dataset/Indian Food Images/Indian Food Images/aloo_methi/34d79a3ae9.jpg,3,aloo_methi,train
/kaggle/input/datasets/iamsouravbanerjee/indian-food-images-dataset/Indian Food Images/Indian Food Images/aloo_methi/3b1cfb8bed.jpg,3,aloo_methi,train
/kaggle/input/datasets/iamsouravbanerjee/indian-food-images-dataset/Indian Food Images/Indian Food Images/aloo_methi/3d6018a893.jpg,3,aloo_methi,train
/kaggle/input/datasets/iamsouravbanerjee/indian-food-images-dataset/Indian Food Images/Indian Food Images/aloo_methi/3e0d94025c.jpg,3,aloo_methi,train
/kaggle/input/datasets/iamsouravbanerjee/indian-food-images-dataset/Indian Food Images/Indian Food Images/aloo_methi/40a487b1ee.jpg,3,aloo_methi,train
/kaggle/input/datasets/iamsouravbanerjee/indian-food-images-dataset/Indian Food Images/Indian Food Images/aloo_methi/47d61411a1.jpg,3,aloo_methi,train
/kaggle/input/datasets/iamsouravbanerjee/indian-food-images-dataset/Indian Food Images/Indian Food Images/aloo_methi/4a6b625181.jpg,3,aloo_methi,train
/kaggle/input/datasets/iamsouravbanerjee/indian-food-images-dataset/Indian Food Images/Indian Food Images/aloo_methi/4ab137bb15.jpg,3,aloo_methi,train
/kaggle/input/datasets/iamsouravbanerjee/indian-food-images-dataset/Indian Food Images/Indian Food Images/aloo_methi/4f19693fdb.jpg,3,aloo_methi,train
/kaggle/input/datasets/iamsouravbanerjee/indian-food-images-dataset/Indian Food Images/Indian Food Images/aloo_methi/56a8eed2ec.jpg,3,aloo_methi,train
/kaggle/input/datasets/iamsouravbanerjee/indian-food-images-dataset/Indian Food Images/Indian Food Images/aloo_methi/5da5a55a04.jpg,3,aloo_methi,train
/kaggle/input/datasets/iamsouravbanerjee/indian-food-images-dataset/Indian Food Images/Indian Food Images/aloo_methi/63d22b4a1d.jpg,3,aloo_methi,train
/kaggle/input/datasets/iamsouravbanerjee/indian-food-images-dataset/Indian Food Images/Indian Food Images/aloo_shimla_mirch/08a8cb6983.jpg,4,aloo_shimla_mirch,train
/kaggle/input/datasets/iamsouravbanerjee/indian-food-images-dataset/Indian Food Images/Indian Food Images/aloo_shimla_mirch/0e456d0d57.jpg,4,aloo_shimla_mirch,train
/kaggle/input/datasets/iamsouravbanerjee/indian-food-images-dataset/Indian Food Images/Indian Food Images/aloo_shimla_mirch/0f9d8b0557.jpg,4,aloo_shimla_mirch,train
/kaggle/input/datasets/iamsouravbanerjee/indian-food-images-dataset/Indian Food Images/Indian Food Images/aloo_shimla_mirch/0fb12c2e19.jpg,4,aloo_shimla_mirch,train
/kaggle/input/datasets/iamsouravbanerjee/indian-food-images-dataset/Indian Food Images/Indian Food Images/aloo_shimla_mirch/14be800ff7.jpg,4,aloo_shimla_mirch,train
/kaggle/input/datasets/iamsouravbanerjee/indian-food-images-dataset/Indian Food Images/Indian Food Images/aloo_shimla_mirch/15f610924a.jpg,4,aloo_shimla_mirch,train
/kaggle/input/datasets/iamsouravbanerjee/indian-food-images-dataset/Indian Food Images/Indian Food Images/aloo_shimla_mirch/17f6830c0f.jpg,4,aloo_shimla_mirch,train
/kaggle/input/datasets/iamsouravbanerjee/indian-food-images-dataset/Indian Food Images/Indian Food Images/aloo_shimla_mirch/19f2970bdd.jpg,4,aloo_shimla_mirch,train
/kaggle/input/datasets/iamsouravbanerjee/indian-food-images-dataset/Indian Food Images/Indian Food Images/aloo_shimla_mirch/1a5c72b3f6.jpg,4,aloo_shimla_mirch,train
/kaggle/input/datasets/iamsouravbanerjee/indian-food-images-dataset/Indian Food Images/Indian Food Images/aloo_shimla_mirch/1d92db5ee1.jpg,4,aloo_shimla_mirch,train
/kaggle/input/datasets/iamsouravbanerjee/indian-food-images-dataset/Indian Food Images/Indian Food Images/aloo_shimla_mirch/1ec7dd6b5e.jpg,4,aloo_shimla_mirch,train
/kaggle/input/datasets/iamsouravbanerjee/indian-food-images-dataset/Indian Food Images/Indian Food Images/aloo_shimla_mirch/1f2d66c175.jpg,4,aloo_shimla_mirch,train
/kaggle/input/datasets/iamsouravbanerjee/indian-food-images-dataset/Indian Food Images/Indian Food Images/aloo_shimla_mirch/20abd26e2f.jpg,4,aloo_shimla_mirch,train
/kaggle/input/datasets/iamsouravbanerjee/indian-food-images-dataset/Indian Food Images/Indian Food Images/aloo_shimla_mirch/26de0a0e37.jpg,4,aloo_shimla_mirch,train
/kaggle/input/datasets/iamsouravbanerjee/indian-food-images-dataset/Indian Food Images/Indian Food Images/aloo_shimla_mirch/26f04a3d85.jpg,4,aloo_shimla_mirch,train
/kaggle/input/datasets/iamsouravbanerjee/indian-food-images-dataset/Indian Food Images/Indian Food Images/aloo_shimla_mirch/29bd94d633.jpg,4,aloo_shimla_mirch,train
/kaggle/input/datasets/iamsouravbanerjee/indian-food-images-dataset/Indian Food Images/Indian Food Images/aloo_shimla_mirch/2a66b30176.jpg,4,aloo_shimla_mirch,train
/kaggle/input/datasets/iamsouravbanerjee/indian-food-images-dataset/Indian Food Images/Indian Food Images/aloo_shimla_mirch/2c3eb19b7d.jpg,4,aloo_shimla_mirch,train
/kaggle/input/datasets/iamsouravbanerjee/indian-food-images-dataset/Indian Food Images/Indian Food Images/aloo_shimla_mirch/2cd1fa8979.jpg,4,aloo_shimla_mirch,train
/kaggle/input/datasets/iamsouravbanerjee/indian-food-images-dataset/Indian Food Images/Indian Food Images/aloo_shimla_mirch/35c0a2cf96.jpg,4,aloo_shimla_mirch,train
/kaggle/input/datasets/iamsouravbanerjee/indian-food-images-dataset/Indian Food Images/Indian Food Images/aloo_shimla_mirch/35ef94c216.jpg,4,aloo_shimla_mirch,train
/kaggle/input/datasets/iamsouravbanerjee/indian-food-images-dataset/Indian Food Images/Indian Food Images/aloo_shimla_mirch/36d3128094.jpg,4,aloo_shimla_mirch,train
/kaggle/input/datasets/iamsouravbanerjee/indian-food-images-dataset/Indian Food Images/Indian Food Images/aloo_shimla_mirch/3ce4fd46bc.jpg,4,aloo_shimla_mirch,train
/kaggle/input/datasets/iamsouravbanerjee/indian-food-images-dataset/Indian Food Images/Indian Food Images/aloo_shimla_mirch/3e6ab297bb.jpg,4,aloo_shimla_mirch,train
/kaggle/input/datasets/iamsouravbanerjee/indian-food-images-dataset/Indian Food Images/Indian Food Images/aloo_shimla_mirch/49af76e834.jpg,4,aloo_shimla_mirch,train
/kaggle/input/datasets/iamsouravbanerjee/indian-food-images-dataset/Indian Food Images/Indian Food Images/aloo_shimla_mirch/4c8c086d0f.jpg,4,aloo_shimla_mirch,train
/kaggle/input/datasets/iamsouravbanerjee/indian-food-images-dataset/Indian Food Images/Indian Food Images/aloo_shimla_mirch/4cf3d6ada5.jpg,4,aloo_shimla_mirch,train
/kaggle/input/datasets/iamsouravbanerjee/indian-food-images-dataset/Indian Food Images/Indian Food Images/aloo_shimla_mirch/4e692daa50.jpg,4,aloo_shimla_mirch,train
/kaggle/input/datasets/iamsouravbanerjee/indian-food-images-dataset/Indian Food Images/Indian Food Images/aloo_shimla_mirch/56a2353d92.jpg,4,aloo_shimla_mirch,train
/kaggle/input/datasets/iamsouravbanerjee/indian-food-images-dataset/Indian Food Images/Indian Food Images/aloo_shimla_mirch/58deddc98d.jpg,4,aloo_shimla_mirch,train
/kaggle/input/datasets/iamsouravbanerjee/indian-food-images-dataset/Indian Food Images/Indian Food Images/aloo_shimla_mirch/5d8052f0d3.jpg,4,aloo_shimla_mirch,train
/kaggle/input/datasets/iamsouravbanerjee/indian-food-images-dataset/Indian Food Images/Indian Food Images/aloo_shimla_mirch/62b50034b3.jpg,4,aloo_shimla_mirch,train
/kaggle/input/datasets/iamsouravbanerjee/indian-food-images-dataset/Indian Food Images/Indian Food Images/aloo_shimla_mirch/6a883ced3e.jpg,4,aloo_shimla_mirch,train
/kaggle/input/datasets/iamsouravbanerjee/indian-food-images-dataset/Indian Food Images/Indian Food Images/aloo_shimla_mirch/6af6f4dfe9.jpg,4,aloo_shimla_mirch,train
/kaggle/input/datasets/iamsouravbanerjee/indian-food-images-dataset/Indian Food Images/Indian Food Images/aloo_shimla_mirch/6b243b6acc.jpg,4,aloo_shimla_mirch,train
/kaggle/input/datasets/iamsouravbanerjee/indian-food-images-dataset/Indian Food Images/Indian Food Images/aloo_tikki/004bd4d6cd.jpg,5,aloo_tikki,train
/kaggle/input/datasets/iamsouravbanerjee/indian-food-images-dataset/Indian Food Images/Indian Food Images/aloo_tikki/03b0fedc34.jpg,5,aloo_tikki,train
/kaggle/input/datasets/iamsouravbanerjee/indian-food-images-dataset/Indian Food Images/Indian Food Images/aloo_tikki/11c8d61025.jpg,5,aloo_tikki,train
/kaggle/input/datasets/iamsouravbanerjee/indian-food-images-dataset/Indian Food Images/Indian Food Images/aloo_tikki/11da917821.jpg,5,aloo_tikki,train
/kaggle/input/datasets/iamsouravbanerjee/indian-food-images-dataset/Indian Food Images/Indian Food Images/aloo_tikki/14a0a9e2e6.jpg,5,aloo_tikki,train
/kaggle/input/datasets/iamsouravbanerjee/indian-food-images-dataset/Indian Food Images/Indian Food Images/aloo_tikki/16bcf1d5b8.jpg,5,aloo_tikki,train
/kaggle/input/datasets/iamsouravbanerjee/indian-food-images-dataset/Indian Food Images/Indian Food Images/aloo_tikki/17ac518dc6.jpg,5,aloo_tikki,train
/kaggle/input/datasets/iamsouravbanerjee/indian-food-images-dataset/Indian Food Images/Indian Food Images/aloo_tikki/1ae2362cff.jpg,5,aloo_tikki,train
/kaggle/input/datasets/iamsouravbanerjee/indian-food-images-dataset/Indian Food Images/Indian Food Images/aloo_tikki/1d825896d3.jpg,5,aloo_tikki,train
/kaggle/input/datasets/iamsouravbanerjee/indian-food-images-dataset/Indian Food Images/Indian Food Images/aloo_tikki/1dbb376e65.jpg,5,aloo_tikki,train
/kaggle/input/datasets/iamsouravbanerjee/indian-food-images-dataset/Indian Food Images/Indian Food Images/aloo_tikki/1e00272870.jpg,5,aloo_tikki,train
/kaggle/input/datasets/iamsouravbanerjee/indian-food-images-dataset/Indian Food Images/Indian Food Images/aloo_tikki/1f6472d8be.jpg,5,aloo_tikki,train
/kaggle/input/datasets/iamsouravbanerjee/indian-food-images-dataset/Indian Food Images/Indian Food Images/aloo_tikki/21d8d67b04.jpg,5,aloo_tikki,train
/kaggle/input/datasets/iamsouravbanerjee/indian-food-images-dataset/Indian Food Images/Indian Food Images/aloo_tikki/23b46d3513.jpg,5,aloo_tikki,train
/kaggle/input/datasets/iamsouravbanerjee/indian-food-images-dataset/Indian Food Images/Indian Food Images/aloo_tikki/26b97dc697.jpg,5,aloo_tikki,train
/kaggle/input/datasets/iamsouravbanerjee/indian-food-images-dataset/Indian Food Images/Indian Food Images/aloo_tikki/26dba0dd81.jpg,5,aloo_tikki,train
/kaggle/input/datasets/iamsouravbanerjee/indian-food-images-dataset/Indian Food Images/Indian Food Images/aloo_tikki/29e32bdf3b.jpg,5,aloo_tikki,train
/kaggle/input/datasets/iamsouravbanerjee/indian-food-images-dataset/Indian Food Images/Indian Food Images/aloo_tikki/2a2944e670.jpg,5,aloo_tikki,train
/kaggle/input/datasets/iamsouravbanerjee/indian-food-images-dataset/Indian Food Images/Indian Food Images/aloo_tikki/2bc7391acb.jpg,5,aloo_tikki,train
/kaggle/input/datasets/iamsouravbanerjee/indian-food-images-dataset/Indian Food Images/Indian Food Images/aloo_tikki/2c09787601.jpg,5,aloo_tikki,train
/kaggle/input/datasets/iamsouravbanerjee/indian-food-images-dataset/Indian Food Images/Indian Food Images/aloo_tikki/2c7eab292d.jpg,5,aloo_tikki,train
/kaggle/input/datasets/iamsouravbanerjee/indian-food-images-dataset/Indian Food Images/Indian Food Images/aloo_tikki/2cb4df3a6a.jpg,5,aloo_tikki,train
/kaggle/input/datasets/iamsouravbanerjee/indian-food-images-dataset/Indian Food Images/Indian Food Images/aloo_tikki/2e9b9ec2a7.jpg,5,aloo_tikki,train
/kaggle/input/datasets/iamsouravbanerjee/indian-food-images-dataset/Indian Food Images/Indian Food Images/aloo_tikki/2f072aa30b.jpg,5,aloo_tikki,train
/kaggle/input/datasets/iamsouravbanerjee/indian-food-images-dataset/Indian Food Images/Indian Food Images/aloo_tikki/33ec1ae1fe.jpg,5,aloo_tikki,train
/kaggle/input/datasets/iamsouravbanerjee/indian-food-images-dataset/Indian Food Images/Indian Food Images/aloo_tikki/3abfca97d1.jpg,5,aloo_tikki,train
/kaggle/input/datasets/iamsouravbanerjee/indian-food-images-dataset/Indian Food Images/Indian Food Images/aloo_tikki/3be53b71ca.jpg,5,aloo_tikki,train
/kaggle/input/datasets/iamsouravbanerjee/indian-food-images-dataset/Indian Food Images/Indian Food Images/aloo_tikki/44ce6ce2dc.jpg,5,aloo_tikki,train
/kaggle/input/datasets/iamsouravbanerjee/indian-food-images-dataset/Indian Food Images/Indian Food Images/aloo_tikki/4bb6bb23de.jpg,5,aloo_tikki,train
/kaggle/input/datasets/iamsouravbanerjee/indian-food-images-dataset/Indian Food Images/Indian Food Images/aloo_tikki/4eb99cdf90.jpg,5,aloo_tikki,train
/kaggle/input/datasets/iamsouravbanerjee/indian-food-images-dataset/Indian Food Images/Indian Food Images/aloo_tikki/50ec66e090.jpg,5,aloo_tikki,train
/kaggle/input/datasets/iamsouravbanerjee/indian-food-images-dataset/Indian Food Images/Indian Food Images/aloo_tikki/54c815005f.jpg,5,aloo_tikki,train
/kaggle/input/datasets/iamsouravbanerjee/indian-food-images-dataset/Indian Food Images/Indian Food Images/aloo_tikki/58d9036046.jpg,5,aloo_tikki,train
/kaggle/input/datasets/iamsouravbanerjee/indian-food-images-dataset/Indian Food Images/Indian Food Images/aloo_tikki/5c64ff30af.jpg,5,aloo_tikki,train
/kaggle/input/datasets/iamsouravbanerjee/indian-food-images-dataset/Indian Food Images/Indian Food Images/aloo_tikki/5f4bd15aa6.jpg,5,aloo_tikki,train
/kaggle/input/datasets/iamsouravbanerjee/indian-food-images-dataset/Indian Food Images/Indian Food Images/anarsa/08d5d2be70.jpg,6,anarsa,train
/kaggle/input/datasets/iamsouravbanerjee/indian-food-images-dataset/Indian Food Images/Indian Food Images/anarsa/0a1d7d085c.jpg,6,anarsa,train
/kaggle/input/datasets/iamsouravbanerjee/indian-food-images-dataset/Indian Food Images/Indian Food Images/anarsa/0b3026c349.jpg,6,anarsa,train
/kaggle/input/datasets/iamsouravbanerjee/indian-food-images-dataset/Indian Food Images/Indian Food Images/anarsa/0b9a4d0ea8.jpg,6,anarsa,train
/kaggle/input/datasets/iamsouravbanerjee/indian-food-images-dataset/Indian Food Images/Indian Food Images/anarsa/0f964b310f.jpg,6,anarsa,train
/kaggle/input/datasets/iamsouravbanerjee/indian-food-images-dataset/Indian Food Images/Indian Food Images/anarsa/15b99a14c3.jpg,6,anarsa,train
/kaggle/input/datasets/iamsouravbanerjee/indian-food-images-dataset/Indian Food Images/Indian Food Images/anarsa/19e9391328.jpg,6,anarsa,train
/kaggle/input/datasets/iamsouravbanerjee/indian-food-images-dataset/Indian Food Images/Indian Food Images/anarsa/1c5af2c89c.jpg,6,anarsa,train
/kaggle/input/datasets/iamsouravbanerjee/indian-food-images-dataset/Indian Food Images/Indian Food Images/anarsa/1e6623ddfb.jpg,6,anarsa,train
/kaggle/input/datasets/iamsouravbanerjee/indian-food-images-dataset/Indian Food Images/Indian Food Images/anarsa/1f2cc8da58.jpg,6,anarsa,train
/kaggle/input/datasets/iamsouravbanerjee/indian-food-images-dataset/Indian Food Images/Indian Food Images/anarsa/2a3fea2107.jpg,6,anarsa,train
/kaggle/input/datasets/iamsouravbanerjee/indian-food-images-dataset/Indian Food Images/Indian Food Images/anarsa/2a667719d6.jpg,6,anarsa,train
/kaggle/input/datasets/iamsouravbanerjee/indian-food-images-dataset/Indian Food Images/Indian Food Images/anarsa/2bf44d9f27.jpg,6,anarsa,train
/kaggle/input/datasets/iamsouravbanerjee/indian-food-images-dataset/Indian Food Images/Indian Food Images/anarsa/2d5317d3d7.jpg,6,anarsa,train
/kaggle/input/datasets/iamsouravbanerjee/indian-food-images-dataset/Indian Food Images/Indian Food Images/anarsa/2d6823df8f.jpg,6,anarsa,train
/kaggle/input/datasets/iamsouravbanerjee/indian-food-images-dataset/Indian Food Images/Indian Food Images/anarsa/2e2b1fc3ef.jpg,6,anarsa,train
/kaggle/input/datasets/iamsouravbanerjee/indian-food-images-dataset/Indian Food Images/Indian Food Images/anarsa/3b2423109c.jpg,6,anarsa,train
/kaggle/input/datasets/iamsouravbanerjee/indian-food-images-dataset/Indian Food Images/Indian Food Images/anarsa/3c222dedb7.jpg,6,anarsa,train
/kaggle/input/datasets/iamsouravbanerjee/indian-food-images-dataset/Indian Food Images/Indian Food Images/anarsa/4a6fadbe8f.jpg,6,anarsa,train
/kaggle/input/datasets/iamsouravbanerjee/indian-food-images-dataset/Indian Food Images/Indian Food Images/anarsa/4b8a4e7da7.jpg,6,anarsa,train
/kaggle/input/datasets/iamsouravbanerjee/indian-food-images-dataset/Indian Food Images/Indian Food Images/anarsa/4be6e630c3.jpg,6,anarsa,train
/kaggle/input/datasets/iamsouravbanerjee/indian-food-images-dataset/Indian Food Images/Indian Food Images/anarsa/4ce846d106.jpg,6,anarsa,train
/kaggle/input/datasets/iamsouravbanerjee/indian-food-images-dataset/Indian Food Images/Indian Food Images/anarsa/4cfef304e0.jpg,6,anarsa,train
/kaggle/input/datasets/iamsouravbanerjee/indian-food-images-dataset/Indian Food Images/Indian Food Images/anarsa/4d492d90ce.jpg,6,anarsa,train
/kaggle/input/datasets/iamsouravbanerjee/indian-food-images-dataset/Indian Food Images/Indian Food Images/anarsa/4dd5ccddce.jpg,6,anarsa,train
/kaggle/input/datasets/iamsouravbanerjee/indian-food-images-dataset/Indian Food Images/Indian Food Images/anarsa/4f1b1e5bff.jpg,6,anarsa,train
/kaggle/input/datasets/iamsouravbanerjee/indian-food-images-dataset/Indian Food Images/Indian Food Images/anarsa/5b789d408c.jpg,6,anarsa,train
/kaggle/input/datasets/iamsouravbanerjee/indian-food-images-dataset/Indian Food Images/Indian Food Images/anarsa/5c2b11b7fd.jpg,6,anarsa,train
/kaggle/input/datasets/iamsouravbanerjee/indian-food-images-dataset/Indian Food Images/Indian Food Images/anarsa/5fa2d6663e.jpg,6,anarsa,train
/kaggle/input/datasets/iamsouravbanerjee/indian-food-images-dataset/Indian Food Images/Indian Food Images/anarsa/6b1186175c.jpg,6,anarsa,train
/kaggle/input/datasets/iamsouravbanerjee/indian-food-images-dataset/Indian Food Images/Indian Food Images/anarsa/6ea0975860.jpg,6,anarsa,train
/kaggle/input/datasets/iamsouravbanerjee/indian-food-images-dataset/Indian Food Images/Indian Food Images/anarsa/6fb51f38d5.jpg,6,anarsa,train
/kaggle/input/datasets/iamsouravbanerjee/indian-food-images-dataset/Indian Food Images/Indian Food Images/anarsa/7a00e0bc6f.jpg,6,anarsa,train
/kaggle/input/datasets/iamsouravbanerjee/indian-food-images-dataset/Indian Food Images/Indian Food Images/anarsa/7a149db8d2.jpg,6,anarsa,train
/kaggle/input/datasets/iamsouravbanerjee/indian-food-images-dataset/Indian Food Images/Indian Food Images/anarsa/7b43d28e95.jpg,6,anarsa,train
/kaggle/input/datasets/iamsouravbanerjee/indian-food-images-dataset/Indian Food Images/Indian Food Images/ariselu/000c3b0a6a.jpg,7,ariselu,train
/kaggle/input/datasets/iamsouravbanerjee/indian-food-images-dataset/Indian Food Images/Indian Food Images/ariselu/007c4a2229.jpg,7,ariselu,train
/kaggle/input/datasets/iamsouravbanerjee/indian-food-images-dataset/Indian Food Images/Indian Food Images/ariselu/00a5324fe8.jpg,7,ariselu,train
/kaggle/input/datasets/iamsouravbanerjee/indian-food-images-dataset/Indian Food Images/Indian Food Images/ariselu/00dd586fe7.jpg,7,ariselu,train
/kaggle/input/datasets/iamsouravbanerjee/indian-food-images-dataset/Indian Food Images/Indian Food Images/ariselu/01e889cf43.jpg,7,ariselu,train
/kaggle/input/datasets/iamsouravbanerjee/indian-food-images-dataset/Indian Food Images/Indian Food Images/ariselu/02f2e49039.jpg,7,ariselu,train
/kaggle/input/datasets/iamsouravbanerjee/indian-food-images-dataset/Indian Food Images/Indian Food Images/ariselu/0b8538cf60.jpg,7,ariselu,train
/kaggle/input/datasets/iamsouravbanerjee/indian-food-images-dataset/Indian Food Images/Indian Food Images/ariselu/0bcca9f997.jpg,7,ariselu,train
/kaggle/input/datasets/iamsouravbanerjee/indian-food-images-dataset/Indian Food Images/Indian Food Images/ariselu/10a489e736.jpg,7,ariselu,train
/kaggle/input/datasets/iamsouravbanerjee/indian-food-images-dataset/Indian Food Images/Indian Food Images/ariselu/11cdc433bf.jpg,7,ariselu,train
/kaggle/input/datasets/iamsouravbanerjee/indian-food-images-dataset/Indian Food Images/Indian Food Images/ariselu/18e767b912.jpg,7,ariselu,train
/kaggle/input/datasets/iamsouravbanerjee/indian-food-images-dataset/Indian Food Images/Indian Food Images/ariselu/19d035e698.jpg,7,ariselu,train
/kaggle/input/datasets/iamsouravbanerjee/indian-food-images-dataset/Indian Food Images/Indian Food Images/ariselu/1a85553f3a.jpg,7,ariselu,train
/kaggle/input/datasets/iamsouravbanerjee/indian-food-images-dataset/Indian Food Images/Indian Food Images/ariselu/1e734cc797.jpg,7,ariselu,train
/kaggle/input/datasets/iamsouravbanerjee/indian-food-images-dataset/Indian Food Images/Indian Food Images/ariselu/2bbff54710.jpg,7,ariselu,train
/kaggle/input/datasets/iamsouravbanerjee/indian-food-images-dataset/Indian Food Images/Indian Food Images/ariselu/2d649b9126.jpg,7,ariselu,train
/kaggle/input/datasets/iamsouravbanerjee/indian-food-images-dataset/Indian Food Images/Indian Food Images/ariselu/2f1576de9d.jpg,7,ariselu,train
/kaggle/input/datasets/iamsouravbanerjee/indian-food-images-dataset/Indian Food Images/Indian Food Images/ariselu/2f98cadba7.jpg,7,ariselu,train
/kaggle/input/datasets/iamsouravbanerjee/indian-food-images-dataset/Indian Food Images/Indian Food Images/ariselu/34a12765a3.jpg,7,ariselu,train
/kaggle/input/datasets/iamsouravbanerjee/indian-food-images-dataset/Indian Food Images/Indian Food Images/ariselu/37ecd7b6f8.jpg,7,ariselu,train
/kaggle/input/datasets/iamsouravbanerjee/indian-food-images-dataset/Indian Food Images/Indian Food Images/ariselu/3e4a0df5f9.jpg,7,ariselu,train
/kaggle/input/datasets/iamsouravbanerjee/indian-food-images-dataset/Indian Food Images/Indian Food Images/ariselu/3fb1cc25a3.jpg,7,ariselu,train
/kaggle/input/datasets/iamsouravbanerjee/indian-food-images-dataset/Indian Food Images/Indian Food Images/ariselu/42c26c6c89.jpg,7,ariselu,train
/kaggle/input/datasets/iamsouravbanerjee/indian-food-images-dataset/Indian Food Images/Indian Food Images/ariselu/43e52e24c7.jpg,7,ariselu,train
/kaggle/input/datasets/iamsouravbanerjee/indian-food-images-dataset/Indian Food Images/Indian Food Images/ariselu/46a79ca929.jpg,7,ariselu,train
/kaggle/input/datasets/iamsouravbanerjee/indian-food-images-dataset/Indian Food Images/Indian Food Images/ariselu/4ba54c8c49.jpg,7,ariselu,train
/kaggle/input/datasets/iamsouravbanerjee/indian-food-images-dataset/Indian Food Images/Indian Food Images/ariselu/4de960d2c6.jpg,7,ariselu,train
/kaggle/input/datasets/iamsouravbanerjee/indian-food-images-dataset/Indian Food Images/Indian Food Images/ariselu/4e61073867.jpg,7,ariselu,train
/kaggle/input/datasets/iamsouravbanerjee/indian-food-images-dataset/Indian Food Images/Indian Food Images/ariselu/51e3c28cdb.jpg,7,ariselu,train
/kaggle/input/datasets/iamsouravbanerjee/indian-food-images-dataset/Indian Food Images/Indian Food Images/ariselu/5b33956121.jpg,7,ariselu,train
/kaggle/input/datasets/iamsouravbanerjee/indian-food-images-dataset/Indian Food Images/Indian Food Images/ariselu/5b7fb069e4.jpg,7,ariselu,train
/kaggle/input/datasets/iamsouravbanerjee/indian-food-images-dataset/Indian Food Images/Indian Food Images/ariselu/5cd0548db4.jpg,7,ariselu,train
/kaggle/input/datasets/iamsouravbanerjee/indian-food-images-dataset/Indian Food Images/Indian Food Images/ariselu/5cd5b49a27.jpg,7,ariselu,train
/kaggle/input/datasets/iamsouravbanerjee/indian-food-images-dataset/Indian Food Images/Indian Food Images/ariselu/5d453d225b.jpg,7,ariselu,train
/kaggle/input/datasets/iamsouravbanerjee/indian-food-images-dataset/Indian Food Images/Indian Food Images/ariselu/61e6d657be.jpg,7,ariselu,train
/kaggle/input/datasets/iamsouravbanerjee/indian-food-images-dataset/Indian Food Images/Indian Food Images/bandar_laddu/07efe89327.jpg,8,bandar_laddu,train
/kaggle/input/datasets/iamsouravbanerjee/indian-food-images-dataset/Indian Food Images/Indian Food Images/bandar_laddu/0aaf6f0409.jpg,8,bandar_laddu,train
/kaggle/input/datasets/iamsouravbanerjee/indian-food-images-dataset/Indian Food Images/Indian Food Images/bandar_laddu/0b5ed70271.jpg,8,bandar_laddu,train
/kaggle/input/datasets/iamsouravbanerjee/indian-food-images-dataset/Indian Food Images/Indian Food Images/bandar_laddu/0b7aea5fad.jpg,8,bandar_laddu,train
/kaggle/input/datasets/iamsouravbanerjee/indian-food-images-dataset/Indian Food Images/Indian Food Images/bandar_laddu/0c4a1135ec.jpg,8,bandar_laddu,train
/kaggle/input/datasets/iamsouravbanerjee/indian-food-images-dataset/Indian Food Images/Indian Food Images/bandar_laddu/11c32385af.jpg,8,bandar_laddu,train
/kaggle/input/datasets/iamsouravbanerjee/indian-food-images-dataset/Indian Food Images/Indian Food Images/bandar_laddu/17d7d185a0.jpg,8,bandar_laddu,train
/kaggle/input/datasets/iamsouravbanerjee/indian-food-images-dataset/Indian Food Images/Indian Food Images/bandar_laddu/1b478b0569.jpg,8,bandar_laddu,train
/kaggle/input/datasets/iamsouravbanerjee/indian-food-images-dataset/Indian Food Images/Indian Food Images/bandar_laddu/1d04f0c080.jpg,8,bandar_laddu,train
/kaggle/input/datasets/iamsouravbanerjee/indian-food-images-dataset/Indian Food Images/Indian Food Images/bandar_laddu/1d9ae560e1.jpg,8,bandar_laddu,train
/kaggle/input/datasets/iamsouravbanerjee/indian-food-images-dataset/Indian Food Images/Indian Food Images/bandar_laddu/1e1c1f1177.jpg,8,bandar_laddu,train
/kaggle/input/datasets/iamsouravbanerjee/indian-food-images-dataset/Indian Food Images/Indian Food Images/bandar_laddu/1f98260713.jpg,8,bandar_laddu,train
/kaggle/input/datasets/iamsouravbanerjee/indian-food-images-dataset/Indian Food Images/Indian Food Images/bandar_laddu/1fec4ea59f.jpg,8,bandar_laddu,train
/kaggle/input/datasets/iamsouravbanerjee/indian-food-images-dataset/Indian Food Images/Indian Food Images/bandar_laddu/1ffe8afc17.jpg,8,bandar_laddu,train
/kaggle/input/datasets/iamsouravbanerjee/indian-food-images-dataset/Indian Food Images/Indian Food Images/bandar_laddu/20baf22064.jpg,8,bandar_laddu,train
/kaggle/input/datasets/iamsouravbanerjee/indian-food-images-dataset/Indian Food Images/Indian Food Images/bandar_laddu/24bac7157c.jpg,8,bandar_laddu,train
/kaggle/input/datasets/iamsouravbanerjee/indian-food-images-dataset/Indian Food Images/Indian Food Images/bandar_laddu/2bbd80dc73.jpg,8,bandar_laddu,train
/kaggle/input/datasets/iamsouravbanerjee/indian-food-images-dataset/Indian Food Images/Indian Food Images/bandar_laddu/34a986f1c6.jpg,8,bandar_laddu,train
/kaggle/input/datasets/iamsouravbanerjee/indian-food-images-dataset/Indian Food Images/Indian Food Images/bandar_laddu/35a55ccaed.jpg,8,bandar_laddu,train
/kaggle/input/datasets/iamsouravbanerjee/indian-food-images-dataset/Indian Food Images/Indian Food Images/bandar_laddu/3bfc4fdc3a.jpg,8,bandar_laddu,train
/kaggle/input/datasets/iamsouravbanerjee/indian-food-images-dataset/Indian Food Images/Indian Food Images/bandar_laddu/3c3008af2e.jpg,8,bandar_laddu,train
/kaggle/input/datasets/iamsouravbanerjee/indian-food-images-dataset/Indian Food Images/Indian Food Images/bandar_laddu/3fc21f079f.jpg,8,bandar_laddu,train
/kaggle/input/datasets/iamsouravbanerjee/indian-food-images-dataset/Indian Food Images/Indian Food Images/bandar_laddu/40f89517ed.jpg,8,bandar_laddu,train
/kaggle/input/datasets/iamsouravbanerjee/indian-food-images-dataset/Indian Food Images/Indian Food Images/bandar_laddu/43a8b4e8d5.jpg,8,bandar_laddu,train
/kaggle/input/datasets/iamsouravbanerjee/indian-food-images-dataset/Indian Food Images/Indian Food Images/bandar_laddu/45b974642b.jpg,8,bandar_laddu,train
/kaggle/input/datasets/iamsouravbanerjee/indian-food-images-dataset/Indian Food Images/Indian Food Images/bandar_laddu/46ebc49090.jpg,8,bandar_laddu,train
/kaggle/input/datasets/iamsouravbanerjee/indian-food-images-dataset/Indian Food Images/Indian Food Images/bandar_laddu/4bfaeea642.jpg,8,bandar_laddu,train
/kaggle/input/datasets/iamsouravbanerjee/indian-food-images-dataset/Indian Food Images/Indian Food Images/bandar_laddu/4d274728d7.jpg,8,bandar_laddu,train
/kaggle/input/datasets/iamsouravbanerjee/indian-food-images-dataset/Indian Food Images/Indian Food Images/bandar_laddu/4d287e3d6d.jpg,8,bandar_laddu,train
/kaggle/input/datasets/iamsouravbanerjee/indian-food-images-dataset/Indian Food Images/Indian Food Images/bandar_laddu/4f1a1f6f98.jpg,8,bandar_laddu,train
/kaggle/input/datasets/iamsouravbanerjee/indian-food-images-dataset/Indian Food Images/Indian Food Images/bandar_laddu/4fc5ebcc81.jpg,8,bandar_laddu,train
/kaggle/input/datasets/iamsouravbanerjee/indian-food-images-dataset/Indian Food Images/Indian Food Images/bandar_laddu/5a081abb3a.jpg,8,bandar_laddu,train
/kaggle/input/datasets/iamsouravbanerjee/indian-food-images-dataset/Indian Food Images/Indian Food Images/bandar_laddu/5c7ec4b6dc.jpg,8,bandar_laddu,train
/kaggle/input/datasets/iamsouravbanerjee/indian-food-images-dataset/Indian Food Images/Indian Food Images/bandar_laddu/5cfdbf5827.jpg,8,bandar_laddu,train
/kaggle/input/datasets/iamsouravbanerjee/indian-food-images-dataset/Indian Food Images/Indian Food Images/bandar_laddu/5d1bf18794.jpg,8,bandar_laddu,train
/kaggle/input/datasets/iamsouravbanerjee/indian-food-images-dataset/Indian Food Images/Indian Food Images/basundi/06e17f49cf.jpg,9,basundi,train
/kaggle/input/datasets/iamsouravbanerjee/indian-food-images-dataset/Indian Food Images/Indian Food Images/basundi/07c8fff646.jpg,9,basundi,train
/kaggle/input/datasets/iamsouravbanerjee/indian-food-images-dataset/Indian Food Images/Indian Food Images/basundi/0aa640e7e9.jpg,9,basundi,train
/kaggle/input/datasets/iamsouravbanerjee/indian-food-images-dataset/Indian Food Images/Indian Food Images/basundi/0b9994480b.jpg,9,basundi,train
/kaggle/input/datasets/iamsouravbanerjee/indian-food-images-dataset/Indian Food Images/Indian Food Images/basundi/11d9442e9b.jpg,9,basundi,train
/kaggle/input/datasets/iamsouravbanerjee/indian-food-images-dataset/Indian Food Images/Indian Food Images/basundi/15ca7940b4.jpg,9,basundi,train
/kaggle/input/datasets/iamsouravbanerjee/indian-food-images-dataset/Indian Food Images/Indian Food Images/basundi/19ef78b83a.jpg,9,basundi,train
/kaggle/input/datasets/iamsouravbanerjee/indian-food-images-dataset/Indian Food Images/Indian Food Images/basundi/1b18f801a2.jpg,9,basundi,train
/kaggle/input/datasets/iamsouravbanerjee/indian-food-images-dataset/Indian Food Images/Indian Food Images/basundi/1b5244073f.jpg,9,basundi,train
/kaggle/input/datasets/iamsouravbanerjee/indian-food-images-dataset/Indian Food Images/Indian Food Images/basundi/28ac202c97.jpg,9,basundi,train
/kaggle/input/datasets/iamsouravbanerjee/indian-food-images-dataset/Indian Food Images/Indian Food Images/basundi/2c4ffd1cd9.jpg,9,basundi,train
/kaggle/input/datasets/iamsouravbanerjee/indian-food-images-dataset/Indian Food Images/Indian Food Images/basundi/2c94643610.jpg,9,basundi,train
/kaggle/input/datasets/iamsouravbanerjee/indian-food-images-dataset/Indian Food Images/Indian Food Images/basundi/2cca354366.jpg,9,basundi,train
/kaggle/input/datasets/iamsouravbanerjee/indian-food-images-dataset/Indian Food Images/Indian Food Images/basundi/2cd09a2e29.jpg,9,basundi,train
/kaggle/input/datasets/iamsouravbanerjee/indian-food-images-dataset/Indian Food Images/Indian Food Images/basundi/2eba715182.jpg,9,basundi,train
/kaggle/input/datasets/iamsouravbanerjee/indian-food-images-dataset/Indian Food Images/Indian Food Images/basundi/2f88194623.jpg,9,basundi,train
/kaggle/input/datasets/iamsouravbanerjee/indian-food-images-dataset/Indian Food Images/Indian Food Images/basundi/30d70456b7.jpg,9,basundi,train
/kaggle/input/datasets/iamsouravbanerjee/indian-food-images-dataset/Indian Food Images/Indian Food Images/basundi/34f9285d55.jpg,9,basundi,train
/kaggle/input/datasets/iamsouravbanerjee/indian-food-images-dataset/Indian Food Images/Indian Food Images/basundi/3af89bf6e8.jpg,9,basundi,train
/kaggle/input/datasets/iamsouravbanerjee/indian-food-images-dataset/Indian Food Images/Indian Food Images/basundi/3bf6f9808b.jpg,9,basundi,train
/kaggle/input/datasets/iamsouravbanerjee/indian-food-images-dataset/Indian Food Images/Indian Food Images/basundi/3f6c5531b8.jpg,9,basundi,train
/kaggle/input/datasets/iamsouravbanerjee/indian-food-images-dataset/Indian Food Images/Indian Food Images/basundi/3f95d28db6.jpg,9,basundi,train
/kaggle/input/datasets/iamsouravbanerjee/indian-food-images-dataset/Indian Food Images/Indian Food Images/basundi/3feb521725.jpg,9,basundi,train
/kaggle/input/datasets/iamsouravbanerjee/indian-food-images-dataset/Indian Food Images/Indian Food Images/basundi/40bb9d5e12.jpg,9,basundi,train
/kaggle/input/datasets/iamsouravbanerjee/indian-food-images-dataset/Indian Food Images/Indian Food Images/basundi/47b70b293e.jpg,9,basundi,train
/kaggle/input/datasets/iamsouravbanerjee/indian-food-images-dataset/Indian Food Images/Indian Food Images/basundi/4a17bf7777.jpg,9,basundi,train
/kaggle/input/datasets/iamsouravbanerjee/indian-food-images-dataset/Indian Food Images/Indian Food Images/basundi/4ff74ddd31.jpg,9,basundi,train
/kaggle/input/datasets/iamsouravbanerjee/indian-food-images-dataset/Indian Food Images/Indian Food Images/basundi/50d65510c5.jpg,9,basundi,train
/kaggle/input/datasets/iamsouravbanerjee/indian-food-images-dataset/Indian Food Images/Indian Food Images/basundi/52fa0ae6a9.jpg,9,basundi,train
/kaggle/input/datasets/iamsouravbanerjee/indian-food-images-dataset/Indian Food Images/Indian Food Images/basundi/5b1ca61db2.jpg,9,basundi,train
/kaggle/input/datasets/iamsouravbanerjee/indian-food-images-dataset/Indian Food Images/Indian Food Images/basundi/5b4b01279d.jpg,9,basundi,train
/kaggle/input/datasets/iamsouravbanerjee/indian-food-images-dataset/Indian Food Images/Indian Food Images/basundi/5de688d670.jpg,9,basundi,train
/kaggle/input/datasets/iamsouravbanerjee/indian-food-images-dataset/Indian Food Images/Indian Food Images/basundi/5ff5982dff.jpg,9,basundi,train
/kaggle/input/datasets/iamsouravbanerjee/indian-food-images-dataset/Indian Food Images/Indian Food Images/basundi/6c6338276d.jpg,9,basundi,train
/kaggle/input/datasets/iamsouravbanerjee/indian-food-images-dataset/Indian Food Images/Indian Food Images/basundi/6c8138fcc2.jpg,9,basundi,train
/kaggle/input/datasets/iamsouravbanerjee/indian-food-images-dataset/Indian Food Images/Indian Food Images/bhatura/005c62055f.jpg,10,bhatura,train
/kaggle/input/datasets/iamsouravbanerjee/indian-food-images-dataset/Indian Food Images/Indian Food Images/bhatura/016dd09bb1.jpg,10,bhatura,train
/kaggle/input/datasets/iamsouravbanerjee/indian-food-images-dataset/Indian Food Images/Indian Food Images/bhatura/0b3ed8d096.jpg,10,bhatura,train
/kaggle/input/datasets/iamsouravbanerjee/indian-food-images-dataset/Indian Food Images/Indian Food Images/bhatura/0c336b5378.jpg,10,bhatura,train
/kaggle/input/datasets/iamsouravbanerjee/indian-food-images-dataset/Indian Food Images/Indian Food Images/bhatura/0da0ea24b2.jpg,10,bhatura,train
/kaggle/input/datasets/iamsouravbanerjee/indian-food-images-dataset/Indian Food Images/Indian Food Images/bhatura/0e84306e25.jpg,10,bhatura,train
/kaggle/input/datasets/iamsouravbanerjee/indian-food-images-dataset/Indian Food Images/Indian Food Images/bhatura/10e2670c3b.jpg,10,bhatura,train
/kaggle/input/datasets/iamsouravbanerjee/indian-food-images-dataset/Indian Food Images/Indian Food Images/bhatura/14b6125138.jpg,10,bhatura,train
/kaggle/input/datasets/iamsouravbanerjee/indian-food-images-dataset/Indian Food Images/Indian Food Images/bhatura/14fcac8706.jpg,10,bhatura,train
/kaggle/input/datasets/iamsouravbanerjee/indian-food-images-dataset/Indian Food Images/Indian Food Images/bhatura/17afbffe7d.jpg,10,bhatura,train
/kaggle/input/datasets/iamsouravbanerjee/indian-food-images-dataset/Indian Food Images/Indian Food Images/bhatura/18e4d65d85.jpg,10,bhatura,train
/kaggle/input/datasets/iamsouravbanerjee/indian-food-images-dataset/Indian Food Images/Indian Food Images/bhatura/1a1920e559.jpg,10,bhatura,train
/kaggle/input/datasets/iamsouravbanerjee/indian-food-images-dataset/Indian Food Images/Indian Food Images/bhatura/1bb2a0ca01.jpg,10,bhatura,train
/kaggle/input/datasets/iamsouravbanerjee/indian-food-images-dataset/Indian Food Images/Indian Food Images/bhatura/1ce23e9981.jpg,10,bhatura,train
/kaggle/input/datasets/iamsouravbanerjee/indian-food-images-dataset/Indian Food Images/Indian Food Images/bhatura/1ed8f97fe2.jpg,10,bhatura,train
/kaggle/input/datasets/iamsouravbanerjee/indian-food-images-dataset/Indian Food Images/Indian Food Images/bhatura/23c3ce067e.jpg,10,bhatura,train
/kaggle/input/datasets/iamsouravbanerjee/indian-food-images-dataset/Indian Food Images/Indian Food Images/bhatura/24e4bcbbd9.jpg,10,bhatura,train
/kaggle/input/datasets/iamsouravbanerjee/indian-food-images-dataset/Indian Food Images/Indian Food Images/bhatura/25f97b0569.jpg,10,bhatura,train
/kaggle/input/datasets/iamsouravbanerjee/indian-food-images-dataset/Indian Food Images/Indian Food Images/bhatura/26af243f03.jpg,10,bhatura,train
/kaggle/input/datasets/iamsouravbanerjee/indian-food-images-dataset/Indian Food Images/Indian Food Images/bhatura/2b9a862167.jpg,10,bhatura,train
/kaggle/input/datasets/iamsouravbanerjee/indian-food-images-dataset/Indian Food Images/Indian Food Images/bhatura/2ec3c7d2d5.jpg,10,bhatura,train
/kaggle/input/datasets/iamsouravbanerjee/indian-food-images-dataset/Indian Food Images/Indian Food Images/bhatura/3db3e71567.jpg,10,bhatura,train
/kaggle/input/datasets/iamsouravbanerjee/indian-food-images-dataset/Indian Food Images/Indian Food Images/bhatura/3f2be0dce2.jpg,10,bhatura,train
/kaggle/input/datasets/iamsouravbanerjee/indian-food-images-dataset/Indian Food Images/Indian Food Images/bhatura/4a2173df91.jpg,10,bhatura,train
/kaggle/input/datasets/iamsouravbanerjee/indian-food-images-dataset/Indian Food Images/Indian Food Images/bhatura/4bf6c18d87.jpg,10,bhatura,train
/kaggle/input/datasets/iamsouravbanerjee/indian-food-images-dataset/Indian Food Images/Indian Food Images/bhatura/4e052c4c31.jpg,10,bhatura,train
/kaggle/input/datasets/iamsouravbanerjee/indian-food-images-dataset/Indian Food Images/Indian Food Images/bhatura/4fe1f53b08.jpg,10,bhatura,train
/kaggle/input/datasets/iamsouravbanerjee/indian-food-images-dataset/Indian Food Images/Indian Food Images/bhatura/5cbcf3fdae.jpg,10,bhatura,train
/kaggle/input/datasets/iamsouravbanerjee/indian-food-images-dataset/Indian Food Images/Indian Food Images/bhatura/5d49d7fc8c.jpg,10,bhatura,train
/kaggle/input/datasets/iamsouravbanerjee/indian-food-images-dataset/Indian Food Images/Indian Food Images/bhatura/5e5fcfafab.jpg,10,bhatura,train
/kaggle/input/datasets/iamsouravbanerjee/indian-food-images-dataset/Indian Food Images/Indian Food Images/bhatura/5ecb6ad613.jpg,10,bhatura,train
/kaggle/input/datasets/iamsouravbanerjee/indian-food-images-dataset/Indian Food Images/Indian Food Images/bhatura/5f5c3e7090.jpg,10,bhatura,train
/kaggle/input/datasets/iamsouravbanerjee/indian-food-images-dataset/Indian Food Images/Indian Food Images/bhatura/5fa68259c7.jpg,10,bhatura,train
/kaggle/input/datasets/iamsouravbanerjee/indian-food-images-dataset/Indian Food Images/Indian Food Images/bhatura/6b717b959f.jpg,10,bhatura,train
/kaggle/input/datasets/iamsouravbanerjee/indian-food-images-dataset/Indian Food Images/Indian Food Images/bhatura/6b7d6a02b0.jpg,10,bhatura,train
/kaggle/input/datasets/iamsouravbanerjee/indian-food-images-dataset/Indian Food Images/Indian Food Images/bhindi_masala/01eaebcbec.jpg,11,bhindi_masala,train
/kaggle/input/datasets/iamsouravbanerjee/indian-food-images-dataset/Indian Food Images/Indian Food Images/bhindi_masala/06d2073358.jpg,11,bhindi_masala,train
/kaggle/input/datasets/iamsouravbanerjee/indian-food-images-dataset/Indian Food Images/Indian Food Images/bhindi_masala/09ab4b950b.jpg,11,bhindi_masala,train
/kaggle/input/datasets/iamsouravbanerjee/indian-food-images-dataset/Indian Food Images/Indian Food Images/bhindi_masala/0ad2da976e.jpg,11,bhindi_masala,train
/kaggle/input/datasets/iamsouravbanerjee/indian-food-images-dataset/Indian Food Images/Indian Food Images/bhindi_masala/0aff82ae15.jpg,11,bhindi_masala,train
/kaggle/input/datasets/iamsouravbanerjee/indian-food-images-dataset/Indian Food Images/Indian Food Images/bhindi_masala/0b61920a7a.jpg,11,bhindi_masala,train
/kaggle/input/datasets/iamsouravbanerjee/indian-food-images-dataset/Indian Food Images/Indian Food Images/bhindi_masala/0ba897c635.jpg,11,bhindi_masala,train
/kaggle/input/datasets/iamsouravbanerjee/indian-food-images-dataset/Indian Food Images/Indian Food Images/bhindi_masala/0bca32a43c.jpg,11,bhindi_masala,train
/kaggle/input/datasets/iamsouravbanerjee/indian-food-images-dataset/Indian Food Images/Indian Food Images/bhindi_masala/0d7b98db59.jpg,11,bhindi_masala,train
/kaggle/input/datasets/iamsouravbanerjee/indian-food-images-dataset/Indian Food Images/Indian Food Images/bhindi_masala/0d8b6a852c.jpg,11,bhindi_masala,train
/kaggle/input/datasets/iamsouravbanerjee/indian-food-images-dataset/Indian Food Images/Indian Food Images/bhindi_masala/0dd082619b.jpg,11,bhindi_masala,train
/kaggle/input/datasets/iamsouravbanerjee/indian-food-images-dataset/Indian Food Images/Indian Food Images/bhindi_masala/0f179154b5.jpg,11,bhindi_masala,train
/kaggle/input/datasets/iamsouravbanerjee/indian-food-images-dataset/Indian Food Images/Indian Food Images/bhindi_masala/11dd1ab280.jpg,11,bhindi_masala,train
/kaggle/input/datasets/iamsouravbanerjee/indian-food-images-dataset/Indian Food Images/Indian Food Images/bhindi_masala/17bd5d7493.jpg,11,bhindi_masala,train
/kaggle/input/datasets/iamsouravbanerjee/indian-food-images-dataset/Indian Food Images/Indian Food Images/bhindi_masala/1b707637e4.jpg,11,bhindi_masala,train
/kaggle/input/datasets/iamsouravbanerjee/indian-food-images-dataset/Indian Food Images/Indian Food Images/bhindi_masala/1f71179ba6.jpg,11,bhindi_masala,train
/kaggle/input/datasets/iamsouravbanerjee/indian-food-images-dataset/Indian Food Images/Indian Food Images/bhindi_masala/21bda167f0.jpg,11,bhindi_masala,train
/kaggle/input/datasets/iamsouravbanerjee/indian-food-images-dataset/Indian Food Images/Indian Food Images/bhindi_masala/23f644af28.jpg,11,bhindi_masala,train
/kaggle/input/datasets/iamsouravbanerjee/indian-food-images-dataset/Indian Food Images/Indian Food Images/bhindi_masala/2b26a71880.jpg,11,bhindi_masala,train
/kaggle/input/datasets/iamsouravbanerjee/indian-food-images-dataset/Indian Food Images/Indian Food Images/bhindi_masala/2d37c537f0.jpg,11,bhindi_masala,train
/kaggle/input/datasets/iamsouravbanerjee/indian-food-images-dataset/Indian Food Images/Indian Food Images/bhindi_masala/2e34c2526f.jpg,11,bhindi_masala,train
/kaggle/input/datasets/iamsouravbanerjee/indian-food-images-dataset/Indian Food Images/Indian Food Images/bhindi_masala/30eb4cadc8.jpg,11,bhindi_masala,train
/kaggle/input/datasets/iamsouravbanerjee/indian-food-images-dataset/Indian Food Images/Indian Food Images/bhindi_masala/3b90c4f75e.jpg,11,bhindi_masala,train
/kaggle/input/datasets/iamsouravbanerjee/indian-food-images-dataset/Indian Food Images/Indian Food Images/bhindi_masala/3bede0f616.jpg,11,bhindi_masala,train
/kaggle/input/datasets/iamsouravbanerjee/indian-food-images-dataset/Indian Food Images/Indian Food Images/bhindi_masala/3c65b09a7e.jpg,11,bhindi_masala,train
/kaggle/input/datasets/iamsouravbanerjee/indian-food-images-dataset/Indian Food Images/Indian Food Images/bhindi_masala/3d93c477ca.jpg,11,bhindi_masala,train
/kaggle/input/datasets/iamsouravbanerjee/indian-food-images-dataset/Indian Food Images/Indian Food Images/bhindi_masala/3fff4e97d4.jpg,11,bhindi_masala,train
/kaggle/input/datasets/iamsouravbanerjee/indian-food-images-dataset/Indian Food Images/Indian Food Images/bhindi_masala/4cbdca970b.jpg,11,bhindi_masala,train
/kaggle/input/datasets/iamsouravbanerjee/indian-food-images-dataset/Indian Food Images/Indian Food Images/bhindi_masala/5ced6c6553.jpg,11,bhindi_masala,train
/kaggle/input/datasets/iamsouravbanerjee/indian-food-images-dataset/Indian Food Images/Indian Food Images/bhindi_masala/5f6c13abfb.jpg,11,bhindi_masala,train
/kaggle/input/datasets/iamsouravbanerjee/indian-food-images-dataset/Indian Food Images/Indian Food Images/bhindi_masala/6ad7721d3f.jpg,11,bhindi_masala,train
/kaggle/input/datasets/iamsouravbanerjee/indian-food-images-dataset/Indian Food Images/Indian Food Images/bhindi_masala/6bf714b783.jpg,11,bhindi_masala,train
/kaggle/input/datasets/iamsouravbanerjee/indian-food-images-dataset/Indian Food Images/Indian Food Images/bhindi_masala/6e04e0d816.jpg,11,bhindi_masala,train
/kaggle/input/datasets/iamsouravbanerjee/indian-food-images-dataset/Indian Food Images/Indian Food Images/bhindi_masala/6e634babae.jpg,11,bhindi_masala,train
/kaggle/input/datasets/iamsouravbanerjee/indian-food-images-dataset/Indian Food Images/Indian Food Images/bhindi_masala/7edfa5141a.jpg,11,bhindi_masala,train
/kaggle/input/datasets/iamsouravbanerjee/indian-food-images-dataset/Indian Food Images/Indian Food Images/biryani/04d39a92fc.jpg,12,biryani,train
/kaggle/input/datasets/iamsouravbanerjee/indian-food-images-dataset/Indian Food Images/Indian Food Images/biryani/05af7f1839.jpg,12,biryani,train
/kaggle/input/datasets/iamsouravbanerjee/indian-food-images-dataset/Indian Food Images/Indian Food Images/biryani/07ca591901.jpg,12,biryani,train
/kaggle/input/datasets/iamsouravbanerjee/indian-food-images-dataset/Indian Food Images/Indian Food Images/biryani/0d81432b55.jpg,12,biryani,train
/kaggle/input/datasets/iamsouravbanerjee/indian-food-images-dataset/Indian Food Images/Indian Food Images/biryani/0ea582d23a.jpg,12,biryani,train
/kaggle/input/datasets/iamsouravbanerjee/indian-food-images-dataset/Indian Food Images/Indian Food Images/biryani/19a505bf7e.jpg,12,biryani,train
/kaggle/input/datasets/iamsouravbanerjee/indian-food-images-dataset/Indian Food Images/Indian Food Images/biryani/1d60d3a825.jpg,12,biryani,train
/kaggle/input/datasets/iamsouravbanerjee/indian-food-images-dataset/Indian Food Images/Indian Food Images/biryani/21db32c9fa.jpg,12,biryani,train
/kaggle/input/datasets/iamsouravbanerjee/indian-food-images-dataset/Indian Food Images/Indian Food Images/biryani/27ea11efc2.jpg,12,biryani,train
/kaggle/input/datasets/iamsouravbanerjee/indian-food-images-dataset/Indian Food Images/Indian Food Images/biryani/29ff2d4476.jpg,12,biryani,train
/kaggle/input/datasets/iamsouravbanerjee/indian-food-images-dataset/Indian Food Images/Indian Food Images/biryani/2aac25f425.jpg,12,biryani,train
/kaggle/input/datasets/iamsouravbanerjee/indian-food-images-dataset/Indian Food Images/Indian Food Images/biryani/2b37e418dc.jpg,12,biryani,train
/kaggle/input/datasets/iamsouravbanerjee/indian-food-images-dataset/Indian Food Images/Indian Food Images/biryani/2c1d127b21.jpg,12,biryani,train
/kaggle/input/datasets/iamsouravbanerjee/indian-food-images-dataset/Indian Food Images/Indian Food Images/biryani/2dcb82424b.jpg,12,biryani,train
/kaggle/input/datasets/iamsouravbanerjee/indian-food-images-dataset/Indian Food Images/Indian Food Images/biryani/2fe9f5a813.jpg,12,biryani,train
/kaggle/input/datasets/iamsouravbanerjee/indian-food-images-dataset/Indian Food Images/Indian Food Images/biryani/37e594ee51.jpg,12,biryani,train
/kaggle/input/datasets/iamsouravbanerjee/indian-food-images-dataset/Indian Food Images/Indian Food Images/biryani/37fcb715e3.jpg,12,biryani,train
/kaggle/input/datasets/iamsouravbanerjee/indian-food-images-dataset/Indian Food Images/Indian Food Images/biryani/46b318a675.jpg,12,biryani,train
/kaggle/input/datasets/iamsouravbanerjee/indian-food-images-dataset/Indian Food Images/Indian Food Images/biryani/46fab26bdd.jpg,12,biryani,train
/kaggle/input/datasets/iamsouravbanerjee/indian-food-images-dataset/Indian Food Images/Indian Food Images/biryani/49e76d3613.jpg,12,biryani,train
/kaggle/input/datasets/iamsouravbanerjee/indian-food-images-dataset/Indian Food Images/Indian Food Images/biryani/4a7ac94a77.jpg,12,biryani,train
/kaggle/input/datasets/iamsouravbanerjee/indian-food-images-dataset/Indian Food Images/Indian Food Images/biryani/4b34ae210e.jpg,12,biryani,train
/kaggle/input/datasets/iamsouravbanerjee/indian-food-images-dataset/Indian Food Images/Indian Food Images/biryani/4c1a9e1748.jpg,12,biryani,train
/kaggle/input/datasets/iamsouravbanerjee/indian-food-images-dataset/Indian Food Images/Indian Food Images/biryani/4d318a1d0c.jpg,12,biryani,train
/kaggle/input/datasets/iamsouravbanerjee/indian-food-images-dataset/Indian Food Images/Indian Food Images/biryani/4e289b089c.jpg,12,biryani,train
/kaggle/input/datasets/iamsouravbanerjee/indian-food-images-dataset/Indian Food Images/Indian Food Images/biryani/4f8914a4bf.jpg,12,biryani,train
/kaggle/input/datasets/iamsouravbanerjee/indian-food-images-dataset/Indian Food Images/Indian Food Images/biryani/4fc817a1a4.jpg,12,biryani,train
/kaggle/input/datasets/iamsouravbanerjee/indian-food-images-dataset/Indian Food Images/Indian Food Images/biryani/51cd87fe30.jpg,12,biryani,train
/kaggle/input/datasets/iamsouravbanerjee/indian-food-images-dataset/Indian Food Images/Indian Food Images/biryani/52f409a5eb.jpg,12,biryani,train
/kaggle/input/datasets/iamsouravbanerjee/indian-food-images-dataset/Indian Food Images/Indian Food Images/biryani/53c0802181.jpg,12,biryani,train
/kaggle/input/datasets/iamsouravbanerjee/indian-food-images-dataset/Indian Food Images/Indian Food Images/biryani/5a57c96bfc.jpg,12,biryani,train
/kaggle/input/datasets/iamsouravbanerjee/indian-food-images-dataset/Indian Food Images/Indian Food Images/biryani/5aa9621cee.jpg,12,biryani,train
/kaggle/input/datasets/iamsouravbanerjee/indian-food-images-dataset/Indian Food Images/Indian Food Images/biryani/5b489b49c5.jpg,12,biryani,train
/kaggle/input/datasets/iamsouravbanerjee/indian-food-images-dataset/Indian Food Images/Indian Food Images/biryani/5c80c9eead.jpg,12,biryani,train
/kaggle/input/datasets/iamsouravbanerjee/indian-food-images-dataset/Indian Food Images/Indian Food Images/biryani/5d7b92fe3b.jpg,12,biryani,train
/kaggle/input/datasets/iamsouravbanerjee/indian-food-images-dataset/Indian Food Images/Indian Food Images/boondi/009dc5d74c.jpg,13,boondi,train
/kaggle/input/datasets/iamsouravbanerjee/indian-food-images-dataset/Indian Food Images/Indian Food Images/boondi/03ccb4d6aa.jpg,13,boondi,train
/kaggle/input/datasets/iamsouravbanerjee/indian-food-images-dataset/Indian Food Images/Indian Food Images/boondi/04c005d75c.jpg,13,boondi,train
/kaggle/input/datasets/iamsouravbanerjee/indian-food-images-dataset/Indian Food Images/Indian Food Images/boondi/06f4e9553a.jpg,13,boondi,train
/kaggle/input/datasets/iamsouravbanerjee/indian-food-images-dataset/Indian Food Images/Indian Food Images/boondi/09a1f15a59.jpg,13,boondi,train
/kaggle/input/datasets/iamsouravbanerjee/indian-food-images-dataset/Indian Food Images/Indian Food Images/boondi/0ad99f040e.jpg,13,boondi,train
/kaggle/input/datasets/iamsouravbanerjee/indian-food-images-dataset/Indian Food Images/Indian Food Images/boondi/0cc68987ec.jpg,13,boondi,train
/kaggle/input/datasets/iamsouravbanerjee/indian-food-images-dataset/Indian Food Images/Indian Food Images/boondi/0f14f94a16.jpg,13,boondi,train
/kaggle/input/datasets/iamsouravbanerjee/indian-food-images-dataset/Indian Food Images/Indian Food Images/boondi/10d5997860.jpg,13,boondi,train
/kaggle/input/datasets/iamsouravbanerjee/indian-food-images-dataset/Indian Food Images/Indian Food Images/boondi/15cdf709af.jpg,13,boondi,train
/kaggle/input/datasets/iamsouravbanerjee/indian-food-images-dataset/Indian Food Images/Indian Food Images/boondi/1ae410f19e.jpg,13,boondi,train
/kaggle/input/datasets/iamsouravbanerjee/indian-food-images-dataset/Indian Food Images/Indian Food Images/boondi/1cad141df8.jpg,13,boondi,train
/kaggle/input/datasets/iamsouravbanerjee/indian-food-images-dataset/Indian Food Images/Indian Food Images/boondi/1f7ae9c6cf.jpg,13,boondi,train
/kaggle/input/datasets/iamsouravbanerjee/indian-food-images-dataset/Indian Food Images/Indian Food Images/boondi/21feb9bc25.jpg,13,boondi,train
/kaggle/input/datasets/iamsouravbanerjee/indian-food-images-dataset/Indian Food Images/Indian Food Images/boondi/22d0013387.jpg,13,boondi,train
/kaggle/input/datasets/iamsouravbanerjee/indian-food-images-dataset/Indian Food Images/Indian Food Images/boondi/2b246cfea4.jpg,13,boondi,train
/kaggle/input/datasets/iamsouravbanerjee/indian-food-images-dataset/Indian Food Images/Indian Food Images/boondi/2b2781feea.jpg,13,boondi,train
/kaggle/input/datasets/iamsouravbanerjee/indian-food-images-dataset/Indian Food Images/Indian Food Images/boondi/2dff59f5e6.jpg,13,boondi,train
/kaggle/input/datasets/iamsouravbanerjee/indian-food-images-dataset/Indian Food Images/Indian Food Images/boondi/2f7c7724b0.jpg,13,boondi,train
/kaggle/input/datasets/iamsouravbanerjee/indian-food-images-dataset/Indian Food Images/Indian Food Images/boondi/2fe3737e74.jpg,13,boondi,train
/kaggle/input/datasets/iamsouravbanerjee/indian-food-images-dataset/Indian Food Images/Indian Food Images/boondi/31fedacc50.jpg,13,boondi,train
/kaggle/input/datasets/iamsouravbanerjee/indian-food-images-dataset/Indian Food Images/Indian Food Images/boondi/33e8186a5b.jpg,13,boondi,train
/kaggle/input/datasets/iamsouravbanerjee/indian-food-images-dataset/Indian Food Images/Indian Food Images/boondi/3ad08e2b9b.jpg,13,boondi,train
/kaggle/input/datasets/iamsouravbanerjee/indian-food-images-dataset/Indian Food Images/Indian Food Images/boondi/3c67ce6fff.jpg,13,boondi,train
/kaggle/input/datasets/iamsouravbanerjee/indian-food-images-dataset/Indian Food Images/Indian Food Images/boondi/4a7a190d2a.jpg,13,boondi,train
/kaggle/input/datasets/iamsouravbanerjee/indian-food-images-dataset/Indian Food Images/Indian Food Images/boondi/4b37a397df.jpg,13,boondi,train
/kaggle/input/datasets/iamsouravbanerjee/indian-food-images-dataset/Indian Food Images/Indian Food Images/boondi/4bcaf8395a.jpg,13,boondi,train
/kaggle/input/datasets/iamsouravbanerjee/indian-food-images-dataset/Indian Food Images/Indian Food Images/boondi/4c5e12452f.jpg,13,boondi,train
/kaggle/input/datasets/iamsouravbanerjee/indian-food-images-dataset/Indian Food Images/Indian Food Images/boondi/4c60b8d478.jpg,13,boondi,train
/kaggle/input/datasets/iamsouravbanerjee/indian-food-images-dataset/Indian Food Images/Indian Food Images/boondi/4d487133c0.jpg,13,boondi,train
/kaggle/input/datasets/iamsouravbanerjee/indian-food-images-dataset/Indian Food Images/Indian Food Images/boondi/4ff96f7a0d.jpg,13,boondi,train
/kaggle/input/datasets/iamsouravbanerjee/indian-food-images-dataset/Indian Food Images/Indian Food Images/boondi/5a2531ebff.jpg,13,boondi,train
/kaggle/input/datasets/iamsouravbanerjee/indian-food-images-dataset/Indian Food Images/Indian Food Images/boondi/5b5e46b468.jpg,13,boondi,train
/kaggle/input/datasets/iamsouravbanerjee/indian-food-images-dataset/Indian Food Images/Indian Food Images/boondi/5bf67c324a.jpg,13,boondi,train
/kaggle/input/datasets/iamsouravbanerjee/indian-food-images-dataset/Indian Food Images/Indian Food Images/boondi/5fb2fdb3f9.jpg,13,boondi,train
/kaggle/input/datasets/iamsouravbanerjee/indian-food-images-dataset/Indian Food Images/Indian Food Images/butter_chicken/00a258a357.jpg,14,butter_chicken,train
/kaggle/input/datasets/iamsouravbanerjee/indian-food-images-dataset/Indian Food Images/Indian Food Images/butter_chicken/03b22cbe13.jpg,14,butter_chicken,train
/kaggle/input/datasets/iamsouravbanerjee/indian-food-images-dataset/Indian Food Images/Indian Food Images/butter_chicken/06d8a495b7.jpg,14,butter_chicken,train
/kaggle/input/datasets/iamsouravbanerjee/indian-food-images-dataset/Indian Food Images/Indian Food Images/butter_chicken/0a7bff692f.jpg,14,butter_chicken,train
/kaggle/input/datasets/iamsouravbanerjee/indian-food-images-dataset/Indian Food Images/Indian Food Images/butter_chicken/0fcd81f71f.jpg,14,butter_chicken,train
/kaggle/input/datasets/iamsouravbanerjee/indian-food-images-dataset/Indian Food Images/Indian Food Images/butter_chicken/12cb6ca8b7.jpg,14,butter_chicken,train
/kaggle/input/datasets/iamsouravbanerjee/indian-food-images-dataset/Indian Food Images/Indian Food Images/butter_chicken/14c2d86c9f.jpg,14,butter_chicken,train
/kaggle/input/datasets/iamsouravbanerjee/indian-food-images-dataset/Indian Food Images/Indian Food Images/butter_chicken/15a368b1e9.jpg,14,butter_chicken,train
/kaggle/input/datasets/iamsouravbanerjee/indian-food-images-dataset/Indian Food Images/Indian Food Images/butter_chicken/17b378b7dc.jpg,14,butter_chicken,train
/kaggle/input/datasets/iamsouravbanerjee/indian-food-images-dataset/Indian Food Images/Indian Food Images/butter_chicken/17ca352fb0.jpg,14,butter_chicken,train
/kaggle/input/datasets/iamsouravbanerjee/indian-food-images-dataset/Indian Food Images/Indian Food Images/butter_chicken/1a06acb86a.jpg,14,butter_chicken,train
/kaggle/input/datasets/iamsouravbanerjee/indian-food-images-dataset/Indian Food Images/Indian Food Images/butter_chicken/1aa51cd278.jpg,14,butter_chicken,train
/kaggle/input/datasets/iamsouravbanerjee/indian-food-images-dataset/Indian Food Images/Indian Food Images/butter_chicken/1c212d65d9.jpg,14,butter_chicken,train
/kaggle/input/datasets/iamsouravbanerjee/indian-food-images-dataset/Indian Food Images/Indian Food Images/butter_chicken/1d5733d73e.jpg,14,butter_chicken,train
/kaggle/input/datasets/iamsouravbanerjee/indian-food-images-dataset/Indian Food Images/Indian Food Images/butter_chicken/1fa9069a37.jpg,14,butter_chicken,train
/kaggle/input/datasets/iamsouravbanerjee/indian-food-images-dataset/Indian Food Images/Indian Food Images/butter_chicken/22add70391.jpg,14,butter_chicken,train
/kaggle/input/datasets/iamsouravbanerjee/indian-food-images-dataset/Indian Food Images/Indian Food Images/butter_chicken/28ed478d70.jpg,14,butter_chicken,train
/kaggle/input/datasets/iamsouravbanerjee/indian-food-images-dataset/Indian Food Images/Indian Food Images/butter_chicken/2a5dc2406a.jpg,14,butter_chicken,train
/kaggle/input/datasets/iamsouravbanerjee/indian-food-images-dataset/Indian Food Images/Indian Food Images/butter_chicken/2a737911c0.jpg,14,butter_chicken,train
/kaggle/input/datasets/iamsouravbanerjee/indian-food-images-dataset/Indian Food Images/Indian Food Images/butter_chicken/2ab5e4e96a.jpg,14,butter_chicken,train
/kaggle/input/datasets/iamsouravbanerjee/indian-food-images-dataset/Indian Food Images/Indian Food Images/butter_chicken/2dd0aa46c1.jpg,14,butter_chicken,train
/kaggle/input/datasets/iamsouravbanerjee/indian-food-images-dataset/Indian Food Images/Indian Food Images/butter_chicken/2ee98471f9.jpg,14,butter_chicken,train
/kaggle/input/datasets/iamsouravbanerjee/indian-food-images-dataset/Indian Food Images/Indian Food Images/butter_chicken/2f7c51b301.jpg,14,butter_chicken,train
/kaggle/input/datasets/iamsouravbanerjee/indian-food-images-dataset/Indian Food Images/Indian Food Images/butter_chicken/33e8639efd.jpg,14,butter_chicken,train
/kaggle/input/datasets/iamsouravbanerjee/indian-food-images-dataset/Indian Food Images/Indian Food Images/butter_chicken/35bdab425c.jpg,14,butter_chicken,train
/kaggle/input/datasets/iamsouravbanerjee/indian-food-images-dataset/Indian Food Images/Indian Food Images/butter_chicken/3ab128e39e.jpg,14,butter_chicken,train
/kaggle/input/datasets/iamsouravbanerjee/indian-food-images-dataset/Indian Food Images/Indian Food Images/butter_chicken/3ad0d5554a.jpg,14,butter_chicken,train
/kaggle/input/datasets/iamsouravbanerjee/indian-food-images-dataset/Indian Food Images/Indian Food Images/butter_chicken/3dad4ef7b7.jpg,14,butter_chicken,train
/kaggle/input/datasets/iamsouravbanerjee/indian-food-images-dataset/Indian Food Images/Indian Food Images/butter_chicken/3eb55ef5a4.jpg,14,butter_chicken,train
/kaggle/input/datasets/iamsouravbanerjee/indian-food-images-dataset/Indian Food Images/Indian Food Images/butter_chicken/3f15bf4252.jpg,14,butter_chicken,train
/kaggle/input/datasets/iamsouravbanerjee/indian-food-images-dataset/Indian Food Images/Indian Food Images/butter_chicken/3f91ffdfe8.jpg,14,butter_chicken,train
/kaggle/input/datasets/iamsouravbanerjee/indian-food-images-dataset/Indian Food Images/Indian Food Images/butter_chicken/4dc775e0ba.jpg,14,butter_chicken,train
/kaggle/input/datasets/iamsouravbanerjee/indian-food-images-dataset/Indian Food Images/Indian Food Images/butter_chicken/4e58fa470d.jpg,14,butter_chicken,train
/kaggle/input/datasets/iamsouravbanerjee/indian-food-images-dataset/Indian Food Images/Indian Food Images/butter_chicken/6a38556210.jpg,14,butter_chicken,train
/kaggle/input/datasets/iamsouravbanerjee/indian-food-images-dataset/Indian Food Images/Indian Food Images/butter_chicken/6b6c872f90.jpg,14,butter_chicken,train
/kaggle/input/datasets/iamsouravbanerjee/indian-food-images-dataset/Indian Food Images/Indian Food Images/chak_hao_kheer/01ec1c5873.jpg,15,chak_hao_kheer,train
/kaggle/input/datasets/iamsouravbanerjee/indian-food-images-dataset/Indian Food Images/Indian Food Images/chak_hao_kheer/05d97dc66c.jpg,15,chak_hao_kheer,train
/kaggle/input/datasets/iamsouravbanerjee/indian-food-images-dataset/Indian Food Images/Indian Food Images/chak_hao_kheer/05ff609a12.jpg,15,chak_hao_kheer,train
/kaggle/input/datasets/iamsouravbanerjee/indian-food-images-dataset/Indian Food Images/Indian Food Images/chak_hao_kheer/09ee9f90ae.jpg,15,chak_hao_kheer,train
/kaggle/input/datasets/iamsouravbanerjee/indian-food-images-dataset/Indian Food Images/Indian Food Images/chak_hao_kheer/0ab9a556a4.jpg,15,chak_hao_kheer,train
/kaggle/input/datasets/iamsouravbanerjee/indian-food-images-dataset/Indian Food Images/Indian Food Images/chak_hao_kheer/0b215aeccd.jpg,15,chak_hao_kheer,train
/kaggle/input/datasets/iamsouravbanerjee/indian-food-images-dataset/Indian Food Images/Indian Food Images/chak_hao_kheer/0b8486e5d0.jpg,15,chak_hao_kheer,train
/kaggle/input/datasets/iamsouravbanerjee/indian-food-images-dataset/Indian Food Images/Indian Food Images/chak_hao_kheer/0cb60f7bda.jpg,15,chak_hao_kheer,train
/kaggle/input/datasets/iamsouravbanerjee/indian-food-images-dataset/Indian Food Images/Indian Food Images/chak_hao_kheer/0f0bf3ae3c.jpg,15,chak_hao_kheer,train
/kaggle/input/datasets/iamsouravbanerjee/indian-food-images-dataset/Indian Food Images/Indian Food Images/chak_hao_kheer/0f4116d486.jpg,15,chak_hao_kheer,train
/kaggle/input/datasets/iamsouravbanerjee/indian-food-images-dataset/Indian Food Images/Indian Food Images/chak_hao_kheer/0ff068e0ea.jpg,15,chak_hao_kheer,train
/kaggle/input/datasets/iamsouravbanerjee/indian-food-images-dataset/Indian Food Images/Indian Food Images/chak_hao_kheer/10a4a225b2.jpg,15,chak_hao_kheer,train
/kaggle/input/datasets/iamsouravbanerjee/indian-food-images-dataset/Indian Food Images/Indian Food Images/chak_hao_kheer/16e12ec483.jpg,15,chak_hao_kheer,train
/kaggle/input/datasets/iamsouravbanerjee/indian-food-images-dataset/Indian Food Images/Indian Food Images/chak_hao_kheer/1a06465757.jpg,15,chak_hao_kheer,train
/kaggle/input/datasets/iamsouravbanerjee/indian-food-images-dataset/Indian Food Images/Indian Food Images/chak_hao_kheer/1f4cefdaf0.jpg,15,chak_hao_kheer,train
/kaggle/input/datasets/iamsouravbanerjee/indian-food-images-dataset/Indian Food Images/Indian Food Images/chak_hao_kheer/1fb2d40f11.jpg,15,chak_hao_kheer,train
/kaggle/input/datasets/iamsouravbanerjee/indian-food-images-dataset/Indian Food Images/Indian Food Images/chak_hao_kheer/2aab0e7ad9.jpg,15,chak_hao_kheer,train
/kaggle/input/datasets/iamsouravbanerjee/indian-food-images-dataset/Indian Food Images/Indian Food Images/chak_hao_kheer/2c605320a8.jpg,15,chak_hao_kheer,train
/kaggle/input/datasets/iamsouravbanerjee/indian-food-images-dataset/Indian Food Images/Indian Food Images/chak_hao_kheer/2fe3d6519c.jpg,15,chak_hao_kheer,train
/kaggle/input/datasets/iamsouravbanerjee/indian-food-images-dataset/Indian Food Images/Indian Food Images/chak_hao_kheer/33f1b3b691.jpg,15,chak_hao_kheer,train
/kaggle/input/datasets/iamsouravbanerjee/indian-food-images-dataset/Indian Food Images/Indian Food Images/chak_hao_kheer/34b82df490.jpg,15,chak_hao_kheer,train
/kaggle/input/datasets/iamsouravbanerjee/indian-food-images-dataset/Indian Food Images/Indian Food Images/chak_hao_kheer/3c68cef240.jpg,15,chak_hao_kheer,train
/kaggle/input/datasets/iamsouravbanerjee/indian-food-images-dataset/Indian Food Images/Indian Food Images/chak_hao_kheer/3cc632a2e9.jpg,15,chak_hao_kheer,train
/kaggle/input/datasets/iamsouravbanerjee/indian-food-images-dataset/Indian Food Images/Indian Food Images/chak_hao_kheer/3ce7701ebd.jpg,15,chak_hao_kheer,train
/kaggle/input/datasets/iamsouravbanerjee/indian-food-images-dataset/Indian Food Images/Indian Food Images/chak_hao_kheer/3d80e8786a.jpg,15,chak_hao_kheer,train
/kaggle/input/datasets/iamsouravbanerjee/indian-food-images-dataset/Indian Food Images/Indian Food Images/chak_hao_kheer/3e13adc9e3.jpg,15,chak_hao_kheer,train
/kaggle/input/datasets/iamsouravbanerjee/indian-food-images-dataset/Indian Food Images/Indian Food Images/chak_hao_kheer/3fb7b9a576.jpg,15,chak_hao_kheer,train
/kaggle/input/datasets/iamsouravbanerjee/indian-food-images-dataset/Indian Food Images/Indian Food Images/chak_hao_kheer/4d88e58fed.jpg,15,chak_hao_kheer,train
/kaggle/input/datasets/iamsouravbanerjee/indian-food-images-dataset/Indian Food Images/Indian Food Images/chak_hao_kheer/4f4a90ae4f.jpg,15,chak_hao_kheer,train
/kaggle/input/datasets/iamsouravbanerjee/indian-food-images-dataset/Indian Food Images/Indian Food Images/chak_hao_kheer/4fa767213f.jpg,15,chak_hao_kheer,train
/kaggle/input/datasets/iamsouravbanerjee/indian-food-images-dataset/Indian Food Images/Indian Food Images/chak_hao_kheer/56cac5b702.jpg,15,chak_hao_kheer,train
/kaggle/input/datasets/iamsouravbanerjee/indian-food-images-dataset/Indian Food Images/Indian Food Images/chak_hao_kheer/5a23d0e4a4.jpg,15,chak_hao_kheer,train
/kaggle/input/datasets/iamsouravbanerjee/indian-food-images-dataset/Indian Food Images/Indian Food Images/chak_hao_kheer/61c1dbc184.jpg,15,chak_hao_kheer,train
/kaggle/input/datasets/iamsouravbanerjee/indian-food-images-dataset/Indian Food Images/Indian Food Images/chak_hao_kheer/68fdaf49ca.jpg,15,chak_hao_kheer,train
/kaggle/input/datasets/iamsouravbanerjee/indian-food-images-dataset/Indian Food Images/Indian Food Images/chak_hao_kheer/6ad6a83e55.jpg,15,chak_hao_kheer,train
/kaggle/input/datasets/iamsouravbanerjee/indian-food-images-dataset/Indian Food Images/Indian Food Images/cham_cham/010f125181.jpg,16,cham_cham,train
/kaggle/input/datasets/iamsouravbanerjee/indian-food-images-dataset/Indian Food Images/Indian Food Images/cham_cham/015ef2bd98.jpg,16,cham_cham,train
/kaggle/input/datasets/iamsouravbanerjee/indian-food-images-dataset/Indian Food Images/Indian Food Images/cham_cham/06c66e1016.jpg,16,cham_cham,train
/kaggle/input/datasets/iamsouravbanerjee/indian-food-images-dataset/Indian Food Images/Indian Food Images/cham_cham/083c8b69eb.jpg,16,cham_cham,train
/kaggle/input/datasets/iamsouravbanerjee/indian-food-images-dataset/Indian Food Images/Indian Food Images/cham_cham/09ef2ab37e.jpg,16,cham_cham,train
/kaggle/input/datasets/iamsouravbanerjee/indian-food-images-dataset/Indian Food Images/Indian Food Images/cham_cham/0cc6872978.jpg,16,cham_cham,train
/kaggle/input/datasets/iamsouravbanerjee/indian-food-images-dataset/Indian Food Images/Indian Food Images/cham_cham/0dc7ab3b33.jpg,16,cham_cham,train
/kaggle/input/datasets/iamsouravbanerjee/indian-food-images-dataset/Indian Food Images/Indian Food Images/cham_cham/11a818e3f6.jpg,16,cham_cham,train
/kaggle/input/datasets/iamsouravbanerjee/indian-food-images-dataset/Indian Food Images/Indian Food Images/cham_cham/16d8f21328.jpg,16,cham_cham,train
/kaggle/input/datasets/iamsouravbanerjee/indian-food-images-dataset/Indian Food Images/Indian Food Images/cham_cham/16ded46ac4.jpg,16,cham_cham,train
/kaggle/input/datasets/iamsouravbanerjee/indian-food-images-dataset/Indian Food Images/Indian Food Images/cham_cham/16f77a8f75.jpg,16,cham_cham,train
/kaggle/input/datasets/iamsouravbanerjee/indian-food-images-dataset/Indian Food Images/Indian Food Images/cham_cham/17b731cada.jpg,16,cham_cham,train
/kaggle/input/datasets/iamsouravbanerjee/indian-food-images-dataset/Indian Food Images/Indian Food Images/cham_cham/1c5048eebd.jpg,16,cham_cham,train
/kaggle/input/datasets/iamsouravbanerjee/indian-food-images-dataset/Indian Food Images/Indian Food Images/cham_cham/1d94e21bf3.jpg,16,cham_cham,train
/kaggle/input/datasets/iamsouravbanerjee/indian-food-images-dataset/Indian Food Images/Indian Food Images/cham_cham/1e3fc07649.jpg,16,cham_cham,train
/kaggle/input/datasets/iamsouravbanerjee/indian-food-images-dataset/Indian Food Images/Indian Food Images/cham_cham/23ca1b50cd.jpg,16,cham_cham,train
/kaggle/input/datasets/iamsouravbanerjee/indian-food-images-dataset/Indian Food Images/Indian Food Images/cham_cham/24cfa2e0db.jpg,16,cham_cham,train
/kaggle/input/datasets/iamsouravbanerjee/indian-food-images-dataset/Indian Food Images/Indian Food Images/cham_cham/2da12af810.jpg,16,cham_cham,train
/kaggle/input/datasets/iamsouravbanerjee/indian-food-images-dataset/Indian Food Images/Indian Food Images/cham_cham/2fe063737f.jpg,16,cham_cham,train
/kaggle/input/datasets/iamsouravbanerjee/indian-food-images-dataset/Indian Food Images/Indian Food Images/cham_cham/30ad21ee35.jpg,16,cham_cham,train
/kaggle/input/datasets/iamsouravbanerjee/indian-food-images-dataset/Indian Food Images/Indian Food Images/cham_cham/3d38f30d10.jpg,16,cham_cham,train
/kaggle/input/datasets/iamsouravbanerjee/indian-food-images-dataset/Indian Food Images/Indian Food Images/cham_cham/3dc7d33f27.jpg,16,cham_cham,train
/kaggle/input/datasets/iamsouravbanerjee/indian-food-images-dataset/Indian Food Images/Indian Food Images/cham_cham/3ea7b87145.jpg,16,cham_cham,train
/kaggle/input/datasets/iamsouravbanerjee/indian-food-images-dataset/Indian Food Images/Indian Food Images/cham_cham/40ef43772d.jpg,16,cham_cham,train
/kaggle/input/datasets/iamsouravbanerjee/indian-food-images-dataset/Indian Food Images/Indian Food Images/cham_cham/47dbb39f82.jpg,16,cham_cham,train
/kaggle/input/datasets/iamsouravbanerjee/indian-food-images-dataset/Indian Food Images/Indian Food Images/cham_cham/4a6f0b55fc.jpg,16,cham_cham,train
/kaggle/input/datasets/iamsouravbanerjee/indian-food-images-dataset/Indian Food Images/Indian Food Images/cham_cham/4bd0f3a6c0.jpg,16,cham_cham,train
/kaggle/input/datasets/iamsouravbanerjee/indian-food-images-dataset/Indian Food Images/Indian Food Images/cham_cham/4cb9c5d8fc.jpg,16,cham_cham,train
/kaggle/input/datasets/iamsouravbanerjee/indian-food-images-dataset/Indian Food Images/Indian Food Images/cham_cham/4f4b38bde4.jpg,16,cham_cham,train
/kaggle/input/datasets/iamsouravbanerjee/indian-food-images-dataset/Indian Food Images/Indian Food Images/cham_cham/4f50533a23.jpg,16,cham_cham,train
/kaggle/input/datasets/iamsouravbanerjee/indian-food-images-dataset/Indian Food Images/Indian Food Images/cham_cham/4f9c84c0ac.jpg,16,cham_cham,train
/kaggle/input/datasets/iamsouravbanerjee/indian-food-images-dataset/Indian Food Images/Indian Food Images/cham_cham/51a69280e6.jpg,16,cham_cham,train
/kaggle/input/datasets/iamsouravbanerjee/indian-food-images-dataset/Indian Food Images/Indian Food Images/cham_cham/5a69f2050e.jpg,16,cham_cham,train
/kaggle/input/datasets/iamsouravbanerjee/indian-food-images-dataset/Indian Food Images/Indian Food Images/cham_cham/60acd214de.jpg,16,cham_cham,train
/kaggle/input/datasets/iamsouravbanerjee/indian-food-images-dataset/Indian Food Images/Indian Food Images/cham_cham/61efb0c556.jpg,16,cham_cham,train
/kaggle/input/datasets/iamsouravbanerjee/indian-food-images-dataset/Indian Food Images/Indian Food Images/chana_masala/01c8f6c64b.jpg,17,chana_masala,train
/kaggle/input/datasets/iamsouravbanerjee/indian-food-images-dataset/Indian Food Images/Indian Food Images/chana_masala/07e055727b.jpg,17,chana_masala,train
/kaggle/input/datasets/iamsouravbanerjee/indian-food-images-dataset/Indian Food Images/Indian Food Images/chana_masala/0ac7bb1dbf.jpg,17,chana_masala,train
/kaggle/input/datasets/iamsouravbanerjee/indian-food-images-dataset/Indian Food Images/Indian Food Images/chana_masala/0e1e2c6af9.jpg,17,chana_masala,train
/kaggle/input/datasets/iamsouravbanerjee/indian-food-images-dataset/Indian Food Images/Indian Food Images/chana_masala/1a673018f4.jpg,17,chana_masala,train
/kaggle/input/datasets/iamsouravbanerjee/indian-food-images-dataset/Indian Food Images/Indian Food Images/chana_masala/1ba22eb4e7.jpg,17,chana_masala,train
/kaggle/input/datasets/iamsouravbanerjee/indian-food-images-dataset/Indian Food Images/Indian Food Images/chana_masala/1ecff24ebe.jpg,17,chana_masala,train
/kaggle/input/datasets/iamsouravbanerjee/indian-food-images-dataset/Indian Food Images/Indian Food Images/chana_masala/22f9414273.jpg,17,chana_masala,train
/kaggle/input/datasets/iamsouravbanerjee/indian-food-images-dataset/Indian Food Images/Indian Food Images/chana_masala/23b710f328.jpg,17,chana_masala,train
/kaggle/input/datasets/iamsouravbanerjee/indian-food-images-dataset/Indian Food Images/Indian Food Images/chana_masala/23ef12433a.jpg,17,chana_masala,train
/kaggle/input/datasets/iamsouravbanerjee/indian-food-images-dataset/Indian Food Images/Indian Food Images/chana_masala/28d6837152.jpg,17,chana_masala,train
/kaggle/input/datasets/iamsouravbanerjee/indian-food-images-dataset/Indian Food Images/Indian Food Images/chana_masala/2c348d8915.jpg,17,chana_masala,train
/kaggle/input/datasets/iamsouravbanerjee/indian-food-images-dataset/Indian Food Images/Indian Food Images/chana_masala/2ef6add30c.jpg,17,chana_masala,train
/kaggle/input/datasets/iamsouravbanerjee/indian-food-images-dataset/Indian Food Images/Indian Food Images/chana_masala/2fb6a63f41.jpg,17,chana_masala,train
/kaggle/input/datasets/iamsouravbanerjee/indian-food-images-dataset/Indian Food Images/Indian Food Images/chana_masala/2ffc3e47bd.jpg,17,chana_masala,train
/kaggle/input/datasets/iamsouravbanerjee/indian-food-images-dataset/Indian Food Images/Indian Food Images/chana_masala/35de0c1fb5.jpg,17,chana_masala,train
/kaggle/input/datasets/iamsouravbanerjee/indian-food-images-dataset/Indian Food Images/Indian Food Images/chana_masala/3a26154c3a.jpg,17,chana_masala,train
/kaggle/input/datasets/iamsouravbanerjee/indian-food-images-dataset/Indian Food Images/Indian Food Images/chana_masala/3c23fa9de8.jpg,17,chana_masala,train
/kaggle/input/datasets/iamsouravbanerjee/indian-food-images-dataset/Indian Food Images/Indian Food Images/chana_masala/3d09177ad7.jpg,17,chana_masala,train
/kaggle/input/datasets/iamsouravbanerjee/indian-food-images-dataset/Indian Food Images/Indian Food Images/chana_masala/3e47a0f8ed.jpg,17,chana_masala,train
/kaggle/input/datasets/iamsouravbanerjee/indian-food-images-dataset/Indian Food Images/Indian Food Images/chana_masala/3e8d74d059.jpg,17,chana_masala,train
/kaggle/input/datasets/iamsouravbanerjee/indian-food-images-dataset/Indian Food Images/Indian Food Images/chana_masala/41ac945cbb.jpg,17,chana_masala,train
/kaggle/input/datasets/iamsouravbanerjee/indian-food-images-dataset/Indian Food Images/Indian Food Images/chana_masala/41b95eb4fe.jpg,17,chana_masala,train
/kaggle/input/datasets/iamsouravbanerjee/indian-food-images-dataset/Indian Food Images/Indian Food Images/chana_masala/44cfa1ae5d.jpg,17,chana_masala,train
/kaggle/input/datasets/iamsouravbanerjee/indian-food-images-dataset/Indian Food Images/Indian Food Images/chana_masala/48ad9ada9c.jpg,17,chana_masala,train
/kaggle/input/datasets/iamsouravbanerjee/indian-food-images-dataset/Indian Food Images/Indian Food Images/chana_masala/4aa265a682.jpg,17,chana_masala,train
/kaggle/input/datasets/iamsouravbanerjee/indian-food-images-dataset/Indian Food Images/Indian Food Images/chana_masala/4b2b219b9b.jpg,17,chana_masala,train
/kaggle/input/datasets/iamsouravbanerjee/indian-food-images-dataset/Indian Food Images/Indian Food Images/chana_masala/4cb2580665.jpg,17,chana_masala,train
/kaggle/input/datasets/iamsouravbanerjee/indian-food-images-dataset/Indian Food Images/Indian Food Images/chana_masala/4f96931ccd.jpg,17,chana_masala,train
/kaggle/input/datasets/iamsouravbanerjee/indian-food-images-dataset/Indian Food Images/Indian Food Images/chana_masala/5bbffb76cd.jpg,17,chana_masala,train
/kaggle/input/datasets/iamsouravbanerjee/indian-food-images-dataset/Indian Food Images/Indian Food Images/chana_masala/5c678ae923.jpg,17,chana_masala,train
/kaggle/input/datasets/iamsouravbanerjee/indian-food-images-dataset/Indian Food Images/Indian Food Images/chana_masala/5cb62fb486.jpg,17,chana_masala,train
/kaggle/input/datasets/iamsouravbanerjee/indian-food-images-dataset/Indian Food Images/Indian Food Images/chana_masala/5db8ccf2e0.jpg,17,chana_masala,train
/kaggle/input/datasets/iamsouravbanerjee/indian-food-images-dataset/Indian Food Images/Indian Food Images/chana_masala/5dc7c26e9d.jpg,17,chana_masala,train
/kaggle/input/datasets/iamsouravbanerjee/indian-food-images-dataset/Indian Food Images/Indian Food Images/chana_masala/5ebf72e088.jpg,17,chana_masala,train
/kaggle/input/datasets/iamsouravbanerjee/indian-food-images-dataset/Indian Food Images/Indian Food Images/chapati/00d4263b19.jpg,18,chapati,train
/kaggle/input/datasets/iamsouravbanerjee/indian-food-images-dataset/Indian Food Images/Indian Food Images/chapati/017d206bca.jpg,18,chapati,train
/kaggle/input/datasets/iamsouravbanerjee/indian-food-images-dataset/Indian Food Images/Indian Food Images/chapati/039c8b43a4.jpg,18,chapati,train
/kaggle/input/datasets/iamsouravbanerjee/indian-food-images-dataset/Indian Food Images/Indian Food Images/chapati/0b59806867.jpg,18,chapati,train
/kaggle/input/datasets/iamsouravbanerjee/indian-food-images-dataset/Indian Food Images/Indian Food Images/chapati/0bbaf9ac9a.jpg,18,chapati,train
/kaggle/input/datasets/iamsouravbanerjee/indian-food-images-dataset/Indian Food Images/Indian Food Images/chapati/0c0c52729b.jpg,18,chapati,train
/kaggle/input/datasets/iamsouravbanerjee/indian-food-images-dataset/Indian Food Images/Indian Food Images/chapati/12bb043e56.jpg,18,chapati,train
/kaggle/input/datasets/iamsouravbanerjee/indian-food-images-dataset/Indian Food Images/Indian Food Images/chapati/14a01617e4.jpg,18,chapati,train
/kaggle/input/datasets/iamsouravbanerjee/indian-food-images-dataset/Indian Food Images/Indian Food Images/chapati/18d165284c.jpg,18,chapati,train
/kaggle/input/datasets/iamsouravbanerjee/indian-food-images-dataset/Indian Food Images/Indian Food Images/chapati/19a1eaf912.jpg,18,chapati,train
/kaggle/input/datasets/iamsouravbanerjee/indian-food-images-dataset/Indian Food Images/Indian Food Images/chapati/1a5c0b34c9.jpg,18,chapati,train
/kaggle/input/datasets/iamsouravbanerjee/indian-food-images-dataset/Indian Food Images/Indian Food Images/chapati/1a71f26a1e.jpg,18,chapati,train
/kaggle/input/datasets/iamsouravbanerjee/indian-food-images-dataset/Indian Food Images/Indian Food Images/chapati/21ccc36e7e.jpg,18,chapati,train
/kaggle/input/datasets/iamsouravbanerjee/indian-food-images-dataset/Indian Food Images/Indian Food Images/chapati/27d3c2267c.jpg,18,chapati,train
/kaggle/input/datasets/iamsouravbanerjee/indian-food-images-dataset/Indian Food Images/Indian Food Images/chapati/27e01a9780.jpg,18,chapati,train
/kaggle/input/datasets/iamsouravbanerjee/indian-food-images-dataset/Indian Food Images/Indian Food Images/chapati/29ac49412d.jpg,18,chapati,train
/kaggle/input/datasets/iamsouravbanerjee/indian-food-images-dataset/Indian Food Images/Indian Food Images/chapati/29c7bbbed5.jpg,18,chapati,train
/kaggle/input/datasets/iamsouravbanerjee/indian-food-images-dataset/Indian Food Images/Indian Food Images/chapati/2a74582aa6.jpg,18,chapati,train
/kaggle/input/datasets/iamsouravbanerjee/indian-food-images-dataset/Indian Food Images/Indian Food Images/chapati/2a93afc49b.jpg,18,chapati,train
/kaggle/input/datasets/iamsouravbanerjee/indian-food-images-dataset/Indian Food Images/Indian Food Images/chapati/2ce18ad8e9.jpg,18,chapati,train
/kaggle/input/datasets/iamsouravbanerjee/indian-food-images-dataset/Indian Food Images/Indian Food Images/chapati/32a5f5b483.jpg,18,chapati,train
/kaggle/input/datasets/iamsouravbanerjee/indian-food-images-dataset/Indian Food Images/Indian Food Images/chapati/35a26d15cc.jpg,18,chapati,train
/kaggle/input/datasets/iamsouravbanerjee/indian-food-images-dataset/Indian Food Images/Indian Food Images/chapati/38a4a135dd.jpg,18,chapati,train
/kaggle/input/datasets/iamsouravbanerjee/indian-food-images-dataset/Indian Food Images/Indian Food Images/chapati/3a8807852b.jpg,18,chapati,train
/kaggle/input/datasets/iamsouravbanerjee/indian-food-images-dataset/Indian Food Images/Indian Food Images/chapati/3df05a7c56.jpg,18,chapati,train
/kaggle/input/datasets/iamsouravbanerjee/indian-food-images-dataset/Indian Food Images/Indian Food Images/chapati/3f88f604c4.jpg,18,chapati,train
/kaggle/input/datasets/iamsouravbanerjee/indian-food-images-dataset/Indian Food Images/Indian Food Images/chapati/3ff45bc50d.jpg,18,chapati,train
/kaggle/input/datasets/iamsouravbanerjee/indian-food-images-dataset/Indian Food Images/Indian Food Images/chapati/4a5f1a2ab3.jpg,18,chapati,train
/kaggle/input/datasets/iamsouravbanerjee/indian-food-images-dataset/Indian Food Images/Indian Food Images/chapati/4aa81d7cfc.jpg,18,chapati,train
/kaggle/input/datasets/iamsouravbanerjee/indian-food-images-dataset/Indian Food Images/Indian Food Images/chapati/4f1414d74c.jpg,18,chapati,train
/kaggle/input/datasets/iamsouravbanerjee/indian-food-images-dataset/Indian Food Images/Indian Food Images/chapati/4f83f264bc.jpg,18,chapati,train
/kaggle/input/datasets/iamsouravbanerjee/indian-food-images-dataset/Indian Food Images/Indian Food Images/chapati/5d633cebaa.jpg,18,chapati,train
/kaggle/input/datasets/iamsouravbanerjee/indian-food-images-dataset/Indian Food Images/Indian Food Images/chapati/5dd7de505e.jpg,18,chapati,train
/kaggle/input/datasets/iamsouravbanerjee/indian-food-images-dataset/Indian Food Images/Indian Food Images/chapati/5fd4b14d4c.jpg,18,chapati,train
/kaggle/input/datasets/iamsouravbanerjee/indian-food-images-dataset/Indian Food Images/Indian Food Images/chapati/6c5a3fdbb9.jpg,18,chapati,train
/kaggle/input/datasets/iamsouravbanerjee/indian-food-images-dataset/Indian Food Images/Indian Food Images/chhena_kheeri/04fc4e7473.jpg,19,chhena_kheeri,train
/kaggle/input/datasets/iamsouravbanerjee/indian-food-images-dataset/Indian Food Images/Indian Food Images/chhena_kheeri/0a81441dd7.jpg,19,chhena_kheeri,train
/kaggle/input/datasets/iamsouravbanerjee/indian-food-images-dataset/Indian Food Images/Indian Food Images/chhena_kheeri/0bc8896cd8.jpg,19,chhena_kheeri,train
/kaggle/input/datasets/iamsouravbanerjee/indian-food-images-dataset/Indian Food Images/Indian Food Images/chhena_kheeri/0c7a77d56c.jpg,19,chhena_kheeri,train
/kaggle/input/datasets/iamsouravbanerjee/indian-food-images-dataset/Indian Food Images/Indian Food Images/chhena_kheeri/0c8a2c5980.jpg,19,chhena_kheeri,train
/kaggle/input/datasets/iamsouravbanerjee/indian-food-images-dataset/Indian Food Images/Indian Food Images/chhena_kheeri/0ce8fd2aa6.jpg,19,chhena_kheeri,train
/kaggle/input/datasets/iamsouravbanerjee/indian-food-images-dataset/Indian Food Images/Indian Food Images/chhena_kheeri/0d9b538dc7.jpg,19,chhena_kheeri,train
/kaggle/input/datasets/iamsouravbanerjee/indian-food-images-dataset/Indian Food Images/Indian Food Images/chhena_kheeri/0db0e54368.jpg,19,chhena_kheeri,train
/kaggle/input/datasets/iamsouravbanerjee/indian-food-images-dataset/Indian Food Images/Indian Food Images/chhena_kheeri/0dd0fc9c02.jpg,19,chhena_kheeri,train
/kaggle/input/datasets/iamsouravbanerjee/indian-food-images-dataset/Indian Food Images/Indian Food Images/chhena_kheeri/10c01d14a5.jpg,19,chhena_kheeri,train
/kaggle/input/datasets/iamsouravbanerjee/indian-food-images-dataset/Indian Food Images/Indian Food Images/chhena_kheeri/19bdf03ea8.jpg,19,chhena_kheeri,train
/kaggle/input/datasets/iamsouravbanerjee/indian-food-images-dataset/Indian Food Images/Indian Food Images/chhena_kheeri/19cf5888d3.jpg,19,chhena_kheeri,train
/kaggle/input/datasets/iamsouravbanerjee/indian-food-images-dataset/Indian Food Images/Indian Food Images/chhena_kheeri/23c2b5d128.jpg,19,chhena_kheeri,train
/kaggle/input/datasets/iamsouravbanerjee/indian-food-images-dataset/Indian Food Images/Indian Food Images/chhena_kheeri/2ea4a0e82c.jpg,19,chhena_kheeri,train
/kaggle/input/datasets/iamsouravbanerjee/indian-food-images-dataset/Indian Food Images/Indian Food Images/chhena_kheeri/36c17fab07.jpg,19,chhena_kheeri,train
/kaggle/input/datasets/iamsouravbanerjee/indian-food-images-dataset/Indian Food Images/Indian Food Images/chhena_kheeri/39e78dadb1.jpg,19,chhena_kheeri,train
/kaggle/input/datasets/iamsouravbanerjee/indian-food-images-dataset/Indian Food Images/Indian Food Images/chhena_kheeri/3b14097741.jpg,19,chhena_kheeri,train
/kaggle/input/datasets/iamsouravbanerjee/indian-food-images-dataset/Indian Food Images/Indian Food Images/chhena_kheeri/3ca82b9f5b.jpg,19,chhena_kheeri,train
/kaggle/input/datasets/iamsouravbanerjee/indian-food-images-dataset/Indian Food Images/Indian Food Images/chhena_kheeri/3d5070b7f1.jpg,19,chhena_kheeri,train
/kaggle/input/datasets/iamsouravbanerjee/indian-food-images-dataset/Indian Food Images/Indian Food Images/chhena_kheeri/4c0822b80d.jpg,19,chhena_kheeri,train
/kaggle/input/datasets/iamsouravbanerjee/indian-food-images-dataset/Indian Food Images/Indian Food Images/chhena_kheeri/4def8a3c91.jpg,19,chhena_kheeri,train
/kaggle/input/datasets/iamsouravbanerjee/indian-food-images-dataset/Indian Food Images/Indian Food Images/chhena_kheeri/4e63e105e4.jpg,19,chhena_kheeri,train
/kaggle/input/datasets/iamsouravbanerjee/indian-food-images-dataset/Indian Food Images/Indian Food Images/chhena_kheeri/4ef7294f5d.jpg,19,chhena_kheeri,train
/kaggle/input/datasets/iamsouravbanerjee/indian-food-images-dataset/Indian Food Images/Indian Food Images/chhena_kheeri/5ba508bd15.jpg,19,chhena_kheeri,train
/kaggle/input/datasets/iamsouravbanerjee/indian-food-images-dataset/Indian Food Images/Indian Food Images/chhena_kheeri/5bb4058c06.jpg,19,chhena_kheeri,train
/kaggle/input/datasets/iamsouravbanerjee/indian-food-images-dataset/Indian Food Images/Indian Food Images/chhena_kheeri/5c556e2857.jpg,19,chhena_kheeri,train
/kaggle/input/datasets/iamsouravbanerjee/indian-food-images-dataset/Indian Food Images/Indian Food Images/chhena_kheeri/5d4a0c79b9.jpg,19,chhena_kheeri,train
/kaggle/input/datasets/iamsouravbanerjee/indian-food-images-dataset/Indian Food Images/Indian Food Images/chhena_kheeri/5d5ad21a28.jpg,19,chhena_kheeri,train
/kaggle/input/datasets/iamsouravbanerjee/indian-food-images-dataset/Indian Food Images/Indian Food Images/chhena_kheeri/5da2ecaff8.jpg,19,chhena_kheeri,train
/kaggle/input/datasets/iamsouravbanerjee/indian-food-images-dataset/Indian Food Images/Indian Food Images/chhena_kheeri/5f9cb72b58.jpg,19,chhena_kheeri,train
/kaggle/input/datasets/iamsouravbanerjee/indian-food-images-dataset/Indian Food Images/Indian Food Images/chhena_kheeri/6b86b2fcf9.jpg,19,chhena_kheeri,train
/kaggle/input/datasets/iamsouravbanerjee/indian-food-images-dataset/Indian Food Images/Indian Food Images/chhena_kheeri/6d972b9d61.jpg,19,chhena_kheeri,train
/kaggle/input/datasets/iamsouravbanerjee/indian-food-images-dataset/Indian Food Images/Indian Food Images/chhena_kheeri/7a8873a4c2.jpg,19,chhena_kheeri,train
/kaggle/input/datasets/iamsouravbanerjee/indian-food-images-dataset/Indian Food Images/Indian Food Images/chhena_kheeri/7ac4b79f8a.jpg,19,chhena_kheeri,train
/kaggle/input/datasets/iamsouravbanerjee/indian-food-images-dataset/Indian Food Images/Indian Food Images/chhena_kheeri/7b2b0750ff.jpg,19,chhena_kheeri,train
/kaggle/input/datasets/iamsouravbanerjee/indian-food-images-dataset/Indian Food Images/Indian Food Images/chicken_razala/00df26e2ac.jpg,20,chicken_razala,train
/kaggle/input/datasets/iamsouravbanerjee/indian-food-images-dataset/Indian Food Images/Indian Food Images/chicken_razala/025c44bb12.jpg,20,chicken_razala,train
/kaggle/input/datasets/iamsouravbanerjee/indian-food-images-dataset/Indian Food Images/Indian Food Images/chicken_razala/05bc964db3.jpg,20,chicken_razala,train
/kaggle/input/datasets/iamsouravbanerjee/indian-food-images-dataset/Indian Food Images/Indian Food Images/chicken_razala/05d7e93c02.jpg,20,chicken_razala,train
/kaggle/input/datasets/iamsouravbanerjee/indian-food-images-dataset/Indian Food Images/Indian Food Images/chicken_razala/0a356dd48f.jpg,20,chicken_razala,train
/kaggle/input/datasets/iamsouravbanerjee/indian-food-images-dataset/Indian Food Images/Indian Food Images/chicken_razala/0d1cf84eba.jpg,20,chicken_razala,train
/kaggle/input/datasets/iamsouravbanerjee/indian-food-images-dataset/Indian Food Images/Indian Food Images/chicken_razala/0e506ed4fc.jpg,20,chicken_razala,train
/kaggle/input/datasets/iamsouravbanerjee/indian-food-images-dataset/Indian Food Images/Indian Food Images/chicken_razala/11e2a2a599.jpg,20,chicken_razala,train
/kaggle/input/datasets/iamsouravbanerjee/indian-food-images-dataset/Indian Food Images/Indian Food Images/chicken_razala/12aaa97289.jpg,20,chicken_razala,train
/kaggle/input/datasets/iamsouravbanerjee/indian-food-images-dataset/Indian Food Images/Indian Food Images/chicken_razala/1a48657e4d.jpg,20,chicken_razala,train
/kaggle/input/datasets/iamsouravbanerjee/indian-food-images-dataset/Indian Food Images/Indian Food Images/chicken_razala/1ab41e982a.jpg,20,chicken_razala,train
/kaggle/input/datasets/iamsouravbanerjee/indian-food-images-dataset/Indian Food Images/Indian Food Images/chicken_razala/1b1b5d8337.jpg,20,chicken_razala,train
/kaggle/input/datasets/iamsouravbanerjee/indian-food-images-dataset/Indian Food Images/Indian Food Images/chicken_razala/1b20cf5214.jpg,20,chicken_razala,train
/kaggle/input/datasets/iamsouravbanerjee/indian-food-images-dataset/Indian Food Images/Indian Food Images/chicken_razala/1d86814c29.jpg,20,chicken_razala,train
/kaggle/input/datasets/iamsouravbanerjee/indian-food-images-dataset/Indian Food Images/Indian Food Images/chicken_razala/23d9a8a05f.jpg,20,chicken_razala,train
/kaggle/input/datasets/iamsouravbanerjee/indian-food-images-dataset/Indian Food Images/Indian Food Images/chicken_razala/2a957e9a1e.jpg,20,chicken_razala,train
/kaggle/input/datasets/iamsouravbanerjee/indian-food-images-dataset/Indian Food Images/Indian Food Images/chicken_razala/2b85be32d2.jpg,20,chicken_razala,train
/kaggle/input/datasets/iamsouravbanerjee/indian-food-images-dataset/Indian Food Images/Indian Food Images/chicken_razala/2cd46b6e86.jpg,20,chicken_razala,train
/kaggle/input/datasets/iamsouravbanerjee/indian-food-images-dataset/Indian Food Images/Indian Food Images/chicken_razala/2d108069b2.jpg,20,chicken_razala,train
/kaggle/input/datasets/iamsouravbanerjee/indian-food-images-dataset/Indian Food Images/Indian Food Images/chicken_razala/2ea5d20b95.jpg,20,chicken_razala,train
/kaggle/input/datasets/iamsouravbanerjee/indian-food-images-dataset/Indian Food Images/Indian Food Images/chicken_razala/32c61f41bb.jpg,20,chicken_razala,train
/kaggle/input/datasets/iamsouravbanerjee/indian-food-images-dataset/Indian Food Images/Indian Food Images/chicken_razala/37ff67c2b1.jpg,20,chicken_razala,train
/kaggle/input/datasets/iamsouravbanerjee/indian-food-images-dataset/Indian Food Images/Indian Food Images/chicken_razala/3aa6a2291a.jpg,20,chicken_razala,train
/kaggle/input/datasets/iamsouravbanerjee/indian-food-images-dataset/Indian Food Images/Indian Food Images/chicken_razala/3b2b4dd2b8.jpg,20,chicken_razala,train
/kaggle/input/datasets/iamsouravbanerjee/indian-food-images-dataset/Indian Food Images/Indian Food Images/chicken_razala/3ca9d01cbc.jpg,20,chicken_razala,train
/kaggle/input/datasets/iamsouravbanerjee/indian-food-images-dataset/Indian Food Images/Indian Food Images/chicken_razala/3cbe30398b.jpg,20,chicken_razala,train
/kaggle/input/datasets/iamsouravbanerjee/indian-food-images-dataset/Indian Food Images/Indian Food Images/chicken_razala/41cf9adda4.jpg,20,chicken_razala,train
/kaggle/input/datasets/iamsouravbanerjee/indian-food-images-dataset/Indian Food Images/Indian Food Images/chicken_razala/4c63722b04.jpg,20,chicken_razala,train
/kaggle/input/datasets/iamsouravbanerjee/indian-food-images-dataset/Indian Food Images/Indian Food Images/chicken_razala/4e49e1ffc9.jpg,20,chicken_razala,train
/kaggle/input/datasets/iamsouravbanerjee/indian-food-images-dataset/Indian Food Images/Indian Food Images/chicken_razala/4e4ade1afc.jpg,20,chicken_razala,train
/kaggle/input/datasets/iamsouravbanerjee/indian-food-images-dataset/Indian Food Images/Indian Food Images/chicken_razala/4ef0d1701c.jpg,20,chicken_razala,train
/kaggle/input/datasets/iamsouravbanerjee/indian-food-images-dataset/Indian Food Images/Indian Food Images/chicken_razala/5bdbef1dac.jpg,20,chicken_razala,train
/kaggle/input/datasets/iamsouravbanerjee/indian-food-images-dataset/Indian Food Images/Indian Food Images/chicken_razala/5eb183efed.jpg,20,chicken_razala,train
/kaggle/input/datasets/iamsouravbanerjee/indian-food-images-dataset/Indian Food Images/Indian Food Images/chicken_razala/5f2e23b5c8.jpg,20,chicken_razala,train
/kaggle/input/datasets/iamsouravbanerjee/indian-food-images-dataset/Indian Food Images/Indian Food Images/chicken_razala/6d224ddb4c.jpg,20,chicken_razala,train
/kaggle/input/datasets/iamsouravbanerjee/indian-food-images-dataset/Indian Food Images/Indian Food Images/chicken_tikka/0b685b98d8.jpg,21,chicken_tikka,train
/kaggle/input/datasets/iamsouravbanerjee/indian-food-images-dataset/Indian Food Images/Indian Food Images/chicken_tikka/0d9cd4df8b.jpg,21,chicken_tikka,train
/kaggle/input/datasets/iamsouravbanerjee/indian-food-images-dataset/Indian Food Images/Indian Food Images/chicken_tikka/0ee9c5e22d.jpg,21,chicken_tikka,train
/kaggle/input/datasets/iamsouravbanerjee/indian-food-images-dataset/Indian Food Images/Indian Food Images/chicken_tikka/18b1582d23.jpg,21,chicken_tikka,train
/kaggle/input/datasets/iamsouravbanerjee/indian-food-images-dataset/Indian Food Images/Indian Food Images/chicken_tikka/1b7ed1016d.jpg,21,chicken_tikka,train
/kaggle/input/datasets/iamsouravbanerjee/indian-food-images-dataset/Indian Food Images/Indian Food Images/chicken_tikka/1cbd6bce10.jpg,21,chicken_tikka,train
/kaggle/input/datasets/iamsouravbanerjee/indian-food-images-dataset/Indian Food Images/Indian Food Images/chicken_tikka/1cc84b7153.jpg,21,chicken_tikka,train
/kaggle/input/datasets/iamsouravbanerjee/indian-food-images-dataset/Indian Food Images/Indian Food Images/chicken_tikka/1d27d9a45b.jpg,21,chicken_tikka,train
/kaggle/input/datasets/iamsouravbanerjee/indian-food-images-dataset/Indian Food Images/Indian Food Images/chicken_tikka/1e1beaab95.jpg,21,chicken_tikka,train
/kaggle/input/datasets/iamsouravbanerjee/indian-food-images-dataset/Indian Food Images/Indian Food Images/chicken_tikka/1f2bcd97d0.jpg,21,chicken_tikka,train
/kaggle/input/datasets/iamsouravbanerjee/indian-food-images-dataset/Indian Food Images/Indian Food Images/chicken_tikka/22d4087443.jpg,21,chicken_tikka,train
/kaggle/input/datasets/iamsouravbanerjee/indian-food-images-dataset/Indian Food Images/Indian Food Images/chicken_tikka/2b3d210c90.jpg,21,chicken_tikka,train
/kaggle/input/datasets/iamsouravbanerjee/indian-food-images-dataset/Indian Food Images/Indian Food Images/chicken_tikka/2c1a215ee1.jpg,21,chicken_tikka,train
/kaggle/input/datasets/iamsouravbanerjee/indian-food-images-dataset/Indian Food Images/Indian Food Images/chicken_tikka/2e5943ad78.jpg,21,chicken_tikka,train
/kaggle/input/datasets/iamsouravbanerjee/indian-food-images-dataset/Indian Food Images/Indian Food Images/chicken_tikka/2f49789828.jpg,21,chicken_tikka,train
/kaggle/input/datasets/iamsouravbanerjee/indian-food-images-dataset/Indian Food Images/Indian Food Images/chicken_tikka/31d89bc9b5.jpg,21,chicken_tikka,train
/kaggle/input/datasets/iamsouravbanerjee/indian-food-images-dataset/Indian Food Images/Indian Food Images/chicken_tikka/34d3315ead.jpg,21,chicken_tikka,train
/kaggle/input/datasets/iamsouravbanerjee/indian-food-images-dataset/Indian Food Images/Indian Food Images/chicken_tikka/3a47674d70.jpg,21,chicken_tikka,train
/kaggle/input/datasets/iamsouravbanerjee/indian-food-images-dataset/Indian Food Images/Indian Food Images/chicken_tikka/3a6fa8e35b.jpg,21,chicken_tikka,train
/kaggle/input/datasets/iamsouravbanerjee/indian-food-images-dataset/Indian Food Images/Indian Food Images/chicken_tikka/3b1f94ef43.jpg,21,chicken_tikka,train
/kaggle/input/datasets/iamsouravbanerjee/indian-food-images-dataset/Indian Food Images/Indian Food Images/chicken_tikka/3ca042da1d.jpg,21,chicken_tikka,train
/kaggle/input/datasets/iamsouravbanerjee/indian-food-images-dataset/Indian Food Images/Indian Food Images/chicken_tikka/3d0b64911d.jpg,21,chicken_tikka,train
/kaggle/input/datasets/iamsouravbanerjee/indian-food-images-dataset/Indian Food Images/Indian Food Images/chicken_tikka/3d148b6ceb.jpg,21,chicken_tikka,train
/kaggle/input/datasets/iamsouravbanerjee/indian-food-images-dataset/Indian Food Images/Indian Food Images/chicken_tikka/3d9d724bad.jpg,21,chicken_tikka,train
/kaggle/input/datasets/iamsouravbanerjee/indian-food-images-dataset/Indian Food Images/Indian Food Images/chicken_tikka/40d9accbc3.jpg,21,chicken_tikka,train
/kaggle/input/datasets/iamsouravbanerjee/indian-food-images-dataset/Indian Food Images/Indian Food Images/chicken_tikka/46ff4723b3.jpg,21,chicken_tikka,train
/kaggle/input/datasets/iamsouravbanerjee/indian-food-images-dataset/Indian Food Images/Indian Food Images/chicken_tikka/4b4ac3572e.jpg,21,chicken_tikka,train
/kaggle/input/datasets/iamsouravbanerjee/indian-food-images-dataset/Indian Food Images/Indian Food Images/chicken_tikka/4c57149d9a.jpg,21,chicken_tikka,train
/kaggle/input/datasets/iamsouravbanerjee/indian-food-images-dataset/Indian Food Images/Indian Food Images/chicken_tikka/4fdd63a5ac.jpg,21,chicken_tikka,train
/kaggle/input/datasets/iamsouravbanerjee/indian-food-images-dataset/Indian Food Images/Indian Food Images/chicken_tikka/50f4f89a6a.jpg,21,chicken_tikka,train
/kaggle/input/datasets/iamsouravbanerjee/indian-food-images-dataset/Indian Food Images/Indian Food Images/chicken_tikka/52ef4432c2.jpg,21,chicken_tikka,train
/kaggle/input/datasets/iamsouravbanerjee/indian-food-images-dataset/Indian Food Images/Indian Food Images/chicken_tikka/5a7fc6e1d0.jpg,21,chicken_tikka,train
/kaggle/input/datasets/iamsouravbanerjee/indian-food-images-dataset/Indian Food Images/Indian Food Images/chicken_tikka/5b0d1ce931.jpg,21,chicken_tikka,train
/kaggle/input/datasets/iamsouravbanerjee/indian-food-images-dataset/Indian Food Images/Indian Food Images/chicken_tikka/5fce220107.jpg,21,chicken_tikka,train
/kaggle/input/datasets/iamsouravbanerjee/indian-food-images-dataset/Indian Food Images/Indian Food Images/chicken_tikka/6c0d278387.jpg,21,chicken_tikka,train
/kaggle/input/datasets/iamsouravbanerjee/indian-food-images-dataset/Indian Food Images/Indian Food Images/chicken_tikka_masala/02e5b4e8da.jpg,22,chicken_tikka_masala,train
/kaggle/input/datasets/iamsouravbanerjee/indian-food-images-dataset/Indian Food Images/Indian Food Images/chicken_tikka_masala/09dcbbc290.jpg,22,chicken_tikka_masala,train
/kaggle/input/datasets/iamsouravbanerjee/indian-food-images-dataset/Indian Food Images/Indian Food Images/chicken_tikka_masala/0c17814d81.jpg,22,chicken_tikka_masala,train
/kaggle/input/datasets/iamsouravbanerjee/indian-food-images-dataset/Indian Food Images/Indian Food Images/chicken_tikka_masala/0d9cd4df8b.jpg,22,chicken_tikka_masala,train
/kaggle/input/datasets/iamsouravbanerjee/indian-food-images-dataset/Indian Food Images/Indian Food Images/chicken_tikka_masala/0df9285247.jpg,22,chicken_tikka_masala,train
/kaggle/input/datasets/iamsouravbanerjee/indian-food-images-dataset/Indian Food Images/Indian Food Images/chicken_tikka_masala/0dfaa738ba.jpg,22,chicken_tikka_masala,train
/kaggle/input/datasets/iamsouravbanerjee/indian-food-images-dataset/Indian Food Images/Indian Food Images/chicken_tikka_masala/0ee24a81c0.jpg,22,chicken_tikka_masala,train
/kaggle/input/datasets/iamsouravbanerjee/indian-food-images-dataset/Indian Food Images/Indian Food Images/chicken_tikka_masala/15ec744db6.jpg,22,chicken_tikka_masala,train
/kaggle/input/datasets/iamsouravbanerjee/indian-food-images-dataset/Indian Food Images/Indian Food Images/chicken_tikka_masala/19d5fbe38d.jpg,22,chicken_tikka_masala,train
/kaggle/input/datasets/iamsouravbanerjee/indian-food-images-dataset/Indian Food Images/Indian Food Images/chicken_tikka_masala/1b67a0fdb7.jpg,22,chicken_tikka_masala,train
/kaggle/input/datasets/iamsouravbanerjee/indian-food-images-dataset/Indian Food Images/Indian Food Images/chicken_tikka_masala/1c64663042.jpg,22,chicken_tikka_masala,train
/kaggle/input/datasets/iamsouravbanerjee/indian-food-images-dataset/Indian Food Images/Indian Food Images/chicken_tikka_masala/1e1beaab95.jpg,22,chicken_tikka_masala,train
/kaggle/input/datasets/iamsouravbanerjee/indian-food-images-dataset/Indian Food Images/Indian Food Images/chicken_tikka_masala/1eea29a7b3.jpg,22,chicken_tikka_masala,train
/kaggle/input/datasets/iamsouravbanerjee/indian-food-images-dataset/Indian Food Images/Indian Food Images/chicken_tikka_masala/2a9968827f.jpg,22,chicken_tikka_masala,train
/kaggle/input/datasets/iamsouravbanerjee/indian-food-images-dataset/Indian Food Images/Indian Food Images/chicken_tikka_masala/2bb5519532.jpg,22,chicken_tikka_masala,train
/kaggle/input/datasets/iamsouravbanerjee/indian-food-images-dataset/Indian Food Images/Indian Food Images/chicken_tikka_masala/2c1a215ee1.jpg,22,chicken_tikka_masala,train
/kaggle/input/datasets/iamsouravbanerjee/indian-food-images-dataset/Indian Food Images/Indian Food Images/chicken_tikka_masala/2e5943ad78.jpg,22,chicken_tikka_masala,train
/kaggle/input/datasets/iamsouravbanerjee/indian-food-images-dataset/Indian Food Images/Indian Food Images/chicken_tikka_masala/2f49789828.jpg,22,chicken_tikka_masala,train
/kaggle/input/datasets/iamsouravbanerjee/indian-food-images-dataset/Indian Food Images/Indian Food Images/chicken_tikka_masala/30dda93423.jpg,22,chicken_tikka_masala,train
/kaggle/input/datasets/iamsouravbanerjee/indian-food-images-dataset/Indian Food Images/Indian Food Images/chicken_tikka_masala/31d89bc9b5.jpg,22,chicken_tikka_masala,train
/kaggle/input/datasets/iamsouravbanerjee/indian-food-images-dataset/Indian Food Images/Indian Food Images/chicken_tikka_masala/39ad31bd44.jpg,22,chicken_tikka_masala,train
/kaggle/input/datasets/iamsouravbanerjee/indian-food-images-dataset/Indian Food Images/Indian Food Images/chicken_tikka_masala/3a47674d70.jpg,22,chicken_tikka_masala,train
/kaggle/input/datasets/iamsouravbanerjee/indian-food-images-dataset/Indian Food Images/Indian Food Images/chicken_tikka_masala/3a6fa8e35b.jpg,22,chicken_tikka_masala,train
/kaggle/input/datasets/iamsouravbanerjee/indian-food-images-dataset/Indian Food Images/Indian Food Images/chicken_tikka_masala/3bb19fd58f.jpg,22,chicken_tikka_masala,train
/kaggle/input/datasets/iamsouravbanerjee/indian-food-images-dataset/Indian Food Images/Indian Food Images/chicken_tikka_masala/3bfa7d682c.jpg,22,chicken_tikka_masala,train
/kaggle/input/datasets/iamsouravbanerjee/indian-food-images-dataset/Indian Food Images/Indian Food Images/chicken_tikka_masala/3cb396d02d.jpg,22,chicken_tikka_masala,train
/kaggle/input/datasets/iamsouravbanerjee/indian-food-images-dataset/Indian Food Images/Indian Food Images/chicken_tikka_masala/3d0b64911d.jpg,22,chicken_tikka_masala,train
/kaggle/input/datasets/iamsouravbanerjee/indian-food-images-dataset/Indian Food Images/Indian Food Images/chicken_tikka_masala/3d9d724bad.jpg,22,chicken_tikka_masala,train
/kaggle/input/datasets/iamsouravbanerjee/indian-food-images-dataset/Indian Food Images/Indian Food Images/chicken_tikka_masala/3e263c335a.jpg,22,chicken_tikka_masala,train
/kaggle/input/datasets/iamsouravbanerjee/indian-food-images-dataset/Indian Food Images/Indian Food Images/chicken_tikka_masala/3fc682b9cf.jpg,22,chicken_tikka_masala,train
/kaggle/input/datasets/iamsouravbanerjee/indian-food-images-dataset/Indian Food Images/Indian Food Images/chicken_tikka_masala/4ae1ff8628.jpg,22,chicken_tikka_masala,train
/kaggle/input/datasets/iamsouravbanerjee/indian-food-images-dataset/Indian Food Images/Indian Food Images/chicken_tikka_masala/4b4ac3572e.jpg,22,chicken_tikka_masala,train
/kaggle/input/datasets/iamsouravbanerjee/indian-food-images-dataset/Indian Food Images/Indian Food Images/chicken_tikka_masala/4c50b39cca.jpg,22,chicken_tikka_masala,train
/kaggle/input/datasets/iamsouravbanerjee/indian-food-images-dataset/Indian Food Images/Indian Food Images/chicken_tikka_masala/4c57149d9a.jpg,22,chicken_tikka_masala,train
/kaggle/input/datasets/iamsouravbanerjee/indian-food-images-dataset/Indian Food Images/Indian Food Images/chicken_tikka_masala/4cd4c265b1.jpg,22,chicken_tikka_masala,train
/kaggle/input/datasets/iamsouravbanerjee/indian-food-images-dataset/Indian Food Images/Indian Food Images/chikki/015a02f670.jpg,23,chikki,train
/kaggle/input/datasets/iamsouravbanerjee/indian-food-images-dataset/Indian Food Images/Indian Food Images/chikki/01ee118b53.jpg,23,chikki,train
/kaggle/input/datasets/iamsouravbanerjee/indian-food-images-dataset/Indian Food Images/Indian Food Images/chikki/033f65d062.jpg,23,chikki,train
/kaggle/input/datasets/iamsouravbanerjee/indian-food-images-dataset/Indian Food Images/Indian Food Images/chikki/039c42eb72.jpg,23,chikki,train
/kaggle/input/datasets/iamsouravbanerjee/indian-food-images-dataset/Indian Food Images/Indian Food Images/chikki/08ebabbf68.jpg,23,chikki,train
/kaggle/input/datasets/iamsouravbanerjee/indian-food-images-dataset/Indian Food Images/Indian Food Images/chikki/0a7627b435.jpg,23,chikki,train
/kaggle/input/datasets/iamsouravbanerjee/indian-food-images-dataset/Indian Food Images/Indian Food Images/chikki/17da9daf70.jpg,23,chikki,train
/kaggle/input/datasets/iamsouravbanerjee/indian-food-images-dataset/Indian Food Images/Indian Food Images/chikki/1a8f53618e.jpg,23,chikki,train
/kaggle/input/datasets/iamsouravbanerjee/indian-food-images-dataset/Indian Food Images/Indian Food Images/chikki/1bf8104dcc.jpg,23,chikki,train
/kaggle/input/datasets/iamsouravbanerjee/indian-food-images-dataset/Indian Food Images/Indian Food Images/chikki/1fe6ff7ea2.jpg,23,chikki,train
/kaggle/input/datasets/iamsouravbanerjee/indian-food-images-dataset/Indian Food Images/Indian Food Images/chikki/21a066dfde.jpg,23,chikki,train
/kaggle/input/datasets/iamsouravbanerjee/indian-food-images-dataset/Indian Food Images/Indian Food Images/chikki/21c7c7c7b3.jpg,23,chikki,train
/kaggle/input/datasets/iamsouravbanerjee/indian-food-images-dataset/Indian Food Images/Indian Food Images/chikki/23c6059129.jpg,23,chikki,train
/kaggle/input/datasets/iamsouravbanerjee/indian-food-images-dataset/Indian Food Images/Indian Food Images/chikki/27d2232b4b.jpg,23,chikki,train
/kaggle/input/datasets/iamsouravbanerjee/indian-food-images-dataset/Indian Food Images/Indian Food Images/chikki/2b53e41ec4.jpg,23,chikki,train
/kaggle/input/datasets/iamsouravbanerjee/indian-food-images-dataset/Indian Food Images/Indian Food Images/chikki/2bba91f416.jpg,23,chikki,train
/kaggle/input/datasets/iamsouravbanerjee/indian-food-images-dataset/Indian Food Images/Indian Food Images/chikki/2bda41d4d4.jpg,23,chikki,train
/kaggle/input/datasets/iamsouravbanerjee/indian-food-images-dataset/Indian Food Images/Indian Food Images/chikki/2bf506de15.jpg,23,chikki,train
/kaggle/input/datasets/iamsouravbanerjee/indian-food-images-dataset/Indian Food Images/Indian Food Images/chikki/2f2b76aafa.jpg,23,chikki,train
/kaggle/input/datasets/iamsouravbanerjee/indian-food-images-dataset/Indian Food Images/Indian Food Images/chikki/2f3a7f83f6.jpg,23,chikki,train
/kaggle/input/datasets/iamsouravbanerjee/indian-food-images-dataset/Indian Food Images/Indian Food Images/chikki/32cf7b5ec2.jpg,23,chikki,train
/kaggle/input/datasets/iamsouravbanerjee/indian-food-images-dataset/Indian Food Images/Indian Food Images/chikki/36db286bbc.jpg,23,chikki,train
/kaggle/input/datasets/iamsouravbanerjee/indian-food-images-dataset/Indian Food Images/Indian Food Images/chikki/38fb60ab5c.jpg,23,chikki,train
/kaggle/input/datasets/iamsouravbanerjee/indian-food-images-dataset/Indian Food Images/Indian Food Images/chikki/3a6728508b.jpg,23,chikki,train
/kaggle/input/datasets/iamsouravbanerjee/indian-food-images-dataset/Indian Food Images/Indian Food Images/chikki/3bd990b17b.jpg,23,chikki,train
/kaggle/input/datasets/iamsouravbanerjee/indian-food-images-dataset/Indian Food Images/Indian Food Images/chikki/3cef80f0d6.jpg,23,chikki,train
/kaggle/input/datasets/iamsouravbanerjee/indian-food-images-dataset/Indian Food Images/Indian Food Images/chikki/3e137af2cd.jpg,23,chikki,train
/kaggle/input/datasets/iamsouravbanerjee/indian-food-images-dataset/Indian Food Images/Indian Food Images/chikki/3ed5b01d03.jpg,23,chikki,train
/kaggle/input/datasets/iamsouravbanerjee/indian-food-images-dataset/Indian Food Images/Indian Food Images/chikki/4aff57d025.jpg,23,chikki,train
/kaggle/input/datasets/iamsouravbanerjee/indian-food-images-dataset/Indian Food Images/Indian Food Images/chikki/4cd74c8dbf.jpg,23,chikki,train
/kaggle/input/datasets/iamsouravbanerjee/indian-food-images-dataset/Indian Food Images/Indian Food Images/chikki/4d86561a67.jpg,23,chikki,train
/kaggle/input/datasets/iamsouravbanerjee/indian-food-images-dataset/Indian Food Images/Indian Food Images/chikki/4ed890d1b4.jpg,23,chikki,train
/kaggle/input/datasets/iamsouravbanerjee/indian-food-images-dataset/Indian Food Images/Indian Food Images/chikki/4f3d994a68.jpg,23,chikki,train
/kaggle/input/datasets/iamsouravbanerjee/indian-food-images-dataset/Indian Food Images/Indian Food Images/chikki/5aed948b65.jpg,23,chikki,train
/kaggle/input/datasets/iamsouravbanerjee/indian-food-images-dataset/Indian Food Images/Indian Food Images/chikki/5e5b338702.jpg,23,chikki,train
/kaggle/input/datasets/iamsouravbanerjee/indian-food-images-dataset/Indian Food Images/Indian Food Images/daal_baati_churma/02af2134f3.jpg,24,daal_baati_churma,train
/kaggle/input/datasets/iamsouravbanerjee/indian-food-images-dataset/Indian Food Images/Indian Food Images/daal_baati_churma/03fe11acf9.jpg,24,daal_baati_churma,train
/kaggle/input/datasets/iamsouravbanerjee/indian-food-images-dataset/Indian Food Images/Indian Food Images/daal_baati_churma/07c9d4f7f6.jpg,24,daal_baati_churma,train
/kaggle/input/datasets/iamsouravbanerjee/indian-food-images-dataset/Indian Food Images/Indian Food Images/daal_baati_churma/0a6124179a.jpg,24,daal_baati_churma,train
/kaggle/input/datasets/iamsouravbanerjee/indian-food-images-dataset/Indian Food Images/Indian Food Images/daal_baati_churma/0d59f8fef3.jpg,24,daal_baati_churma,train
/kaggle/input/datasets/iamsouravbanerjee/indian-food-images-dataset/Indian Food Images/Indian Food Images/daal_baati_churma/10a0d4e223.jpg,24,daal_baati_churma,train
/kaggle/input/datasets/iamsouravbanerjee/indian-food-images-dataset/Indian Food Images/Indian Food Images/daal_baati_churma/1a2339f153.jpg,24,daal_baati_churma,train
/kaggle/input/datasets/iamsouravbanerjee/indian-food-images-dataset/Indian Food Images/Indian Food Images/daal_baati_churma/1a6dfec388.jpg,24,daal_baati_churma,train
/kaggle/input/datasets/iamsouravbanerjee/indian-food-images-dataset/Indian Food Images/Indian Food Images/daal_baati_churma/1cbf331f74.jpg,24,daal_baati_churma,train
/kaggle/input/datasets/iamsouravbanerjee/indian-food-images-dataset/Indian Food Images/Indian Food Images/daal_baati_churma/1f2c7ae7d5.jpg,24,daal_baati_churma,train
/kaggle/input/datasets/iamsouravbanerjee/indian-food-images-dataset/Indian Food Images/Indian Food Images/daal_baati_churma/2b79a034de.jpg,24,daal_baati_churma,train
/kaggle/input/datasets/iamsouravbanerjee/indian-food-images-dataset/Indian Food Images/Indian Food Images/daal_baati_churma/2b7df121fa.jpg,24,daal_baati_churma,train
/kaggle/input/datasets/iamsouravbanerjee/indian-food-images-dataset/Indian Food Images/Indian Food Images/daal_baati_churma/2c6e971ab9.jpg,24,daal_baati_churma,train
/kaggle/input/datasets/iamsouravbanerjee/indian-food-images-dataset/Indian Food Images/Indian Food Images/daal_baati_churma/2d10f06c50.jpg,24,daal_baati_churma,train
/kaggle/input/datasets/iamsouravbanerjee/indian-food-images-dataset/Indian Food Images/Indian Food Images/daal_baati_churma/2f22191abd.jpg,24,daal_baati_churma,train
/kaggle/input/datasets/iamsouravbanerjee/indian-food-images-dataset/Indian Food Images/Indian Food Images/daal_baati_churma/2fa42fc04d.jpg,24,daal_baati_churma,train
/kaggle/input/datasets/iamsouravbanerjee/indian-food-images-dataset/Indian Food Images/Indian Food Images/daal_baati_churma/3a16f237fc.jpg,24,daal_baati_churma,train
/kaggle/input/datasets/iamsouravbanerjee/indian-food-images-dataset/Indian Food Images/Indian Food Images/daal_baati_churma/3a4906810d.jpg,24,daal_baati_churma,train
/kaggle/input/datasets/iamsouravbanerjee/indian-food-images-dataset/Indian Food Images/Indian Food Images/daal_baati_churma/3a49809912.jpg,24,daal_baati_churma,train
/kaggle/input/datasets/iamsouravbanerjee/indian-food-images-dataset/Indian Food Images/Indian Food Images/daal_baati_churma/3bc9b34347.jpg,24,daal_baati_churma,train
/kaggle/input/datasets/iamsouravbanerjee/indian-food-images-dataset/Indian Food Images/Indian Food Images/daal_baati_churma/4bfa945760.jpg,24,daal_baati_churma,train
/kaggle/input/datasets/iamsouravbanerjee/indian-food-images-dataset/Indian Food Images/Indian Food Images/daal_baati_churma/4c062ccaac.jpg,24,daal_baati_churma,train
/kaggle/input/datasets/iamsouravbanerjee/indian-food-images-dataset/Indian Food Images/Indian Food Images/daal_baati_churma/4d8e9f4dcc.jpg,24,daal_baati_churma,train
/kaggle/input/datasets/iamsouravbanerjee/indian-food-images-dataset/Indian Food Images/Indian Food Images/daal_baati_churma/5a6ac095a9.jpg,24,daal_baati_churma,train
/kaggle/input/datasets/iamsouravbanerjee/indian-food-images-dataset/Indian Food Images/Indian Food Images/daal_baati_churma/5ab806bfd6.jpg,24,daal_baati_churma,train
/kaggle/input/datasets/iamsouravbanerjee/indian-food-images-dataset/Indian Food Images/Indian Food Images/daal_baati_churma/5bc77b9729.jpg,24,daal_baati_churma,train
/kaggle/input/datasets/iamsouravbanerjee/indian-food-images-dataset/Indian Food Images/Indian Food Images/daal_baati_churma/5c1f208d9f.jpg,24,daal_baati_churma,train
/kaggle/input/datasets/iamsouravbanerjee/indian-food-images-dataset/Indian Food Images/Indian Food Images/daal_baati_churma/5c22ede1a1.jpg,24,daal_baati_churma,train
/kaggle/input/datasets/iamsouravbanerjee/indian-food-images-dataset/Indian Food Images/Indian Food Images/daal_baati_churma/5c234ecb37.jpg,24,daal_baati_churma,train
/kaggle/input/datasets/iamsouravbanerjee/indian-food-images-dataset/Indian Food Images/Indian Food Images/daal_baati_churma/5c5547f868.jpg,24,daal_baati_churma,train
/kaggle/input/datasets/iamsouravbanerjee/indian-food-images-dataset/Indian Food Images/Indian Food Images/daal_baati_churma/5fa32d6e4a.jpg,24,daal_baati_churma,train
/kaggle/input/datasets/iamsouravbanerjee/indian-food-images-dataset/Indian Food Images/Indian Food Images/daal_baati_churma/6a02a6b5d2.jpg,24,daal_baati_churma,train
/kaggle/input/datasets/iamsouravbanerjee/indian-food-images-dataset/Indian Food Images/Indian Food Images/daal_baati_churma/6a188dbc64.jpg,24,daal_baati_churma,train
/kaggle/input/datasets/iamsouravbanerjee/indian-food-images-dataset/Indian Food Images/Indian Food Images/daal_baati_churma/6a1d21a495.jpg,24,daal_baati_churma,train
/kaggle/input/datasets/iamsouravbanerjee/indian-food-images-dataset/Indian Food Images/Indian Food Images/daal_baati_churma/6af9d24b5b.jpg,24,daal_baati_churma,train
/kaggle/input/datasets/iamsouravbanerjee/indian-food-images-dataset/Indian Food Images/Indian Food Images/daal_puri/02c21bc6b0.jpg,25,daal_puri,train
/kaggle/input/datasets/iamsouravbanerjee/indian-food-images-dataset/Indian Food Images/Indian Food Images/daal_puri/03a1d9ee66.jpg,25,daal_puri,train
/kaggle/input/datasets/iamsouravbanerjee/indian-food-images-dataset/Indian Food Images/Indian Food Images/daal_puri/0c66d6eac8.jpg,25,daal_puri,train
/kaggle/input/datasets/iamsouravbanerjee/indian-food-images-dataset/Indian Food Images/Indian Food Images/daal_puri/0d94ed5a2a.jpg,25,daal_puri,train
/kaggle/input/datasets/iamsouravbanerjee/indian-food-images-dataset/Indian Food Images/Indian Food Images/daal_puri/0de67d6d83.jpg,25,daal_puri,train
/kaggle/input/datasets/iamsouravbanerjee/indian-food-images-dataset/Indian Food Images/Indian Food Images/daal_puri/0eb0bd982e.jpg,25,daal_puri,train
/kaggle/input/datasets/iamsouravbanerjee/indian-food-images-dataset/Indian Food Images/Indian Food Images/daal_puri/0f3fe0973d.jpg,25,daal_puri,train
/kaggle/input/datasets/iamsouravbanerjee/indian-food-images-dataset/Indian Food Images/Indian Food Images/daal_puri/0f5a631e67.jpg,25,daal_puri,train
/kaggle/input/datasets/iamsouravbanerjee/indian-food-images-dataset/Indian Food Images/Indian Food Images/daal_puri/0fa444835e.jpg,25,daal_puri,train
/kaggle/input/datasets/iamsouravbanerjee/indian-food-images-dataset/Indian Food Images/Indian Food Images/daal_puri/13e7b62615.jpg,25,daal_puri,train
/kaggle/input/datasets/iamsouravbanerjee/indian-food-images-dataset/Indian Food Images/Indian Food Images/daal_puri/14dc3a8c37.jpg,25,daal_puri,train
/kaggle/input/datasets/iamsouravbanerjee/indian-food-images-dataset/Indian Food Images/Indian Food Images/daal_puri/23f537950b.jpg,25,daal_puri,train
/kaggle/input/datasets/iamsouravbanerjee/indian-food-images-dataset/Indian Food Images/Indian Food Images/daal_puri/2a75efe39d.jpg,25,daal_puri,train
/kaggle/input/datasets/iamsouravbanerjee/indian-food-images-dataset/Indian Food Images/Indian Food Images/daal_puri/2be8a14425.jpg,25,daal_puri,train
/kaggle/input/datasets/iamsouravbanerjee/indian-food-images-dataset/Indian Food Images/Indian Food Images/daal_puri/2c915092ba.jpg,25,daal_puri,train
/kaggle/input/datasets/iamsouravbanerjee/indian-food-images-dataset/Indian Food Images/Indian Food Images/daal_puri/2e1739187c.jpg,25,daal_puri,train
/kaggle/input/datasets/iamsouravbanerjee/indian-food-images-dataset/Indian Food Images/Indian Food Images/daal_puri/2eb5f30ce9.jpg,25,daal_puri,train
/kaggle/input/datasets/iamsouravbanerjee/indian-food-images-dataset/Indian Food Images/Indian Food Images/daal_puri/2eca41682f.jpg,25,daal_puri,train
/kaggle/input/datasets/iamsouravbanerjee/indian-food-images-dataset/Indian Food Images/Indian Food Images/daal_puri/2ee2c1101b.jpg,25,daal_puri,train
/kaggle/input/datasets/iamsouravbanerjee/indian-food-images-dataset/Indian Food Images/Indian Food Images/daal_puri/3d2aa47c5c.jpg,25,daal_puri,train
/kaggle/input/datasets/iamsouravbanerjee/indian-food-images-dataset/Indian Food Images/Indian Food Images/daal_puri/3f586db95f.jpg,25,daal_puri,train
/kaggle/input/datasets/iamsouravbanerjee/indian-food-images-dataset/Indian Food Images/Indian Food Images/daal_puri/4b70c10760.jpg,25,daal_puri,train
/kaggle/input/datasets/iamsouravbanerjee/indian-food-images-dataset/Indian Food Images/Indian Food Images/daal_puri/4d230e07b4.jpg,25,daal_puri,train
/kaggle/input/datasets/iamsouravbanerjee/indian-food-images-dataset/Indian Food Images/Indian Food Images/daal_puri/4e4e0697ef.jpg,25,daal_puri,train
/kaggle/input/datasets/iamsouravbanerjee/indian-food-images-dataset/Indian Food Images/Indian Food Images/daal_puri/4f086c0a32.jpg,25,daal_puri,train
/kaggle/input/datasets/iamsouravbanerjee/indian-food-images-dataset/Indian Food Images/Indian Food Images/daal_puri/4fcffbd44a.jpg,25,daal_puri,train
/kaggle/input/datasets/iamsouravbanerjee/indian-food-images-dataset/Indian Food Images/Indian Food Images/daal_puri/5be6c0586a.jpg,25,daal_puri,train
/kaggle/input/datasets/iamsouravbanerjee/indian-food-images-dataset/Indian Food Images/Indian Food Images/daal_puri/5e498feb3a.jpg,25,daal_puri,train
/kaggle/input/datasets/iamsouravbanerjee/indian-food-images-dataset/Indian Food Images/Indian Food Images/daal_puri/6c4bdc4e8f.jpg,25,daal_puri,train
/kaggle/input/datasets/iamsouravbanerjee/indian-food-images-dataset/Indian Food Images/Indian Food Images/daal_puri/6cac88ac19.jpg,25,daal_puri,train
/kaggle/input/datasets/iamsouravbanerjee/indian-food-images-dataset/Indian Food Images/Indian Food Images/daal_puri/6db6b2431c.jpg,25,daal_puri,train
/kaggle/input/datasets/iamsouravbanerjee/indian-food-images-dataset/Indian Food Images/Indian Food Images/daal_puri/6e7f3f72d1.jpg,25,daal_puri,train
/kaggle/input/datasets/iamsouravbanerjee/indian-food-images-dataset/Indian Food Images/Indian Food Images/daal_puri/7b2db424c4.jpg,25,daal_puri,train
/kaggle/input/datasets/iamsouravbanerjee/indian-food-images-dataset/Indian Food Images/Indian Food Images/daal_puri/7e46e29ce6.jpg,25,daal_puri,train
/kaggle/input/datasets/iamsouravbanerjee/indian-food-images-dataset/Indian Food Images/Indian Food Images/daal_puri/7e4c33a641.jpg,25,daal_puri,train
/kaggle/input/datasets/iamsouravbanerjee/indian-food-images-dataset/Indian Food Images/Indian Food Images/dal_makhani/00cf330f1d.jpg,26,dal_makhani,train
/kaggle/input/datasets/iamsouravbanerjee/indian-food-images-dataset/Indian Food Images/Indian Food Images/dal_makhani/01e577eea5.jpg,26,dal_makhani,train
/kaggle/input/datasets/iamsouravbanerjee/indian-food-images-dataset/Indian Food Images/Indian Food Images/dal_makhani/04ab82a7ea.jpg,26,dal_makhani,train
/kaggle/input/datasets/iamsouravbanerjee/indian-food-images-dataset/Indian Food Images/Indian Food Images/dal_makhani/05ab55d59b.jpg,26,dal_makhani,train
/kaggle/input/datasets/iamsouravbanerjee/indian-food-images-dataset/Indian Food Images/Indian Food Images/dal_makhani/07b2ca443d.jpg,26,dal_makhani,train
/kaggle/input/datasets/iamsouravbanerjee/indian-food-images-dataset/Indian Food Images/Indian Food Images/dal_makhani/0aa2abb093.jpg,26,dal_makhani,train
/kaggle/input/datasets/iamsouravbanerjee/indian-food-images-dataset/Indian Food Images/Indian Food Images/dal_makhani/0c39a2977f.jpg,26,dal_makhani,train
/kaggle/input/datasets/iamsouravbanerjee/indian-food-images-dataset/Indian Food Images/Indian Food Images/dal_makhani/0ed10a993c.jpg,26,dal_makhani,train
/kaggle/input/datasets/iamsouravbanerjee/indian-food-images-dataset/Indian Food Images/Indian Food Images/dal_makhani/15e5f83a9b.jpg,26,dal_makhani,train
/kaggle/input/datasets/iamsouravbanerjee/indian-food-images-dataset/Indian Food Images/Indian Food Images/dal_makhani/16c0dcfc8f.jpg,26,dal_makhani,train
/kaggle/input/datasets/iamsouravbanerjee/indian-food-images-dataset/Indian Food Images/Indian Food Images/dal_makhani/1ad52bd457.jpg,26,dal_makhani,train
/kaggle/input/datasets/iamsouravbanerjee/indian-food-images-dataset/Indian Food Images/Indian Food Images/dal_makhani/1caf88408f.jpg,26,dal_makhani,train
/kaggle/input/datasets/iamsouravbanerjee/indian-food-images-dataset/Indian Food Images/Indian Food Images/dal_makhani/1df0b2bd46.jpg,26,dal_makhani,train
/kaggle/input/datasets/iamsouravbanerjee/indian-food-images-dataset/Indian Food Images/Indian Food Images/dal_makhani/1f37f40f9a.jpg,26,dal_makhani,train
/kaggle/input/datasets/iamsouravbanerjee/indian-food-images-dataset/Indian Food Images/Indian Food Images/dal_makhani/1f584ddefd.jpg,26,dal_makhani,train
/kaggle/input/datasets/iamsouravbanerjee/indian-food-images-dataset/Indian Food Images/Indian Food Images/dal_makhani/26e5f6ecea.jpg,26,dal_makhani,train
/kaggle/input/datasets/iamsouravbanerjee/indian-food-images-dataset/Indian Food Images/Indian Food Images/dal_makhani/27d08c0756.jpg,26,dal_makhani,train
/kaggle/input/datasets/iamsouravbanerjee/indian-food-images-dataset/Indian Food Images/Indian Food Images/dal_makhani/2a92e8ca1f.jpg,26,dal_makhani,train
/kaggle/input/datasets/iamsouravbanerjee/indian-food-images-dataset/Indian Food Images/Indian Food Images/dal_makhani/2e55cee610.jpg,26,dal_makhani,train
/kaggle/input/datasets/iamsouravbanerjee/indian-food-images-dataset/Indian Food Images/Indian Food Images/dal_makhani/38f272a910.jpg,26,dal_makhani,train
/kaggle/input/datasets/iamsouravbanerjee/indian-food-images-dataset/Indian Food Images/Indian Food Images/dal_makhani/3fe3fce913.jpg,26,dal_makhani,train
/kaggle/input/datasets/iamsouravbanerjee/indian-food-images-dataset/Indian Food Images/Indian Food Images/dal_makhani/40f12b4365.jpg,26,dal_makhani,train
/kaggle/input/datasets/iamsouravbanerjee/indian-food-images-dataset/Indian Food Images/Indian Food Images/dal_makhani/42ea8e7dca.jpg,26,dal_makhani,train
/kaggle/input/datasets/iamsouravbanerjee/indian-food-images-dataset/Indian Food Images/Indian Food Images/dal_makhani/43b0001737.jpg,26,dal_makhani,train
/kaggle/input/datasets/iamsouravbanerjee/indian-food-images-dataset/Indian Food Images/Indian Food Images/dal_makhani/4b989fae02.jpg,26,dal_makhani,train
/kaggle/input/datasets/iamsouravbanerjee/indian-food-images-dataset/Indian Food Images/Indian Food Images/dal_makhani/4c7e238a6e.jpg,26,dal_makhani,train
/kaggle/input/datasets/iamsouravbanerjee/indian-food-images-dataset/Indian Food Images/Indian Food Images/dal_makhani/4d4ea9dfc4.jpg,26,dal_makhani,train
/kaggle/input/datasets/iamsouravbanerjee/indian-food-images-dataset/Indian Food Images/Indian Food Images/dal_makhani/4d5681c23b.jpg,26,dal_makhani,train
/kaggle/input/datasets/iamsouravbanerjee/indian-food-images-dataset/Indian Food Images/Indian Food Images/dal_makhani/4ec6a7e4c2.jpg,26,dal_makhani,train
/kaggle/input/datasets/iamsouravbanerjee/indian-food-images-dataset/Indian Food Images/Indian Food Images/dal_makhani/50fcf36470.jpg,26,dal_makhani,train
/kaggle/input/datasets/iamsouravbanerjee/indian-food-images-dataset/Indian Food Images/Indian Food Images/dal_makhani/56adca1ca0.jpg,26,dal_makhani,train
/kaggle/input/datasets/iamsouravbanerjee/indian-food-images-dataset/Indian Food Images/Indian Food Images/dal_makhani/5aa15d7232.jpg,26,dal_makhani,train
/kaggle/input/datasets/iamsouravbanerjee/indian-food-images-dataset/Indian Food Images/Indian Food Images/dal_makhani/5c70cba130.jpg,26,dal_makhani,train
/kaggle/input/datasets/iamsouravbanerjee/indian-food-images-dataset/Indian Food Images/Indian Food Images/dal_makhani/5e33511f4d.jpg,26,dal_makhani,train
/kaggle/input/datasets/iamsouravbanerjee/indian-food-images-dataset/Indian Food Images/Indian Food Images/dal_makhani/5f33109e0e.jpg,26,dal_makhani,train
/kaggle/input/datasets/iamsouravbanerjee/indian-food-images-dataset/Indian Food Images/Indian Food Images/dal_tadka/006aeeea8d.jpg,27,dal_tadka,train
/kaggle/input/datasets/iamsouravbanerjee/indian-food-images-dataset/Indian Food Images/Indian Food Images/dal_tadka/007d59d67b.jpg,27,dal_tadka,train
/kaggle/input/datasets/iamsouravbanerjee/indian-food-images-dataset/Indian Food Images/Indian Food Images/dal_tadka/020c55c7c0.jpg,27,dal_tadka,train
/kaggle/input/datasets/iamsouravbanerjee/indian-food-images-dataset/Indian Food Images/Indian Food Images/dal_tadka/03e7ef7b66.jpg,27,dal_tadka,train
/kaggle/input/datasets/iamsouravbanerjee/indian-food-images-dataset/Indian Food Images/Indian Food Images/dal_tadka/0be07dfaaf.jpg,27,dal_tadka,train
/kaggle/input/datasets/iamsouravbanerjee/indian-food-images-dataset/Indian Food Images/Indian Food Images/dal_tadka/0d0682d8d4.jpg,27,dal_tadka,train
/kaggle/input/datasets/iamsouravbanerjee/indian-food-images-dataset/Indian Food Images/Indian Food Images/dal_tadka/11f64d65b8.jpg,27,dal_tadka,train
/kaggle/input/datasets/iamsouravbanerjee/indian-food-images-dataset/Indian Food Images/Indian Food Images/dal_tadka/12a88bc3f3.jpg,27,dal_tadka,train
/kaggle/input/datasets/iamsouravbanerjee/indian-food-images-dataset/Indian Food Images/Indian Food Images/dal_tadka/12d0355cd8.jpg,27,dal_tadka,train
/kaggle/input/datasets/iamsouravbanerjee/indian-food-images-dataset/Indian Food Images/Indian Food Images/dal_tadka/14c28c3e4d.jpg,27,dal_tadka,train
/kaggle/input/datasets/iamsouravbanerjee/indian-food-images-dataset/Indian Food Images/Indian Food Images/dal_tadka/16c7551673.jpg,27,dal_tadka,train
/kaggle/input/datasets/iamsouravbanerjee/indian-food-images-dataset/Indian Food Images/Indian Food Images/dal_tadka/18c0866ce8.jpg,27,dal_tadka,train
/kaggle/input/datasets/iamsouravbanerjee/indian-food-images-dataset/Indian Food Images/Indian Food Images/dal_tadka/18e8e451ff.jpg,27,dal_tadka,train
/kaggle/input/datasets/iamsouravbanerjee/indian-food-images-dataset/Indian Food Images/Indian Food Images/dal_tadka/1bdb8c52fe.jpg,27,dal_tadka,train
/kaggle/input/datasets/iamsouravbanerjee/indian-food-images-dataset/Indian Food Images/Indian Food Images/dal_tadka/1fee70949c.jpg,27,dal_tadka,train
/kaggle/input/datasets/iamsouravbanerjee/indian-food-images-dataset/Indian Food Images/Indian Food Images/dal_tadka/23ecb0b167.jpg,27,dal_tadka,train
/kaggle/input/datasets/iamsouravbanerjee/indian-food-images-dataset/Indian Food Images/Indian Food Images/dal_tadka/27a0d2080f.jpg,27,dal_tadka,train
/kaggle/input/datasets/iamsouravbanerjee/indian-food-images-dataset/Indian Food Images/Indian Food Images/dal_tadka/2a33a6928b.jpg,27,dal_tadka,train
/kaggle/input/datasets/iamsouravbanerjee/indian-food-images-dataset/Indian Food Images/Indian Food Images/dal_tadka/2b17bb86c5.jpg,27,dal_tadka,train
/kaggle/input/datasets/iamsouravbanerjee/indian-food-images-dataset/Indian Food Images/Indian Food Images/dal_tadka/2bcf427424.jpg,27,dal_tadka,train
/kaggle/input/datasets/iamsouravbanerjee/indian-food-images-dataset/Indian Food Images/Indian Food Images/dal_tadka/2fceab52dd.jpg,27,dal_tadka,train
/kaggle/input/datasets/iamsouravbanerjee/indian-food-images-dataset/Indian Food Images/Indian Food Images/dal_tadka/3d24093319.jpg,27,dal_tadka,train
/kaggle/input/datasets/iamsouravbanerjee/indian-food-images-dataset/Indian Food Images/Indian Food Images/dal_tadka/3d6f8f8ce3.jpg,27,dal_tadka,train
/kaggle/input/datasets/iamsouravbanerjee/indian-food-images-dataset/Indian Food Images/Indian Food Images/dal_tadka/3ecd59e475.jpg,27,dal_tadka,train
/kaggle/input/datasets/iamsouravbanerjee/indian-food-images-dataset/Indian Food Images/Indian Food Images/dal_tadka/4a9a0676c4.jpg,27,dal_tadka,train
/kaggle/input/datasets/iamsouravbanerjee/indian-food-images-dataset/Indian Food Images/Indian Food Images/dal_tadka/4cc4409d6f.jpg,27,dal_tadka,train
/kaggle/input/datasets/iamsouravbanerjee/indian-food-images-dataset/Indian Food Images/Indian Food Images/dal_tadka/4d60e4ad92.jpg,27,dal_tadka,train
/kaggle/input/datasets/iamsouravbanerjee/indian-food-images-dataset/Indian Food Images/Indian Food Images/dal_tadka/4dc2cb7ff6.jpg,27,dal_tadka,train
/kaggle/input/datasets/iamsouravbanerjee/indian-food-images-dataset/Indian Food Images/Indian Food Images/dal_tadka/4e9eeb68f7.jpg,27,dal_tadka,train
/kaggle/input/datasets/iamsouravbanerjee/indian-food-images-dataset/Indian Food Images/Indian Food Images/dal_tadka/4f9b87e69f.jpg,27,dal_tadka,train
/kaggle/input/datasets/iamsouravbanerjee/indian-food-images-dataset/Indian Food Images/Indian Food Images/dal_tadka/5dcc96114e.jpg,27,dal_tadka,train
/kaggle/input/datasets/iamsouravbanerjee/indian-food-images-dataset/Indian Food Images/Indian Food Images/dal_tadka/6a91a46cb2.jpg,27,dal_tadka,train
/kaggle/input/datasets/iamsouravbanerjee/indian-food-images-dataset/Indian Food Images/Indian Food Images/dal_tadka/6b12430f29.jpg,27,dal_tadka,train
/kaggle/input/datasets/iamsouravbanerjee/indian-food-images-dataset/Indian Food Images/Indian Food Images/dal_tadka/6b2a5b9f02.jpg,27,dal_tadka,train
/kaggle/input/datasets/iamsouravbanerjee/indian-food-images-dataset/Indian Food Images/Indian Food Images/dal_tadka/6ce2e648ee.jpg,27,dal_tadka,train
/kaggle/input/datasets/iamsouravbanerjee/indian-food-images-dataset/Indian Food Images/Indian Food Images/dharwad_pedha/034bb7c9c6.jpg,28,dharwad_pedha,train
/kaggle/input/datasets/iamsouravbanerjee/indian-food-images-dataset/Indian Food Images/Indian Food Images/dharwad_pedha/05bc352b60.jpg,28,dharwad_pedha,train
/kaggle/input/datasets/iamsouravbanerjee/indian-food-images-dataset/Indian Food Images/Indian Food Images/dharwad_pedha/05f65a863a.jpg,28,dharwad_pedha,train
/kaggle/input/datasets/iamsouravbanerjee/indian-food-images-dataset/Indian Food Images/Indian Food Images/dharwad_pedha/07c4ccc287.jpg,28,dharwad_pedha,train
/kaggle/input/datasets/iamsouravbanerjee/indian-food-images-dataset/Indian Food Images/Indian Food Images/dharwad_pedha/093e4c59f2.jpg,28,dharwad_pedha,train
/kaggle/input/datasets/iamsouravbanerjee/indian-food-images-dataset/Indian Food Images/Indian Food Images/dharwad_pedha/0a767c036f.jpg,28,dharwad_pedha,train
/kaggle/input/datasets/iamsouravbanerjee/indian-food-images-dataset/Indian Food Images/Indian Food Images/dharwad_pedha/0aedd4dfe4.jpg,28,dharwad_pedha,train
/kaggle/input/datasets/iamsouravbanerjee/indian-food-images-dataset/Indian Food Images/Indian Food Images/dharwad_pedha/0da65c469e.jpg,28,dharwad_pedha,train
/kaggle/input/datasets/iamsouravbanerjee/indian-food-images-dataset/Indian Food Images/Indian Food Images/dharwad_pedha/10edb0367d.jpg,28,dharwad_pedha,train
/kaggle/input/datasets/iamsouravbanerjee/indian-food-images-dataset/Indian Food Images/Indian Food Images/dharwad_pedha/1b176b6edf.jpg,28,dharwad_pedha,train
/kaggle/input/datasets/iamsouravbanerjee/indian-food-images-dataset/Indian Food Images/Indian Food Images/dharwad_pedha/1bffdc5171.jpg,28,dharwad_pedha,train
/kaggle/input/datasets/iamsouravbanerjee/indian-food-images-dataset/Indian Food Images/Indian Food Images/dharwad_pedha/1d5c9b83d3.jpg,28,dharwad_pedha,train
/kaggle/input/datasets/iamsouravbanerjee/indian-food-images-dataset/Indian Food Images/Indian Food Images/dharwad_pedha/1d9a85039f.jpg,28,dharwad_pedha,train
/kaggle/input/datasets/iamsouravbanerjee/indian-food-images-dataset/Indian Food Images/Indian Food Images/dharwad_pedha/1e7e7ddffb.jpg,28,dharwad_pedha,train
/kaggle/input/datasets/iamsouravbanerjee/indian-food-images-dataset/Indian Food Images/Indian Food Images/dharwad_pedha/23b3cfebbd.jpg,28,dharwad_pedha,train
/kaggle/input/datasets/iamsouravbanerjee/indian-food-images-dataset/Indian Food Images/Indian Food Images/dharwad_pedha/26d3303d9a.jpg,28,dharwad_pedha,train
/kaggle/input/datasets/iamsouravbanerjee/indian-food-images-dataset/Indian Food Images/Indian Food Images/dharwad_pedha/2bbc9a371d.jpg,28,dharwad_pedha,train
/kaggle/input/datasets/iamsouravbanerjee/indian-food-images-dataset/Indian Food Images/Indian Food Images/dharwad_pedha/2d6a3e18e9.jpg,28,dharwad_pedha,train
/kaggle/input/datasets/iamsouravbanerjee/indian-food-images-dataset/Indian Food Images/Indian Food Images/dharwad_pedha/2d9332be32.jpg,28,dharwad_pedha,train
/kaggle/input/datasets/iamsouravbanerjee/indian-food-images-dataset/Indian Food Images/Indian Food Images/dharwad_pedha/2fdc85da47.jpg,28,dharwad_pedha,train
/kaggle/input/datasets/iamsouravbanerjee/indian-food-images-dataset/Indian Food Images/Indian Food Images/dharwad_pedha/34a2d344f9.jpg,28,dharwad_pedha,train
/kaggle/input/datasets/iamsouravbanerjee/indian-food-images-dataset/Indian Food Images/Indian Food Images/dharwad_pedha/36caba7dad.jpg,28,dharwad_pedha,train
/kaggle/input/datasets/iamsouravbanerjee/indian-food-images-dataset/Indian Food Images/Indian Food Images/dharwad_pedha/43f89053aa.jpg,28,dharwad_pedha,train
/kaggle/input/datasets/iamsouravbanerjee/indian-food-images-dataset/Indian Food Images/Indian Food Images/dharwad_pedha/46e9c9fdd8.jpg,28,dharwad_pedha,train
/kaggle/input/datasets/iamsouravbanerjee/indian-food-images-dataset/Indian Food Images/Indian Food Images/dharwad_pedha/4bf7aacc4f.jpg,28,dharwad_pedha,train
/kaggle/input/datasets/iamsouravbanerjee/indian-food-images-dataset/Indian Food Images/Indian Food Images/dharwad_pedha/4c11e0da9c.jpg,28,dharwad_pedha,train
/kaggle/input/datasets/iamsouravbanerjee/indian-food-images-dataset/Indian Food Images/Indian Food Images/dharwad_pedha/4cfc4c3cd5.jpg,28,dharwad_pedha,train
/kaggle/input/datasets/iamsouravbanerjee/indian-food-images-dataset/Indian Food Images/Indian Food Images/dharwad_pedha/4e45559726.jpg,28,dharwad_pedha,train
/kaggle/input/datasets/iamsouravbanerjee/indian-food-images-dataset/Indian Food Images/Indian Food Images/dharwad_pedha/4f5452d25e.jpg,28,dharwad_pedha,train
/kaggle/input/datasets/iamsouravbanerjee/indian-food-images-dataset/Indian Food Images/Indian Food Images/dharwad_pedha/57ccce5554.jpg,28,dharwad_pedha,train
/kaggle/input/datasets/iamsouravbanerjee/indian-food-images-dataset/Indian Food Images/Indian Food Images/dharwad_pedha/61dc089c95.jpg,28,dharwad_pedha,train
/kaggle/input/datasets/iamsouravbanerjee/indian-food-images-dataset/Indian Food Images/Indian Food Images/dharwad_pedha/65ed9a0ab3.jpg,28,dharwad_pedha,train
/kaggle/input/datasets/iamsouravbanerjee/indian-food-images-dataset/Indian Food Images/Indian Food Images/dharwad_pedha/6b52791ff7.jpg,28,dharwad_pedha,train
/kaggle/input/datasets/iamsouravbanerjee/indian-food-images-dataset/Indian Food Images/Indian Food Images/dharwad_pedha/6dceb68479.jpg,28,dharwad_pedha,train
/kaggle/input/datasets/iamsouravbanerjee/indian-food-images-dataset/Indian Food Images/Indian Food Images/dharwad_pedha/6e37ad311d.jpg,28,dharwad_pedha,train
/kaggle/input/datasets/iamsouravbanerjee/indian-food-images-dataset/Indian Food Images/Indian Food Images/doodhpak/07f20bd5ca.jpg,29,doodhpak,train
/kaggle/input/datasets/iamsouravbanerjee/indian-food-images-dataset/Indian Food Images/Indian Food Images/doodhpak/0a3b7add45.jpg,29,doodhpak,train
/kaggle/input/datasets/iamsouravbanerjee/indian-food-images-dataset/Indian Food Images/Indian Food Images/doodhpak/0c798f8529.jpg,29,doodhpak,train
/kaggle/input/datasets/iamsouravbanerjee/indian-food-images-dataset/Indian Food Images/Indian Food Images/doodhpak/0db7722fb7.jpg,29,doodhpak,train
/kaggle/input/datasets/iamsouravbanerjee/indian-food-images-dataset/Indian Food Images/Indian Food Images/doodhpak/10e652e60f.jpg,29,doodhpak,train
/kaggle/input/datasets/iamsouravbanerjee/indian-food-images-dataset/Indian Food Images/Indian Food Images/doodhpak/14cd9efbc8.jpg,29,doodhpak,train
/kaggle/input/datasets/iamsouravbanerjee/indian-food-images-dataset/Indian Food Images/Indian Food Images/doodhpak/15e932c326.jpg,29,doodhpak,train
/kaggle/input/datasets/iamsouravbanerjee/indian-food-images-dataset/Indian Food Images/Indian Food Images/doodhpak/1c289f11b8.jpg,29,doodhpak,train
/kaggle/input/datasets/iamsouravbanerjee/indian-food-images-dataset/Indian Food Images/Indian Food Images/doodhpak/1e5fb88200.jpg,29,doodhpak,train
/kaggle/input/datasets/iamsouravbanerjee/indian-food-images-dataset/Indian Food Images/Indian Food Images/doodhpak/1ed0797326.jpg,29,doodhpak,train
/kaggle/input/datasets/iamsouravbanerjee/indian-food-images-dataset/Indian Food Images/Indian Food Images/doodhpak/1f75bd9f79.jpg,29,doodhpak,train
/kaggle/input/datasets/iamsouravbanerjee/indian-food-images-dataset/Indian Food Images/Indian Food Images/doodhpak/20fd9ed360.jpg,29,doodhpak,train
/kaggle/input/datasets/iamsouravbanerjee/indian-food-images-dataset/Indian Food Images/Indian Food Images/doodhpak/24d8baab68.jpg,29,doodhpak,train
/kaggle/input/datasets/iamsouravbanerjee/indian-food-images-dataset/Indian Food Images/Indian Food Images/doodhpak/25e5fb87cc.jpg,29,doodhpak,train
/kaggle/input/datasets/iamsouravbanerjee/indian-food-images-dataset/Indian Food Images/Indian Food Images/doodhpak/2cd9643a66.jpg,29,doodhpak,train
/kaggle/input/datasets/iamsouravbanerjee/indian-food-images-dataset/Indian Food Images/Indian Food Images/doodhpak/35f7b88514.jpg,29,doodhpak,train
/kaggle/input/datasets/iamsouravbanerjee/indian-food-images-dataset/Indian Food Images/Indian Food Images/doodhpak/37fa6cccc4.jpg,29,doodhpak,train
/kaggle/input/datasets/iamsouravbanerjee/indian-food-images-dataset/Indian Food Images/Indian Food Images/doodhpak/3a27e58575.jpg,29,doodhpak,train
/kaggle/input/datasets/iamsouravbanerjee/indian-food-images-dataset/Indian Food Images/Indian Food Images/doodhpak/3a8a156db3.jpg,29,doodhpak,train
/kaggle/input/datasets/iamsouravbanerjee/indian-food-images-dataset/Indian Food Images/Indian Food Images/doodhpak/3d10280219.jpg,29,doodhpak,train
/kaggle/input/datasets/iamsouravbanerjee/indian-food-images-dataset/Indian Food Images/Indian Food Images/doodhpak/3d952d110c.jpg,29,doodhpak,train
/kaggle/input/datasets/iamsouravbanerjee/indian-food-images-dataset/Indian Food Images/Indian Food Images/doodhpak/40b24eba58.jpg,29,doodhpak,train
/kaggle/input/datasets/iamsouravbanerjee/indian-food-images-dataset/Indian Food Images/Indian Food Images/doodhpak/43bdfd0cdc.jpg,29,doodhpak,train
/kaggle/input/datasets/iamsouravbanerjee/indian-food-images-dataset/Indian Food Images/Indian Food Images/doodhpak/4a78d6bbd7.jpg,29,doodhpak,train
/kaggle/input/datasets/iamsouravbanerjee/indian-food-images-dataset/Indian Food Images/Indian Food Images/doodhpak/4b2fb87b8f.jpg,29,doodhpak,train
/kaggle/input/datasets/iamsouravbanerjee/indian-food-images-dataset/Indian Food Images/Indian Food Images/doodhpak/4b4959ac91.jpg,29,doodhpak,train
/kaggle/input/datasets/iamsouravbanerjee/indian-food-images-dataset/Indian Food Images/Indian Food Images/doodhpak/4b5cc40d54.jpg,29,doodhpak,train
/kaggle/input/datasets/iamsouravbanerjee/indian-food-images-dataset/Indian Food Images/Indian Food Images/doodhpak/4cc4a2174c.jpg,29,doodhpak,train
/kaggle/input/datasets/iamsouravbanerjee/indian-food-images-dataset/Indian Food Images/Indian Food Images/doodhpak/4ce68deb06.jpg,29,doodhpak,train
/kaggle/input/datasets/iamsouravbanerjee/indian-food-images-dataset/Indian Food Images/Indian Food Images/doodhpak/4eb72eb794.jpg,29,doodhpak,train
/kaggle/input/datasets/iamsouravbanerjee/indian-food-images-dataset/Indian Food Images/Indian Food Images/doodhpak/55c7ed01c2.jpg,29,doodhpak,train
/kaggle/input/datasets/iamsouravbanerjee/indian-food-images-dataset/Indian Food Images/Indian Food Images/doodhpak/5a54ebbd4c.jpg,29,doodhpak,train
/kaggle/input/datasets/iamsouravbanerjee/indian-food-images-dataset/Indian Food Images/Indian Food Images/doodhpak/5da9f4f09b.jpg,29,doodhpak,train
/kaggle/input/datasets/iamsouravbanerjee/indian-food-images-dataset/Indian Food Images/Indian Food Images/doodhpak/5e9b4d5687.jpg,29,doodhpak,train
/kaggle/input/datasets/iamsouravbanerjee/indian-food-images-dataset/Indian Food Images/Indian Food Images/doodhpak/5eb1c7b6d6.jpg,29,doodhpak,train
/kaggle/input/datasets/iamsouravbanerjee/indian-food-images-dataset/Indian Food Images/Indian Food Images/double_ka_meetha/046f0c2832.jpg,30,double_ka_meetha,train
/kaggle/input/datasets/iamsouravbanerjee/indian-food-images-dataset/Indian Food Images/Indian Food Images/double_ka_meetha/06f40cb05a.jpg,30,double_ka_meetha,train
/kaggle/input/datasets/iamsouravbanerjee/indian-food-images-dataset/Indian Food Images/Indian Food Images/double_ka_meetha/07c458362a.jpg,30,double_ka_meetha,train
/kaggle/input/datasets/iamsouravbanerjee/indian-food-images-dataset/Indian Food Images/Indian Food Images/double_ka_meetha/09abfcb2cb.jpg,30,double_ka_meetha,train
/kaggle/input/datasets/iamsouravbanerjee/indian-food-images-dataset/Indian Food Images/Indian Food Images/double_ka_meetha/0b39538afa.jpg,30,double_ka_meetha,train
/kaggle/input/datasets/iamsouravbanerjee/indian-food-images-dataset/Indian Food Images/Indian Food Images/double_ka_meetha/0b5af5925a.jpg,30,double_ka_meetha,train
/kaggle/input/datasets/iamsouravbanerjee/indian-food-images-dataset/Indian Food Images/Indian Food Images/double_ka_meetha/0c55ff62e1.jpg,30,double_ka_meetha,train
/kaggle/input/datasets/iamsouravbanerjee/indian-food-images-dataset/Indian Food Images/Indian Food Images/double_ka_meetha/0d63dd091d.jpg,30,double_ka_meetha,train
/kaggle/input/datasets/iamsouravbanerjee/indian-food-images-dataset/Indian Food Images/Indian Food Images/double_ka_meetha/0e5e473721.jpg,30,double_ka_meetha,train
/kaggle/input/datasets/iamsouravbanerjee/indian-food-images-dataset/Indian Food Images/Indian Food Images/double_ka_meetha/11b2c5a5eb.jpg,30,double_ka_meetha,train
/kaggle/input/datasets/iamsouravbanerjee/indian-food-images-dataset/Indian Food Images/Indian Food Images/double_ka_meetha/11f01c4f78.jpg,30,double_ka_meetha,train
/kaggle/input/datasets/iamsouravbanerjee/indian-food-images-dataset/Indian Food Images/Indian Food Images/double_ka_meetha/15bc747af0.jpg,30,double_ka_meetha,train
/kaggle/input/datasets/iamsouravbanerjee/indian-food-images-dataset/Indian Food Images/Indian Food Images/double_ka_meetha/1b7f737471.jpg,30,double_ka_meetha,train
/kaggle/input/datasets/iamsouravbanerjee/indian-food-images-dataset/Indian Food Images/Indian Food Images/double_ka_meetha/1c1c0923e4.jpg,30,double_ka_meetha,train
/kaggle/input/datasets/iamsouravbanerjee/indian-food-images-dataset/Indian Food Images/Indian Food Images/double_ka_meetha/1c775f2e05.jpg,30,double_ka_meetha,train
/kaggle/input/datasets/iamsouravbanerjee/indian-food-images-dataset/Indian Food Images/Indian Food Images/double_ka_meetha/1ce6f1b2dd.jpg,30,double_ka_meetha,train
/kaggle/input/datasets/iamsouravbanerjee/indian-food-images-dataset/Indian Food Images/Indian Food Images/double_ka_meetha/1ece78d157.jpg,30,double_ka_meetha,train
/kaggle/input/datasets/iamsouravbanerjee/indian-food-images-dataset/Indian Food Images/Indian Food Images/double_ka_meetha/26ffd94fa5.jpg,30,double_ka_meetha,train
/kaggle/input/datasets/iamsouravbanerjee/indian-food-images-dataset/Indian Food Images/Indian Food Images/double_ka_meetha/28a3c49ed3.jpg,30,double_ka_meetha,train
/kaggle/input/datasets/iamsouravbanerjee/indian-food-images-dataset/Indian Food Images/Indian Food Images/double_ka_meetha/2b0a45f06d.jpg,30,double_ka_meetha,train
/kaggle/input/datasets/iamsouravbanerjee/indian-food-images-dataset/Indian Food Images/Indian Food Images/double_ka_meetha/2d356060e5.jpg,30,double_ka_meetha,train
/kaggle/input/datasets/iamsouravbanerjee/indian-food-images-dataset/Indian Food Images/Indian Food Images/double_ka_meetha/34f14b6d3e.jpg,30,double_ka_meetha,train
/kaggle/input/datasets/iamsouravbanerjee/indian-food-images-dataset/Indian Food Images/Indian Food Images/double_ka_meetha/3ef0fa0b2e.jpg,30,double_ka_meetha,train
/kaggle/input/datasets/iamsouravbanerjee/indian-food-images-dataset/Indian Food Images/Indian Food Images/double_ka_meetha/3fa6453f3f.jpg,30,double_ka_meetha,train
/kaggle/input/datasets/iamsouravbanerjee/indian-food-images-dataset/Indian Food Images/Indian Food Images/double_ka_meetha/40f1c8aad5.jpg,30,double_ka_meetha,train
/kaggle/input/datasets/iamsouravbanerjee/indian-food-images-dataset/Indian Food Images/Indian Food Images/double_ka_meetha/4b40ceb147.jpg,30,double_ka_meetha,train
/kaggle/input/datasets/iamsouravbanerjee/indian-food-images-dataset/Indian Food Images/Indian Food Images/double_ka_meetha/4b4cb2163c.jpg,30,double_ka_meetha,train
/kaggle/input/datasets/iamsouravbanerjee/indian-food-images-dataset/Indian Food Images/Indian Food Images/double_ka_meetha/4d457863b8.jpg,30,double_ka_meetha,train
/kaggle/input/datasets/iamsouravbanerjee/indian-food-images-dataset/Indian Food Images/Indian Food Images/double_ka_meetha/4d56b33a25.jpg,30,double_ka_meetha,train
/kaggle/input/datasets/iamsouravbanerjee/indian-food-images-dataset/Indian Food Images/Indian Food Images/double_ka_meetha/4f0a863e01.jpg,30,double_ka_meetha,train
/kaggle/input/datasets/iamsouravbanerjee/indian-food-images-dataset/Indian Food Images/Indian Food Images/double_ka_meetha/4f13538dea.jpg,30,double_ka_meetha,train
/kaggle/input/datasets/iamsouravbanerjee/indian-food-images-dataset/Indian Food Images/Indian Food Images/double_ka_meetha/5b5e83b03a.jpg,30,double_ka_meetha,train
/kaggle/input/datasets/iamsouravbanerjee/indian-food-images-dataset/Indian Food Images/Indian Food Images/double_ka_meetha/5e6638a3dd.jpg,30,double_ka_meetha,train
/kaggle/input/datasets/iamsouravbanerjee/indian-food-images-dataset/Indian Food Images/Indian Food Images/double_ka_meetha/5fe0029f1d.jpg,30,double_ka_meetha,train
/kaggle/input/datasets/iamsouravbanerjee/indian-food-images-dataset/Indian Food Images/Indian Food Images/double_ka_meetha/6a8528f4d4.jpg,30,double_ka_meetha,train
/kaggle/input/datasets/iamsouravbanerjee/indian-food-images-dataset/Indian Food Images/Indian Food Images/dum_aloo/004f9f6b23.jpg,31,dum_aloo,train
/kaggle/input/datasets/iamsouravbanerjee/indian-food-images-dataset/Indian Food Images/Indian Food Images/dum_aloo/06c2920644.jpg,31,dum_aloo,train
/kaggle/input/datasets/iamsouravbanerjee/indian-food-images-dataset/Indian Food Images/Indian Food Images/dum_aloo/07e5754946.jpg,31,dum_aloo,train
/kaggle/input/datasets/iamsouravbanerjee/indian-food-images-dataset/Indian Food Images/Indian Food Images/dum_aloo/0ba82d276f.jpg,31,dum_aloo,train
/kaggle/input/datasets/iamsouravbanerjee/indian-food-images-dataset/Indian Food Images/Indian Food Images/dum_aloo/0bd2f4732b.jpg,31,dum_aloo,train
/kaggle/input/datasets/iamsouravbanerjee/indian-food-images-dataset/Indian Food Images/Indian Food Images/dum_aloo/0c367cd2fa.jpg,31,dum_aloo,train
/kaggle/input/datasets/iamsouravbanerjee/indian-food-images-dataset/Indian Food Images/Indian Food Images/dum_aloo/0f12112b79.jpg,31,dum_aloo,train
/kaggle/input/datasets/iamsouravbanerjee/indian-food-images-dataset/Indian Food Images/Indian Food Images/dum_aloo/0f6f96ecec.jpg,31,dum_aloo,train
/kaggle/input/datasets/iamsouravbanerjee/indian-food-images-dataset/Indian Food Images/Indian Food Images/dum_aloo/10fe5ccdd8.jpg,31,dum_aloo,train
/kaggle/input/datasets/iamsouravbanerjee/indian-food-images-dataset/Indian Food Images/Indian Food Images/dum_aloo/17a54150df.jpg,31,dum_aloo,train
/kaggle/input/datasets/iamsouravbanerjee/indian-food-images-dataset/Indian Food Images/Indian Food Images/dum_aloo/1a563b289c.jpg,31,dum_aloo,train
/kaggle/input/datasets/iamsouravbanerjee/indian-food-images-dataset/Indian Food Images/Indian Food Images/dum_aloo/1c07d7ceed.jpg,31,dum_aloo,train
/kaggle/input/datasets/iamsouravbanerjee/indian-food-images-dataset/Indian Food Images/Indian Food Images/dum_aloo/1efbacea88.jpg,31,dum_aloo,train
/kaggle/input/datasets/iamsouravbanerjee/indian-food-images-dataset/Indian Food Images/Indian Food Images/dum_aloo/26a68bb286.jpg,31,dum_aloo,train
/kaggle/input/datasets/iamsouravbanerjee/indian-food-images-dataset/Indian Food Images/Indian Food Images/dum_aloo/28aabc7748.jpg,31,dum_aloo,train
/kaggle/input/datasets/iamsouravbanerjee/indian-food-images-dataset/Indian Food Images/Indian Food Images/dum_aloo/2b18ac0978.jpg,31,dum_aloo,train
/kaggle/input/datasets/iamsouravbanerjee/indian-food-images-dataset/Indian Food Images/Indian Food Images/dum_aloo/30c7d7634d.jpg,31,dum_aloo,train
/kaggle/input/datasets/iamsouravbanerjee/indian-food-images-dataset/Indian Food Images/Indian Food Images/dum_aloo/32bdacd41c.jpg,31,dum_aloo,train
/kaggle/input/datasets/iamsouravbanerjee/indian-food-images-dataset/Indian Food Images/Indian Food Images/dum_aloo/33dd30f8ab.jpg,31,dum_aloo,train
/kaggle/input/datasets/iamsouravbanerjee/indian-food-images-dataset/Indian Food Images/Indian Food Images/dum_aloo/35ec0bd783.jpg,31,dum_aloo,train
/kaggle/input/datasets/iamsouravbanerjee/indian-food-images-dataset/Indian Food Images/Indian Food Images/dum_aloo/37a543a68d.jpg,31,dum_aloo,train
/kaggle/input/datasets/iamsouravbanerjee/indian-food-images-dataset/Indian Food Images/Indian Food Images/dum_aloo/37ece17b1b.jpg,31,dum_aloo,train
/kaggle/input/datasets/iamsouravbanerjee/indian-food-images-dataset/Indian Food Images/Indian Food Images/dum_aloo/37eef776dc.jpg,31,dum_aloo,train
/kaggle/input/datasets/iamsouravbanerjee/indian-food-images-dataset/Indian Food Images/Indian Food Images/dum_aloo/3b9fc116e2.jpg,31,dum_aloo,train
/kaggle/input/datasets/iamsouravbanerjee/indian-food-images-dataset/Indian Food Images/Indian Food Images/dum_aloo/3c5134150a.jpg,31,dum_aloo,train
/kaggle/input/datasets/iamsouravbanerjee/indian-food-images-dataset/Indian Food Images/Indian Food Images/dum_aloo/3c82492cd3.jpg,31,dum_aloo,train
/kaggle/input/datasets/iamsouravbanerjee/indian-food-images-dataset/Indian Food Images/Indian Food Images/dum_aloo/3ca98e85a5.jpg,31,dum_aloo,train
/kaggle/input/datasets/iamsouravbanerjee/indian-food-images-dataset/Indian Food Images/Indian Food Images/dum_aloo/3d4d8247f8.jpg,31,dum_aloo,train
/kaggle/input/datasets/iamsouravbanerjee/indian-food-images-dataset/Indian Food Images/Indian Food Images/dum_aloo/4ba3dc724b.jpg,31,dum_aloo,train
/kaggle/input/datasets/iamsouravbanerjee/indian-food-images-dataset/Indian Food Images/Indian Food Images/dum_aloo/4c0e6406cd.jpg,31,dum_aloo,train
/kaggle/input/datasets/iamsouravbanerjee/indian-food-images-dataset/Indian Food Images/Indian Food Images/dum_aloo/4d8ce32deb.jpg,31,dum_aloo,train
/kaggle/input/datasets/iamsouravbanerjee/indian-food-images-dataset/Indian Food Images/Indian Food Images/dum_aloo/4ea0c40532.jpg,31,dum_aloo,train
/kaggle/input/datasets/iamsouravbanerjee/indian-food-images-dataset/Indian Food Images/Indian Food Images/dum_aloo/5a2d8d8f82.jpg,31,dum_aloo,train
/kaggle/input/datasets/iamsouravbanerjee/indian-food-images-dataset/Indian Food Images/Indian Food Images/dum_aloo/5a8d8c6b5e.jpg,31,dum_aloo,train
/kaggle/input/datasets/iamsouravbanerjee/indian-food-images-dataset/Indian Food Images/Indian Food Images/dum_aloo/5bc328a693.jpg,31,dum_aloo,train
/kaggle/input/datasets/iamsouravbanerjee/indian-food-images-dataset/Indian Food Images/Indian Food Images/gajar_ka_halwa/08bcf83d09.jpg,32,gajar_ka_halwa,train
/kaggle/input/datasets/iamsouravbanerjee/indian-food-images-dataset/Indian Food Images/Indian Food Images/gajar_ka_halwa/0b18223d3f.jpg,32,gajar_ka_halwa,train
/kaggle/input/datasets/iamsouravbanerjee/indian-food-images-dataset/Indian Food Images/Indian Food Images/gajar_ka_halwa/0b936843f0.jpg,32,gajar_ka_halwa,train
/kaggle/input/datasets/iamsouravbanerjee/indian-food-images-dataset/Indian Food Images/Indian Food Images/gajar_ka_halwa/10a91bd6cc.jpg,32,gajar_ka_halwa,train
/kaggle/input/datasets/iamsouravbanerjee/indian-food-images-dataset/Indian Food Images/Indian Food Images/gajar_ka_halwa/10eb87f1ea.jpg,32,gajar_ka_halwa,train
/kaggle/input/datasets/iamsouravbanerjee/indian-food-images-dataset/Indian Food Images/Indian Food Images/gajar_ka_halwa/11e667948f.jpg,32,gajar_ka_halwa,train
/kaggle/input/datasets/iamsouravbanerjee/indian-food-images-dataset/Indian Food Images/Indian Food Images/gajar_ka_halwa/17aa53e308.jpg,32,gajar_ka_halwa,train
/kaggle/input/datasets/iamsouravbanerjee/indian-food-images-dataset/Indian Food Images/Indian Food Images/gajar_ka_halwa/19eb1e1343.jpg,32,gajar_ka_halwa,train
/kaggle/input/datasets/iamsouravbanerjee/indian-food-images-dataset/Indian Food Images/Indian Food Images/gajar_ka_halwa/1ebaf95df7.jpg,32,gajar_ka_halwa,train
/kaggle/input/datasets/iamsouravbanerjee/indian-food-images-dataset/Indian Food Images/Indian Food Images/gajar_ka_halwa/1f5a4c9f85.jpg,32,gajar_ka_halwa,train
/kaggle/input/datasets/iamsouravbanerjee/indian-food-images-dataset/Indian Food Images/Indian Food Images/gajar_ka_halwa/20fba242b0.jpg,32,gajar_ka_halwa,train
/kaggle/input/datasets/iamsouravbanerjee/indian-food-images-dataset/Indian Food Images/Indian Food Images/gajar_ka_halwa/21bf3d2c8b.jpg,32,gajar_ka_halwa,train
/kaggle/input/datasets/iamsouravbanerjee/indian-food-images-dataset/Indian Food Images/Indian Food Images/gajar_ka_halwa/26de8958c4.jpg,32,gajar_ka_halwa,train
/kaggle/input/datasets/iamsouravbanerjee/indian-food-images-dataset/Indian Food Images/Indian Food Images/gajar_ka_halwa/29c2b0c1fb.jpg,32,gajar_ka_halwa,train
/kaggle/input/datasets/iamsouravbanerjee/indian-food-images-dataset/Indian Food Images/Indian Food Images/gajar_ka_halwa/2ae3dfd4ba.jpg,32,gajar_ka_halwa,train
/kaggle/input/datasets/iamsouravbanerjee/indian-food-images-dataset/Indian Food Images/Indian Food Images/gajar_ka_halwa/2b22d04ca0.jpg,32,gajar_ka_halwa,train
/kaggle/input/datasets/iamsouravbanerjee/indian-food-images-dataset/Indian Food Images/Indian Food Images/gajar_ka_halwa/2d948fcff4.jpg,32,gajar_ka_halwa,train
/kaggle/input/datasets/iamsouravbanerjee/indian-food-images-dataset/Indian Food Images/Indian Food Images/gajar_ka_halwa/2dacf7a129.jpg,32,gajar_ka_halwa,train
/kaggle/input/datasets/iamsouravbanerjee/indian-food-images-dataset/Indian Food Images/Indian Food Images/gajar_ka_halwa/2ebedc70f2.jpg,32,gajar_ka_halwa,train
/kaggle/input/datasets/iamsouravbanerjee/indian-food-images-dataset/Indian Food Images/Indian Food Images/gajar_ka_halwa/35f27c0247.jpg,32,gajar_ka_halwa,train
/kaggle/input/datasets/iamsouravbanerjee/indian-food-images-dataset/Indian Food Images/Indian Food Images/gajar_ka_halwa/36ad77e8b4.jpg,32,gajar_ka_halwa,train
/kaggle/input/datasets/iamsouravbanerjee/indian-food-images-dataset/Indian Food Images/Indian Food Images/gajar_ka_halwa/3ac246365e.jpg,32,gajar_ka_halwa,train
/kaggle/input/datasets/iamsouravbanerjee/indian-food-images-dataset/Indian Food Images/Indian Food Images/gajar_ka_halwa/3c6e62dfee.jpg,32,gajar_ka_halwa,train
/kaggle/input/datasets/iamsouravbanerjee/indian-food-images-dataset/Indian Food Images/Indian Food Images/gajar_ka_halwa/3ddaa8a6bf.jpg,32,gajar_ka_halwa,train
/kaggle/input/datasets/iamsouravbanerjee/indian-food-images-dataset/Indian Food Images/Indian Food Images/gajar_ka_halwa/3de9644cdb.jpg,32,gajar_ka_halwa,train
/kaggle/input/datasets/iamsouravbanerjee/indian-food-images-dataset/Indian Food Images/Indian Food Images/gajar_ka_halwa/3e783471c2.jpg,32,gajar_ka_halwa,train
/kaggle/input/datasets/iamsouravbanerjee/indian-food-images-dataset/Indian Food Images/Indian Food Images/gajar_ka_halwa/3fd12255b5.jpg,32,gajar_ka_halwa,train
/kaggle/input/datasets/iamsouravbanerjee/indian-food-images-dataset/Indian Food Images/Indian Food Images/gajar_ka_halwa/40e140e721.jpg,32,gajar_ka_halwa,train
/kaggle/input/datasets/iamsouravbanerjee/indian-food-images-dataset/Indian Food Images/Indian Food Images/gajar_ka_halwa/4c4e206fe0.jpg,32,gajar_ka_halwa,train
/kaggle/input/datasets/iamsouravbanerjee/indian-food-images-dataset/Indian Food Images/Indian Food Images/gajar_ka_halwa/4c7d032045.jpg,32,gajar_ka_halwa,train
/kaggle/input/datasets/iamsouravbanerjee/indian-food-images-dataset/Indian Food Images/Indian Food Images/gajar_ka_halwa/4f1adc50a8.jpg,32,gajar_ka_halwa,train
/kaggle/input/datasets/iamsouravbanerjee/indian-food-images-dataset/Indian Food Images/Indian Food Images/gajar_ka_halwa/5c6f520559.jpg,32,gajar_ka_halwa,train
/kaggle/input/datasets/iamsouravbanerjee/indian-food-images-dataset/Indian Food Images/Indian Food Images/gajar_ka_halwa/5d35a4b525.jpg,32,gajar_ka_halwa,train
/kaggle/input/datasets/iamsouravbanerjee/indian-food-images-dataset/Indian Food Images/Indian Food Images/gajar_ka_halwa/5fb63befa8.jpg,32,gajar_ka_halwa,train
/kaggle/input/datasets/iamsouravbanerjee/indian-food-images-dataset/Indian Food Images/Indian Food Images/gajar_ka_halwa/6ab4976553.jpg,32,gajar_ka_halwa,train
/kaggle/input/datasets/iamsouravbanerjee/indian-food-images-dataset/Indian Food Images/Indian Food Images/gavvalu/043a22a2be.jpg,33,gavvalu,train
/kaggle/input/datasets/iamsouravbanerjee/indian-food-images-dataset/Indian Food Images/Indian Food Images/gavvalu/0b58b992d2.jpg,33,gavvalu,train
/kaggle/input/datasets/iamsouravbanerjee/indian-food-images-dataset/Indian Food Images/Indian Food Images/gavvalu/0c20b919e8.jpg,33,gavvalu,train
/kaggle/input/datasets/iamsouravbanerjee/indian-food-images-dataset/Indian Food Images/Indian Food Images/gavvalu/0e208779a7.jpg,33,gavvalu,train
/kaggle/input/datasets/iamsouravbanerjee/indian-food-images-dataset/Indian Food Images/Indian Food Images/gavvalu/0fec023b79.jpg,33,gavvalu,train
/kaggle/input/datasets/iamsouravbanerjee/indian-food-images-dataset/Indian Food Images/Indian Food Images/gavvalu/11d1e4538c.jpg,33,gavvalu,train
/kaggle/input/datasets/iamsouravbanerjee/indian-food-images-dataset/Indian Food Images/Indian Food Images/gavvalu/14af062b06.jpg,33,gavvalu,train
/kaggle/input/datasets/iamsouravbanerjee/indian-food-images-dataset/Indian Food Images/Indian Food Images/gavvalu/14c08923f6.jpg,33,gavvalu,train
/kaggle/input/datasets/iamsouravbanerjee/indian-food-images-dataset/Indian Food Images/Indian Food Images/gavvalu/16bf7716ed.jpg,33,gavvalu,train
/kaggle/input/datasets/iamsouravbanerjee/indian-food-images-dataset/Indian Food Images/Indian Food Images/gavvalu/16d3284dc2.jpg,33,gavvalu,train
/kaggle/input/datasets/iamsouravbanerjee/indian-food-images-dataset/Indian Food Images/Indian Food Images/gavvalu/1a38d1b373.jpg,33,gavvalu,train
/kaggle/input/datasets/iamsouravbanerjee/indian-food-images-dataset/Indian Food Images/Indian Food Images/gavvalu/1afb114c46.jpg,33,gavvalu,train
/kaggle/input/datasets/iamsouravbanerjee/indian-food-images-dataset/Indian Food Images/Indian Food Images/gavvalu/1ba4f39e3f.jpg,33,gavvalu,train
/kaggle/input/datasets/iamsouravbanerjee/indian-food-images-dataset/Indian Food Images/Indian Food Images/gavvalu/1bb49fdd4c.jpg,33,gavvalu,train
/kaggle/input/datasets/iamsouravbanerjee/indian-food-images-dataset/Indian Food Images/Indian Food Images/gavvalu/22ae6a4bab.jpg,33,gavvalu,train
/kaggle/input/datasets/iamsouravbanerjee/indian-food-images-dataset/Indian Food Images/Indian Food Images/gavvalu/24bbe231c8.jpg,33,gavvalu,train
/kaggle/input/datasets/iamsouravbanerjee/indian-food-images-dataset/Indian Food Images/Indian Food Images/gavvalu/2a9c356ca2.jpg,33,gavvalu,train
/kaggle/input/datasets/iamsouravbanerjee/indian-food-images-dataset/Indian Food Images/Indian Food Images/gavvalu/2cf21d246f.jpg,33,gavvalu,train
/kaggle/input/datasets/iamsouravbanerjee/indian-food-images-dataset/Indian Food Images/Indian Food Images/gavvalu/2f97f020e1.jpg,33,gavvalu,train
/kaggle/input/datasets/iamsouravbanerjee/indian-food-images-dataset/Indian Food Images/Indian Food Images/gavvalu/2ff491725d.jpg,33,gavvalu,train
/kaggle/input/datasets/iamsouravbanerjee/indian-food-images-dataset/Indian Food Images/Indian Food Images/gavvalu/2fffdcfc3a.jpg,33,gavvalu,train
/kaggle/input/datasets/iamsouravbanerjee/indian-food-images-dataset/Indian Food Images/Indian Food Images/gavvalu/31c1f56068.jpg,33,gavvalu,train
/kaggle/input/datasets/iamsouravbanerjee/indian-food-images-dataset/Indian Food Images/Indian Food Images/gavvalu/36f0207d7e.jpg,33,gavvalu,train
/kaggle/input/datasets/iamsouravbanerjee/indian-food-images-dataset/Indian Food Images/Indian Food Images/gavvalu/37cdce03b6.jpg,33,gavvalu,train
/kaggle/input/datasets/iamsouravbanerjee/indian-food-images-dataset/Indian Food Images/Indian Food Images/gavvalu/3a028d5723.jpg,33,gavvalu,train
/kaggle/input/datasets/iamsouravbanerjee/indian-food-images-dataset/Indian Food Images/Indian Food Images/gavvalu/3c87359c17.jpg,33,gavvalu,train
/kaggle/input/datasets/iamsouravbanerjee/indian-food-images-dataset/Indian Food Images/Indian Food Images/gavvalu/3e0e6f8454.jpg,33,gavvalu,train
/kaggle/input/datasets/iamsouravbanerjee/indian-food-images-dataset/Indian Food Images/Indian Food Images/gavvalu/3f6aae5329.jpg,33,gavvalu,train
/kaggle/input/datasets/iamsouravbanerjee/indian-food-images-dataset/Indian Food Images/Indian Food Images/gavvalu/40d2bba6e7.jpg,33,gavvalu,train
/kaggle/input/datasets/iamsouravbanerjee/indian-food-images-dataset/Indian Food Images/Indian Food Images/gavvalu/4b842b05d3.jpg,33,gavvalu,train
/kaggle/input/datasets/iamsouravbanerjee/indian-food-images-dataset/Indian Food Images/Indian Food Images/gavvalu/4d61c64fbb.jpg,33,gavvalu,train
/kaggle/input/datasets/iamsouravbanerjee/indian-food-images-dataset/Indian Food Images/Indian Food Images/gavvalu/5a7fc9f47c.jpg,33,gavvalu,train
/kaggle/input/datasets/iamsouravbanerjee/indian-food-images-dataset/Indian Food Images/Indian Food Images/gavvalu/5b0c97055d.jpg,33,gavvalu,train
/kaggle/input/datasets/iamsouravbanerjee/indian-food-images-dataset/Indian Food Images/Indian Food Images/gavvalu/5ba59dac83.jpg,33,gavvalu,train
/kaggle/input/datasets/iamsouravbanerjee/indian-food-images-dataset/Indian Food Images/Indian Food Images/gavvalu/5fbf70dc26.jpg,33,gavvalu,train
/kaggle/input/datasets/iamsouravbanerjee/indian-food-images-dataset/Indian Food Images/Indian Food Images/ghevar/010be966d9.jpg,34,ghevar,train
/kaggle/input/datasets/iamsouravbanerjee/indian-food-images-dataset/Indian Food Images/Indian Food Images/ghevar/06ab0d6aa8.jpg,34,ghevar,train
/kaggle/input/datasets/iamsouravbanerjee/indian-food-images-dataset/Indian Food Images/Indian Food Images/ghevar/0c4640fa88.jpg,34,ghevar,train
/kaggle/input/datasets/iamsouravbanerjee/indian-food-images-dataset/Indian Food Images/Indian Food Images/ghevar/0ed90bd46e.jpg,34,ghevar,train
/kaggle/input/datasets/iamsouravbanerjee/indian-food-images-dataset/Indian Food Images/Indian Food Images/ghevar/0fb13e4431.jpg,34,ghevar,train
/kaggle/input/datasets/iamsouravbanerjee/indian-food-images-dataset/Indian Food Images/Indian Food Images/ghevar/15e1e86dce.jpg,34,ghevar,train
/kaggle/input/datasets/iamsouravbanerjee/indian-food-images-dataset/Indian Food Images/Indian Food Images/ghevar/18b1fc5590.jpg,34,ghevar,train
/kaggle/input/datasets/iamsouravbanerjee/indian-food-images-dataset/Indian Food Images/Indian Food Images/ghevar/1a4c6f4cf2.jpg,34,ghevar,train
/kaggle/input/datasets/iamsouravbanerjee/indian-food-images-dataset/Indian Food Images/Indian Food Images/ghevar/1c25438329.jpg,34,ghevar,train
/kaggle/input/datasets/iamsouravbanerjee/indian-food-images-dataset/Indian Food Images/Indian Food Images/ghevar/1d57aebd8e.jpg,34,ghevar,train
/kaggle/input/datasets/iamsouravbanerjee/indian-food-images-dataset/Indian Food Images/Indian Food Images/ghevar/1e0c1578e3.jpg,34,ghevar,train
/kaggle/input/datasets/iamsouravbanerjee/indian-food-images-dataset/Indian Food Images/Indian Food Images/ghevar/1f6703e926.jpg,34,ghevar,train
/kaggle/input/datasets/iamsouravbanerjee/indian-food-images-dataset/Indian Food Images/Indian Food Images/ghevar/23f83cb080.jpg,34,ghevar,train
/kaggle/input/datasets/iamsouravbanerjee/indian-food-images-dataset/Indian Food Images/Indian Food Images/ghevar/26cc114b67.jpg,34,ghevar,train
/kaggle/input/datasets/iamsouravbanerjee/indian-food-images-dataset/Indian Food Images/Indian Food Images/ghevar/2ac3b35e94.jpg,34,ghevar,train
/kaggle/input/datasets/iamsouravbanerjee/indian-food-images-dataset/Indian Food Images/Indian Food Images/ghevar/2d0482db40.jpg,34,ghevar,train
/kaggle/input/datasets/iamsouravbanerjee/indian-food-images-dataset/Indian Food Images/Indian Food Images/ghevar/2d6afa9288.jpg,34,ghevar,train
/kaggle/input/datasets/iamsouravbanerjee/indian-food-images-dataset/Indian Food Images/Indian Food Images/ghevar/32ea218af4.jpg,34,ghevar,train
/kaggle/input/datasets/iamsouravbanerjee/indian-food-images-dataset/Indian Food Images/Indian Food Images/ghevar/33f55d8ccb.jpg,34,ghevar,train
/kaggle/input/datasets/iamsouravbanerjee/indian-food-images-dataset/Indian Food Images/Indian Food Images/ghevar/3ad233bfe0.jpg,34,ghevar,train
/kaggle/input/datasets/iamsouravbanerjee/indian-food-images-dataset/Indian Food Images/Indian Food Images/ghevar/3b1747a1f1.jpg,34,ghevar,train
/kaggle/input/datasets/iamsouravbanerjee/indian-food-images-dataset/Indian Food Images/Indian Food Images/ghevar/3dd5d90191.jpg,34,ghevar,train
/kaggle/input/datasets/iamsouravbanerjee/indian-food-images-dataset/Indian Food Images/Indian Food Images/ghevar/3e4797cb98.jpg,34,ghevar,train
/kaggle/input/datasets/iamsouravbanerjee/indian-food-images-dataset/Indian Food Images/Indian Food Images/ghevar/3e8b26214c.jpg,34,ghevar,train
/kaggle/input/datasets/iamsouravbanerjee/indian-food-images-dataset/Indian Food Images/Indian Food Images/ghevar/3ffda1cfe8.jpg,34,ghevar,train
/kaggle/input/datasets/iamsouravbanerjee/indian-food-images-dataset/Indian Food Images/Indian Food Images/ghevar/42d474fc39.jpg,34,ghevar,train
/kaggle/input/datasets/iamsouravbanerjee/indian-food-images-dataset/Indian Food Images/Indian Food Images/ghevar/47d64d65ca.jpg,34,ghevar,train
/kaggle/input/datasets/iamsouravbanerjee/indian-food-images-dataset/Indian Food Images/Indian Food Images/ghevar/4a4438ea8f.jpg,34,ghevar,train
/kaggle/input/datasets/iamsouravbanerjee/indian-food-images-dataset/Indian Food Images/Indian Food Images/ghevar/4a6eb367bd.jpg,34,ghevar,train
/kaggle/input/datasets/iamsouravbanerjee/indian-food-images-dataset/Indian Food Images/Indian Food Images/ghevar/4ee31f55c3.jpg,34,ghevar,train
/kaggle/input/datasets/iamsouravbanerjee/indian-food-images-dataset/Indian Food Images/Indian Food Images/ghevar/4f1437aaa9.jpg,34,ghevar,train
/kaggle/input/datasets/iamsouravbanerjee/indian-food-images-dataset/Indian Food Images/Indian Food Images/ghevar/52dd927d06.jpg,34,ghevar,train
/kaggle/input/datasets/iamsouravbanerjee/indian-food-images-dataset/Indian Food Images/Indian Food Images/ghevar/58d9abba67.jpg,34,ghevar,train
/kaggle/input/datasets/iamsouravbanerjee/indian-food-images-dataset/Indian Food Images/Indian Food Images/ghevar/5a5a99cea6.jpg,34,ghevar,train
/kaggle/input/datasets/iamsouravbanerjee/indian-food-images-dataset/Indian Food Images/Indian Food Images/ghevar/5e4e545675.jpg,34,ghevar,train
/kaggle/input/datasets/iamsouravbanerjee/indian-food-images-dataset/Indian Food Images/Indian Food Images/gulab_jamun/03e3d2fccb.jpg,35,gulab_jamun,train
/kaggle/input/datasets/iamsouravbanerjee/indian-food-images-dataset/Indian Food Images/Indian Food Images/gulab_jamun/06b493f201.jpg,35,gulab_jamun,train
/kaggle/input/datasets/iamsouravbanerjee/indian-food-images-dataset/Indian Food Images/Indian Food Images/gulab_jamun/07ac023be3.jpg,35,gulab_jamun,train
/kaggle/input/datasets/iamsouravbanerjee/indian-food-images-dataset/Indian Food Images/Indian Food Images/gulab_jamun/07c3926a13.jpg,35,gulab_jamun,train
/kaggle/input/datasets/iamsouravbanerjee/indian-food-images-dataset/Indian Food Images/Indian Food Images/gulab_jamun/09d9a0cae7.jpg,35,gulab_jamun,train
/kaggle/input/datasets/iamsouravbanerjee/indian-food-images-dataset/Indian Food Images/Indian Food Images/gulab_jamun/0a5c8e672d.jpg,35,gulab_jamun,train
/kaggle/input/datasets/iamsouravbanerjee/indian-food-images-dataset/Indian Food Images/Indian Food Images/gulab_jamun/0a66e750db.jpg,35,gulab_jamun,train
/kaggle/input/datasets/iamsouravbanerjee/indian-food-images-dataset/Indian Food Images/Indian Food Images/gulab_jamun/0a8b79f96d.jpg,35,gulab_jamun,train
/kaggle/input/datasets/iamsouravbanerjee/indian-food-images-dataset/Indian Food Images/Indian Food Images/gulab_jamun/0ad2cb5741.jpg,35,gulab_jamun,train
/kaggle/input/datasets/iamsouravbanerjee/indian-food-images-dataset/Indian Food Images/Indian Food Images/gulab_jamun/0b8d448b1c.jpg,35,gulab_jamun,train
/kaggle/input/datasets/iamsouravbanerjee/indian-food-images-dataset/Indian Food Images/Indian Food Images/gulab_jamun/0c53db95ff.jpg,35,gulab_jamun,train
/kaggle/input/datasets/iamsouravbanerjee/indian-food-images-dataset/Indian Food Images/Indian Food Images/gulab_jamun/0d3d36aaf7.jpg,35,gulab_jamun,train
/kaggle/input/datasets/iamsouravbanerjee/indian-food-images-dataset/Indian Food Images/Indian Food Images/gulab_jamun/0d6bf9db5c.jpg,35,gulab_jamun,train
/kaggle/input/datasets/iamsouravbanerjee/indian-food-images-dataset/Indian Food Images/Indian Food Images/gulab_jamun/0d7ce09f3a.jpg,35,gulab_jamun,train
/kaggle/input/datasets/iamsouravbanerjee/indian-food-images-dataset/Indian Food Images/Indian Food Images/gulab_jamun/0e54a8f638.jpg,35,gulab_jamun,train
/kaggle/input/datasets/iamsouravbanerjee/indian-food-images-dataset/Indian Food Images/Indian Food Images/gulab_jamun/0f36acf1ce.jpg,35,gulab_jamun,train
/kaggle/input/datasets/iamsouravbanerjee/indian-food-images-dataset/Indian Food Images/Indian Food Images/gulab_jamun/1b3323c25f.jpg,35,gulab_jamun,train
/kaggle/input/datasets/iamsouravbanerjee/indian-food-images-dataset/Indian Food Images/Indian Food Images/gulab_jamun/1b6060cb40.jpg,35,gulab_jamun,train
/kaggle/input/datasets/iamsouravbanerjee/indian-food-images-dataset/Indian Food Images/Indian Food Images/gulab_jamun/1c6628fa77.jpg,35,gulab_jamun,train
/kaggle/input/datasets/iamsouravbanerjee/indian-food-images-dataset/Indian Food Images/Indian Food Images/gulab_jamun/1d0637e84d.jpg,35,gulab_jamun,train
/kaggle/input/datasets/iamsouravbanerjee/indian-food-images-dataset/Indian Food Images/Indian Food Images/gulab_jamun/1e2e6e290b.jpg,35,gulab_jamun,train
/kaggle/input/datasets/iamsouravbanerjee/indian-food-images-dataset/Indian Food Images/Indian Food Images/gulab_jamun/1e42656520.jpg,35,gulab_jamun,train
/kaggle/input/datasets/iamsouravbanerjee/indian-food-images-dataset/Indian Food Images/Indian Food Images/gulab_jamun/1f57605b9c.jpg,35,gulab_jamun,train
/kaggle/input/datasets/iamsouravbanerjee/indian-food-images-dataset/Indian Food Images/Indian Food Images/gulab_jamun/2a8f099caf.jpg,35,gulab_jamun,train
/kaggle/input/datasets/iamsouravbanerjee/indian-food-images-dataset/Indian Food Images/Indian Food Images/gulab_jamun/2c767ec203.jpg,35,gulab_jamun,train
/kaggle/input/datasets/iamsouravbanerjee/indian-food-images-dataset/Indian Food Images/Indian Food Images/gulab_jamun/2e22f7c8de.jpg,35,gulab_jamun,train
/kaggle/input/datasets/iamsouravbanerjee/indian-food-images-dataset/Indian Food Images/Indian Food Images/gulab_jamun/2e56b97c6a.jpg,35,gulab_jamun,train
/kaggle/input/datasets/iamsouravbanerjee/indian-food-images-dataset/Indian Food Images/Indian Food Images/gulab_jamun/2e8e827545.jpg,35,gulab_jamun,train
/kaggle/input/datasets/iamsouravbanerjee/indian-food-images-dataset/Indian Food Images/Indian Food Images/gulab_jamun/2f2111c5db.jpg,35,gulab_jamun,train
/kaggle/input/datasets/iamsouravbanerjee/indian-food-images-dataset/Indian Food Images/Indian Food Images/gulab_jamun/3bdd77d45e.jpg,35,gulab_jamun,train
/kaggle/input/datasets/iamsouravbanerjee/indian-food-images-dataset/Indian Food Images/Indian Food Images/gulab_jamun/3ce717f6dd.jpg,35,gulab_jamun,train
/kaggle/input/datasets/iamsouravbanerjee/indian-food-images-dataset/Indian Food Images/Indian Food Images/gulab_jamun/4b583504d9.jpg,35,gulab_jamun,train
/kaggle/input/datasets/iamsouravbanerjee/indian-food-images-dataset/Indian Food Images/Indian Food Images/gulab_jamun/5bda74fb06.jpg,35,gulab_jamun,train
/kaggle/input/datasets/iamsouravbanerjee/indian-food-images-dataset/Indian Food Images/Indian Food Images/gulab_jamun/5cac631fbd.jpg,35,gulab_jamun,train
/kaggle/input/datasets/iamsouravbanerjee/indian-food-images-dataset/Indian Food Images/Indian Food Images/gulab_jamun/5d5548e5dd.jpg,35,gulab_jamun,train
/kaggle/input/datasets/iamsouravbanerjee/indian-food-images-dataset/Indian Food Images/Indian Food Images/imarti/01b8d9568a.jpg,36,imarti,train
/kaggle/input/datasets/iamsouravbanerjee/indian-food-images-dataset/Indian Food Images/Indian Food Images/imarti/02e30fd284.jpg,36,imarti,train
/kaggle/input/datasets/iamsouravbanerjee/indian-food-images-dataset/Indian Food Images/Indian Food Images/imarti/03a3aeef44.jpg,36,imarti,train
/kaggle/input/datasets/iamsouravbanerjee/indian-food-images-dataset/Indian Food Images/Indian Food Images/imarti/0cf4d330e1.jpg,36,imarti,train
/kaggle/input/datasets/iamsouravbanerjee/indian-food-images-dataset/Indian Food Images/Indian Food Images/imarti/0e9dd1cea7.jpg,36,imarti,train
/kaggle/input/datasets/iamsouravbanerjee/indian-food-images-dataset/Indian Food Images/Indian Food Images/imarti/0eb4c06ac5.jpg,36,imarti,train
/kaggle/input/datasets/iamsouravbanerjee/indian-food-images-dataset/Indian Food Images/Indian Food Images/imarti/0ec7436563.jpg,36,imarti,train
/kaggle/input/datasets/iamsouravbanerjee/indian-food-images-dataset/Indian Food Images/Indian Food Images/imarti/0f3f18e961.jpg,36,imarti,train
/kaggle/input/datasets/iamsouravbanerjee/indian-food-images-dataset/Indian Food Images/Indian Food Images/imarti/0f6a6601a4.jpg,36,imarti,train
/kaggle/input/datasets/iamsouravbanerjee/indian-food-images-dataset/Indian Food Images/Indian Food Images/imarti/0f8f8e54fc.jpg,36,imarti,train
/kaggle/input/datasets/iamsouravbanerjee/indian-food-images-dataset/Indian Food Images/Indian Food Images/imarti/0fe7677d44.jpg,36,imarti,train
/kaggle/input/datasets/iamsouravbanerjee/indian-food-images-dataset/Indian Food Images/Indian Food Images/imarti/17ab69ff6b.jpg,36,imarti,train
/kaggle/input/datasets/iamsouravbanerjee/indian-food-images-dataset/Indian Food Images/Indian Food Images/imarti/1d86e64250.jpg,36,imarti,train
/kaggle/input/datasets/iamsouravbanerjee/indian-food-images-dataset/Indian Food Images/Indian Food Images/imarti/1da32c6e50.jpg,36,imarti,train
/kaggle/input/datasets/iamsouravbanerjee/indian-food-images-dataset/Indian Food Images/Indian Food Images/imarti/1e7437bc71.jpg,36,imarti,train
/kaggle/input/datasets/iamsouravbanerjee/indian-food-images-dataset/Indian Food Images/Indian Food Images/imarti/1f0531e071.jpg,36,imarti,train
/kaggle/input/datasets/iamsouravbanerjee/indian-food-images-dataset/Indian Food Images/Indian Food Images/imarti/1f53804f97.jpg,36,imarti,train
/kaggle/input/datasets/iamsouravbanerjee/indian-food-images-dataset/Indian Food Images/Indian Food Images/imarti/2b03dcc53c.jpg,36,imarti,train
/kaggle/input/datasets/iamsouravbanerjee/indian-food-images-dataset/Indian Food Images/Indian Food Images/imarti/2bb150e33e.jpg,36,imarti,train
/kaggle/input/datasets/iamsouravbanerjee/indian-food-images-dataset/Indian Food Images/Indian Food Images/imarti/2f97b9f10c.jpg,36,imarti,train
/kaggle/input/datasets/iamsouravbanerjee/indian-food-images-dataset/Indian Food Images/Indian Food Images/imarti/3a5a0857cf.jpg,36,imarti,train
/kaggle/input/datasets/iamsouravbanerjee/indian-food-images-dataset/Indian Food Images/Indian Food Images/imarti/3b2081eeb1.jpg,36,imarti,train
/kaggle/input/datasets/iamsouravbanerjee/indian-food-images-dataset/Indian Food Images/Indian Food Images/imarti/3b64e1c3fa.jpg,36,imarti,train
/kaggle/input/datasets/iamsouravbanerjee/indian-food-images-dataset/Indian Food Images/Indian Food Images/imarti/3b8b49b55e.jpg,36,imarti,train
/kaggle/input/datasets/iamsouravbanerjee/indian-food-images-dataset/Indian Food Images/Indian Food Images/imarti/3cef5aa6cc.jpg,36,imarti,train
/kaggle/input/datasets/iamsouravbanerjee/indian-food-images-dataset/Indian Food Images/Indian Food Images/imarti/3fa4f1844b.jpg,36,imarti,train
/kaggle/input/datasets/iamsouravbanerjee/indian-food-images-dataset/Indian Food Images/Indian Food Images/imarti/3fd0af5fb3.jpg,36,imarti,train
/kaggle/input/datasets/iamsouravbanerjee/indian-food-images-dataset/Indian Food Images/Indian Food Images/imarti/4c1be7d50f.jpg,36,imarti,train
/kaggle/input/datasets/iamsouravbanerjee/indian-food-images-dataset/Indian Food Images/Indian Food Images/imarti/4c4ff989fd.jpg,36,imarti,train
/kaggle/input/datasets/iamsouravbanerjee/indian-food-images-dataset/Indian Food Images/Indian Food Images/imarti/4ce49fc2c6.jpg,36,imarti,train
/kaggle/input/datasets/iamsouravbanerjee/indian-food-images-dataset/Indian Food Images/Indian Food Images/imarti/4ce722fa11.jpg,36,imarti,train
/kaggle/input/datasets/iamsouravbanerjee/indian-food-images-dataset/Indian Food Images/Indian Food Images/imarti/4d71ad6dfd.jpg,36,imarti,train
/kaggle/input/datasets/iamsouravbanerjee/indian-food-images-dataset/Indian Food Images/Indian Food Images/imarti/5ae4c2b1fe.jpg,36,imarti,train
/kaggle/input/datasets/iamsouravbanerjee/indian-food-images-dataset/Indian Food Images/Indian Food Images/imarti/5bfc8b02a3.jpg,36,imarti,train
/kaggle/input/datasets/iamsouravbanerjee/indian-food-images-dataset/Indian Food Images/Indian Food Images/imarti/5c5748278a.jpg,36,imarti,train
/kaggle/input/datasets/iamsouravbanerjee/indian-food-images-dataset/Indian Food Images/Indian Food Images/jalebi/b26152c6ff.jpg,37,jalebi,train
/kaggle/input/datasets/iamsouravbanerjee/indian-food-images-dataset/Indian Food Images/Indian Food Images/jalebi/b938e6d859.jpg,37,jalebi,train
/kaggle/input/datasets/iamsouravbanerjee/indian-food-images-dataset/Indian Food Images/Indian Food Images/jalebi/bc7cb51b1b.jpg,37,jalebi,train
/kaggle/input/datasets/iamsouravbanerjee/indian-food-images-dataset/Indian Food Images/Indian Food Images/jalebi/bd71cd9421.jpg,37,jalebi,train
/kaggle/input/datasets/iamsouravbanerjee/indian-food-images-dataset/Indian Food Images/Indian Food Images/jalebi/c03d515fd6.jpg,37,jalebi,train
/kaggle/input/datasets/iamsouravbanerjee/indian-food-images-dataset/Indian Food Images/Indian Food Images/jalebi/c3f4802953.jpg,37,jalebi,train
/kaggle/input/datasets/iamsouravbanerjee/indian-food-images-dataset/Indian Food Images/Indian Food Images/jalebi/c44ca0c20c.jpg,37,jalebi,train
/kaggle/input/datasets/iamsouravbanerjee/indian-food-images-dataset/Indian Food Images/Indian Food Images/jalebi/c479c85e7e.jpg,37,jalebi,train
/kaggle/input/datasets/iamsouravbanerjee/indian-food-images-dataset/Indian Food Images/Indian Food Images/jalebi/c553d9bbaa.jpg,37,jalebi,train
/kaggle/input/datasets/iamsouravbanerjee/indian-food-images-dataset/Indian Food Images/Indian Food Images/jalebi/c5c9efc8a1.jpg,37,jalebi,train
/kaggle/input/datasets/iamsouravbanerjee/indian-food-images-dataset/Indian Food Images/Indian Food Images/jalebi/c6dc9c5ebc.jpg,37,jalebi,train
/kaggle/input/datasets/iamsouravbanerjee/indian-food-images-dataset/Indian Food Images/Indian Food Images/jalebi/c7069ac05f.jpg,37,jalebi,train
/kaggle/input/datasets/iamsouravbanerjee/indian-food-images-dataset/Indian Food Images/Indian Food Images/jalebi/c7b505441e.jpg,37,jalebi,train
/kaggle/input/datasets/iamsouravbanerjee/indian-food-images-dataset/Indian Food Images/Indian Food Images/jalebi/c81b531e3b.jpg,37,jalebi,train
/kaggle/input/datasets/iamsouravbanerjee/indian-food-images-dataset/Indian Food Images/Indian Food Images/jalebi/c88031897b.jpg,37,jalebi,train
/kaggle/input/datasets/iamsouravbanerjee/indian-food-images-dataset/Indian Food Images/Indian Food Images/jalebi/cb4adc4473.jpg,37,jalebi,train
/kaggle/input/datasets/iamsouravbanerjee/indian-food-images-dataset/Indian Food Images/Indian Food Images/jalebi/d1d9fdc420.jpg,37,jalebi,train
/kaggle/input/datasets/iamsouravbanerjee/indian-food-images-dataset/Indian Food Images/Indian Food Images/jalebi/d60a8b7078.jpg,37,jalebi,train
/kaggle/input/datasets/iamsouravbanerjee/indian-food-images-dataset/Indian Food Images/Indian Food Images/jalebi/dad0ed9673.jpg,37,jalebi,train
/kaggle/input/datasets/iamsouravbanerjee/indian-food-images-dataset/Indian Food Images/Indian Food Images/jalebi/dc0b42be9a.jpg,37,jalebi,train
/kaggle/input/datasets/iamsouravbanerjee/indian-food-images-dataset/Indian Food Images/Indian Food Images/jalebi/e12f093ca3.jpg,37,jalebi,train
/kaggle/input/datasets/iamsouravbanerjee/indian-food-images-dataset/Indian Food Images/Indian Food Images/jalebi/e290e501aa.jpg,37,jalebi,train
/kaggle/input/datasets/iamsouravbanerjee/indian-food-images-dataset/Indian Food Images/Indian Food Images/jalebi/e40d15cdd7.jpg,37,jalebi,train
/kaggle/input/datasets/iamsouravbanerjee/indian-food-images-dataset/Indian Food Images/Indian Food Images/jalebi/e41e92a801.jpg,37,jalebi,train
/kaggle/input/datasets/iamsouravbanerjee/indian-food-images-dataset/Indian Food Images/Indian Food Images/jalebi/e43cc863ba.jpg,37,jalebi,train
/kaggle/input/datasets/iamsouravbanerjee/indian-food-images-dataset/Indian Food Images/Indian Food Images/jalebi/e743bfb7c7.jpg,37,jalebi,train
/kaggle/input/datasets/iamsouravbanerjee/indian-food-images-dataset/Indian Food Images/Indian Food Images/jalebi/ea5291bc30.jpg,37,jalebi,train
/kaggle/input/datasets/iamsouravbanerjee/indian-food-images-dataset/Indian Food Images/Indian Food Images/jalebi/ec02cd1e2f.jpg,37,jalebi,train
/kaggle/input/datasets/iamsouravbanerjee/indian-food-images-dataset/Indian Food Images/Indian Food Images/jalebi/ec1dc3295c.jpg,37,jalebi,train
/kaggle/input/datasets/iamsouravbanerjee/indian-food-images-dataset/Indian Food Images/Indian Food Images/jalebi/ed8c0f52c4.jpg,37,jalebi,train
/kaggle/input/datasets/iamsouravbanerjee/indian-food-images-dataset/Indian Food Images/Indian Food Images/jalebi/ee06f2da2c.jpg,37,jalebi,train
/kaggle/input/datasets/iamsouravbanerjee/indian-food-images-dataset/Indian Food Images/Indian Food Images/jalebi/f086bfe68e.jpg,37,jalebi,train
/kaggle/input/datasets/iamsouravbanerjee/indian-food-images-dataset/Indian Food Images/Indian Food Images/jalebi/f2e4eed7f2.jpg,37,jalebi,train
/kaggle/input/datasets/iamsouravbanerjee/indian-food-images-dataset/Indian Food Images/Indian Food Images/jalebi/f32e491496.jpg,37,jalebi,train
/kaggle/input/datasets/iamsouravbanerjee/indian-food-images-dataset/Indian Food Images/Indian Food Images/jalebi/f380b33ddd.jpg,37,jalebi,train
/kaggle/input/datasets/iamsouravbanerjee/indian-food-images-dataset/Indian Food Images/Indian Food Images/kachori/00ab643520.jpg,38,kachori,train
/kaggle/input/datasets/iamsouravbanerjee/indian-food-images-dataset/Indian Food Images/Indian Food Images/kachori/0c94df292a.jpg,38,kachori,train
/kaggle/input/datasets/iamsouravbanerjee/indian-food-images-dataset/Indian Food Images/Indian Food Images/kachori/0d6461bb49.jpg,38,kachori,train
/kaggle/input/datasets/iamsouravbanerjee/indian-food-images-dataset/Indian Food Images/Indian Food Images/kachori/0dd73a4ca5.jpg,38,kachori,train
/kaggle/input/datasets/iamsouravbanerjee/indian-food-images-dataset/Indian Food Images/Indian Food Images/kachori/0dddfcb42d.jpg,38,kachori,train
/kaggle/input/datasets/iamsouravbanerjee/indian-food-images-dataset/Indian Food Images/Indian Food Images/kachori/0f67dc615e.jpg,38,kachori,train
/kaggle/input/datasets/iamsouravbanerjee/indian-food-images-dataset/Indian Food Images/Indian Food Images/kachori/0fdb6f9685.jpg,38,kachori,train
/kaggle/input/datasets/iamsouravbanerjee/indian-food-images-dataset/Indian Food Images/Indian Food Images/kachori/11ed9a902a.jpg,38,kachori,train
/kaggle/input/datasets/iamsouravbanerjee/indian-food-images-dataset/Indian Food Images/Indian Food Images/kachori/13a52289d5.jpg,38,kachori,train
/kaggle/input/datasets/iamsouravbanerjee/indian-food-images-dataset/Indian Food Images/Indian Food Images/kachori/14bfa0e7c6.jpg,38,kachori,train
/kaggle/input/datasets/iamsouravbanerjee/indian-food-images-dataset/Indian Food Images/Indian Food Images/kachori/1a632e7ca5.jpg,38,kachori,train
/kaggle/input/datasets/iamsouravbanerjee/indian-food-images-dataset/Indian Food Images/Indian Food Images/kachori/1b4fbf644d.jpg,38,kachori,train
/kaggle/input/datasets/iamsouravbanerjee/indian-food-images-dataset/Indian Food Images/Indian Food Images/kachori/1c9b5f93d3.jpg,38,kachori,train
/kaggle/input/datasets/iamsouravbanerjee/indian-food-images-dataset/Indian Food Images/Indian Food Images/kachori/2c7d6acdbc.jpg,38,kachori,train
/kaggle/input/datasets/iamsouravbanerjee/indian-food-images-dataset/Indian Food Images/Indian Food Images/kachori/2ca5721444.jpg,38,kachori,train
/kaggle/input/datasets/iamsouravbanerjee/indian-food-images-dataset/Indian Food Images/Indian Food Images/kachori/2ebbaa7baa.jpg,38,kachori,train
/kaggle/input/datasets/iamsouravbanerjee/indian-food-images-dataset/Indian Food Images/Indian Food Images/kachori/3b834b22d5.jpg,38,kachori,train
/kaggle/input/datasets/iamsouravbanerjee/indian-food-images-dataset/Indian Food Images/Indian Food Images/kachori/3c7a9f5243.jpg,38,kachori,train
/kaggle/input/datasets/iamsouravbanerjee/indian-food-images-dataset/Indian Food Images/Indian Food Images/kachori/3d0b446af6.jpg,38,kachori,train
/kaggle/input/datasets/iamsouravbanerjee/indian-food-images-dataset/Indian Food Images/Indian Food Images/kachori/3d6b378fdb.jpg,38,kachori,train
/kaggle/input/datasets/iamsouravbanerjee/indian-food-images-dataset/Indian Food Images/Indian Food Images/kachori/3e37321f7c.jpg,38,kachori,train
/kaggle/input/datasets/iamsouravbanerjee/indian-food-images-dataset/Indian Food Images/Indian Food Images/kachori/3f8dbe3aaf.jpg,38,kachori,train
/kaggle/input/datasets/iamsouravbanerjee/indian-food-images-dataset/Indian Food Images/Indian Food Images/kachori/3ff1c2e599.jpg,38,kachori,train
/kaggle/input/datasets/iamsouravbanerjee/indian-food-images-dataset/Indian Food Images/Indian Food Images/kachori/4acf901e55.jpg,38,kachori,train
/kaggle/input/datasets/iamsouravbanerjee/indian-food-images-dataset/Indian Food Images/Indian Food Images/kachori/4aef09ee94.jpg,38,kachori,train
/kaggle/input/datasets/iamsouravbanerjee/indian-food-images-dataset/Indian Food Images/Indian Food Images/kachori/4b51a8b1ab.jpg,38,kachori,train
/kaggle/input/datasets/iamsouravbanerjee/indian-food-images-dataset/Indian Food Images/Indian Food Images/kachori/4b67ee352d.jpg,38,kachori,train
/kaggle/input/datasets/iamsouravbanerjee/indian-food-images-dataset/Indian Food Images/Indian Food Images/kachori/4b82bdbdc1.jpg,38,kachori,train
/kaggle/input/datasets/iamsouravbanerjee/indian-food-images-dataset/Indian Food Images/Indian Food Images/kachori/4d61236506.jpg,38,kachori,train
/kaggle/input/datasets/iamsouravbanerjee/indian-food-images-dataset/Indian Food Images/Indian Food Images/kachori/4dbc8f9e56.jpg,38,kachori,train
/kaggle/input/datasets/iamsouravbanerjee/indian-food-images-dataset/Indian Food Images/Indian Food Images/kachori/4f477f390b.jpg,38,kachori,train
/kaggle/input/datasets/iamsouravbanerjee/indian-food-images-dataset/Indian Food Images/Indian Food Images/kachori/4fe25df782.jpg,38,kachori,train
/kaggle/input/datasets/iamsouravbanerjee/indian-food-images-dataset/Indian Food Images/Indian Food Images/kachori/5e7c697cf7.jpg,38,kachori,train
/kaggle/input/datasets/iamsouravbanerjee/indian-food-images-dataset/Indian Food Images/Indian Food Images/kachori/5ee04e7c6d.jpg,38,kachori,train
/kaggle/input/datasets/iamsouravbanerjee/indian-food-images-dataset/Indian Food Images/Indian Food Images/kachori/6cc8403f7d.jpg,38,kachori,train
/kaggle/input/datasets/iamsouravbanerjee/indian-food-images-dataset/Indian Food Images/Indian Food Images/kadai_paneer/040febc4fa.jpg,39,kadai_paneer,train
/kaggle/input/datasets/iamsouravbanerjee/indian-food-images-dataset/Indian Food Images/Indian Food Images/kadai_paneer/04b14272e1.jpg,39,kadai_paneer,train
/kaggle/input/datasets/iamsouravbanerjee/indian-food-images-dataset/Indian Food Images/Indian Food Images/kadai_paneer/0a3ddeec8e.jpg,39,kadai_paneer,train
/kaggle/input/datasets/iamsouravbanerjee/indian-food-images-dataset/Indian Food Images/Indian Food Images/kadai_paneer/0cbb1c68c2.jpg,39,kadai_paneer,train
/kaggle/input/datasets/iamsouravbanerjee/indian-food-images-dataset/Indian Food Images/Indian Food Images/kadai_paneer/0d1d042900.jpg,39,kadai_paneer,train
/kaggle/input/datasets/iamsouravbanerjee/indian-food-images-dataset/Indian Food Images/Indian Food Images/kadai_paneer/0d8674058e.jpg,39,kadai_paneer,train
/kaggle/input/datasets/iamsouravbanerjee/indian-food-images-dataset/Indian Food Images/Indian Food Images/kadai_paneer/12f0354482.jpg,39,kadai_paneer,train
/kaggle/input/datasets/iamsouravbanerjee/indian-food-images-dataset/Indian Food Images/Indian Food Images/kadai_paneer/18f788bacc.jpg,39,kadai_paneer,train
/kaggle/input/datasets/iamsouravbanerjee/indian-food-images-dataset/Indian Food Images/Indian Food Images/kadai_paneer/1bec3b58d3.jpg,39,kadai_paneer,train
/kaggle/input/datasets/iamsouravbanerjee/indian-food-images-dataset/Indian Food Images/Indian Food Images/kadai_paneer/1d48d58561.jpg,39,kadai_paneer,train
/kaggle/input/datasets/iamsouravbanerjee/indian-food-images-dataset/Indian Food Images/Indian Food Images/kadai_paneer/1d57fc1de0.jpg,39,kadai_paneer,train
/kaggle/input/datasets/iamsouravbanerjee/indian-food-images-dataset/Indian Food Images/Indian Food Images/kadai_paneer/1e44178ada.jpg,39,kadai_paneer,train
/kaggle/input/datasets/iamsouravbanerjee/indian-food-images-dataset/Indian Food Images/Indian Food Images/kadai_paneer/1e6143c426.jpg,39,kadai_paneer,train
/kaggle/input/datasets/iamsouravbanerjee/indian-food-images-dataset/Indian Food Images/Indian Food Images/kadai_paneer/1e65644574.jpg,39,kadai_paneer,train
/kaggle/input/datasets/iamsouravbanerjee/indian-food-images-dataset/Indian Food Images/Indian Food Images/kadai_paneer/22f1dc5a18.jpg,39,kadai_paneer,train
/kaggle/input/datasets/iamsouravbanerjee/indian-food-images-dataset/Indian Food Images/Indian Food Images/kadai_paneer/26f7611f16.jpg,39,kadai_paneer,train
/kaggle/input/datasets/iamsouravbanerjee/indian-food-images-dataset/Indian Food Images/Indian Food Images/kadai_paneer/2ab177f7bf.jpg,39,kadai_paneer,train
/kaggle/input/datasets/iamsouravbanerjee/indian-food-images-dataset/Indian Food Images/Indian Food Images/kadai_paneer/2e89a3158d.jpg,39,kadai_paneer,train
/kaggle/input/datasets/iamsouravbanerjee/indian-food-images-dataset/Indian Food Images/Indian Food Images/kadai_paneer/2f06e4f192.jpg,39,kadai_paneer,train
/kaggle/input/datasets/iamsouravbanerjee/indian-food-images-dataset/Indian Food Images/Indian Food Images/kadai_paneer/36e259fa2e.jpg,39,kadai_paneer,train
/kaggle/input/datasets/iamsouravbanerjee/indian-food-images-dataset/Indian Food Images/Indian Food Images/kadai_paneer/3b10fa09aa.jpg,39,kadai_paneer,train
/kaggle/input/datasets/iamsouravbanerjee/indian-food-images-dataset/Indian Food Images/Indian Food Images/kadai_paneer/3b5fde717f.jpg,39,kadai_paneer,train
/kaggle/input/datasets/iamsouravbanerjee/indian-food-images-dataset/Indian Food Images/Indian Food Images/kadai_paneer/3b85995113.jpg,39,kadai_paneer,train
/kaggle/input/datasets/iamsouravbanerjee/indian-food-images-dataset/Indian Food Images/Indian Food Images/kadai_paneer/3b9b122cc9.jpg,39,kadai_paneer,train
/kaggle/input/datasets/iamsouravbanerjee/indian-food-images-dataset/Indian Food Images/Indian Food Images/kadai_paneer/3e7c8dd7d1.jpg,39,kadai_paneer,train
/kaggle/input/datasets/iamsouravbanerjee/indian-food-images-dataset/Indian Food Images/Indian Food Images/kadai_paneer/3f2d2830c6.jpg,39,kadai_paneer,train
/kaggle/input/datasets/iamsouravbanerjee/indian-food-images-dataset/Indian Food Images/Indian Food Images/kadai_paneer/4a79dd1a5f.jpg,39,kadai_paneer,train
/kaggle/input/datasets/iamsouravbanerjee/indian-food-images-dataset/Indian Food Images/Indian Food Images/kadai_paneer/4ab9e29231.jpg,39,kadai_paneer,train
/kaggle/input/datasets/iamsouravbanerjee/indian-food-images-dataset/Indian Food Images/Indian Food Images/kadai_paneer/4b092097f1.jpg,39,kadai_paneer,train
/kaggle/input/datasets/iamsouravbanerjee/indian-food-images-dataset/Indian Food Images/Indian Food Images/kadai_paneer/4b9d8719cb.jpg,39,kadai_paneer,train
/kaggle/input/datasets/iamsouravbanerjee/indian-food-images-dataset/Indian Food Images/Indian Food Images/kadai_paneer/4cbc198f38.jpg,39,kadai_paneer,train
/kaggle/input/datasets/iamsouravbanerjee/indian-food-images-dataset/Indian Food Images/Indian Food Images/kadai_paneer/4ddf98e179.jpg,39,kadai_paneer,train
/kaggle/input/datasets/iamsouravbanerjee/indian-food-images-dataset/Indian Food Images/Indian Food Images/kadai_paneer/4f04495c81.jpg,39,kadai_paneer,train
/kaggle/input/datasets/iamsouravbanerjee/indian-food-images-dataset/Indian Food Images/Indian Food Images/kadai_paneer/5a578d8ed7.jpg,39,kadai_paneer,train
/kaggle/input/datasets/iamsouravbanerjee/indian-food-images-dataset/Indian Food Images/Indian Food Images/kadai_paneer/5b0ec06cd5.jpg,39,kadai_paneer,train
/kaggle/input/datasets/iamsouravbanerjee/indian-food-images-dataset/Indian Food Images/Indian Food Images/kadhi_pakoda/006ae9ac8c.jpg,40,kadhi_pakoda,train
/kaggle/input/datasets/iamsouravbanerjee/indian-food-images-dataset/Indian Food Images/Indian Food Images/kadhi_pakoda/00ed35e838.jpg,40,kadhi_pakoda,train
/kaggle/input/datasets/iamsouravbanerjee/indian-food-images-dataset/Indian Food Images/Indian Food Images/kadhi_pakoda/02f4d344b4.jpg,40,kadhi_pakoda,train
/kaggle/input/datasets/iamsouravbanerjee/indian-food-images-dataset/Indian Food Images/Indian Food Images/kadhi_pakoda/091cea04a7.jpg,40,kadhi_pakoda,train
/kaggle/input/datasets/iamsouravbanerjee/indian-food-images-dataset/Indian Food Images/Indian Food Images/kadhi_pakoda/0d2dfb3a41.jpg,40,kadhi_pakoda,train
/kaggle/input/datasets/iamsouravbanerjee/indian-food-images-dataset/Indian Food Images/Indian Food Images/kadhi_pakoda/0d4a39beff.jpg,40,kadhi_pakoda,train
/kaggle/input/datasets/iamsouravbanerjee/indian-food-images-dataset/Indian Food Images/Indian Food Images/kadhi_pakoda/0e84f82e4d.jpg,40,kadhi_pakoda,train
/kaggle/input/datasets/iamsouravbanerjee/indian-food-images-dataset/Indian Food Images/Indian Food Images/kadhi_pakoda/0e98a806f4.jpg,40,kadhi_pakoda,train
/kaggle/input/datasets/iamsouravbanerjee/indian-food-images-dataset/Indian Food Images/Indian Food Images/kadhi_pakoda/0fb8ca008e.jpg,40,kadhi_pakoda,train
/kaggle/input/datasets/iamsouravbanerjee/indian-food-images-dataset/Indian Food Images/Indian Food Images/kadhi_pakoda/112a574528.jpg,40,kadhi_pakoda,train
/kaggle/input/datasets/iamsouravbanerjee/indian-food-images-dataset/Indian Food Images/Indian Food Images/kadhi_pakoda/139e8c6abb.jpg,40,kadhi_pakoda,train
/kaggle/input/datasets/iamsouravbanerjee/indian-food-images-dataset/Indian Food Images/Indian Food Images/kadhi_pakoda/16bfe63643.jpg,40,kadhi_pakoda,train
/kaggle/input/datasets/iamsouravbanerjee/indian-food-images-dataset/Indian Food Images/Indian Food Images/kadhi_pakoda/176d67457a.jpg,40,kadhi_pakoda,train
/kaggle/input/datasets/iamsouravbanerjee/indian-food-images-dataset/Indian Food Images/Indian Food Images/kadhi_pakoda/1a948797ef.jpg,40,kadhi_pakoda,train
/kaggle/input/datasets/iamsouravbanerjee/indian-food-images-dataset/Indian Food Images/Indian Food Images/kadhi_pakoda/1b5cf4250e.jpg,40,kadhi_pakoda,train
/kaggle/input/datasets/iamsouravbanerjee/indian-food-images-dataset/Indian Food Images/Indian Food Images/kadhi_pakoda/1ca9f71b09.jpg,40,kadhi_pakoda,train
/kaggle/input/datasets/iamsouravbanerjee/indian-food-images-dataset/Indian Food Images/Indian Food Images/kadhi_pakoda/239b7707da.jpg,40,kadhi_pakoda,train
/kaggle/input/datasets/iamsouravbanerjee/indian-food-images-dataset/Indian Food Images/Indian Food Images/kadhi_pakoda/28ee952dfc.jpg,40,kadhi_pakoda,train
/kaggle/input/datasets/iamsouravbanerjee/indian-food-images-dataset/Indian Food Images/Indian Food Images/kadhi_pakoda/2b25deb0e5.jpg,40,kadhi_pakoda,train
/kaggle/input/datasets/iamsouravbanerjee/indian-food-images-dataset/Indian Food Images/Indian Food Images/kadhi_pakoda/2bd0a19d34.jpg,40,kadhi_pakoda,train
/kaggle/input/datasets/iamsouravbanerjee/indian-food-images-dataset/Indian Food Images/Indian Food Images/kadhi_pakoda/2ca97a0109.jpg,40,kadhi_pakoda,train
/kaggle/input/datasets/iamsouravbanerjee/indian-food-images-dataset/Indian Food Images/Indian Food Images/kadhi_pakoda/2cbba44bde.jpg,40,kadhi_pakoda,train
/kaggle/input/datasets/iamsouravbanerjee/indian-food-images-dataset/Indian Food Images/Indian Food Images/kadhi_pakoda/30c4c5f509.jpg,40,kadhi_pakoda,train
/kaggle/input/datasets/iamsouravbanerjee/indian-food-images-dataset/Indian Food Images/Indian Food Images/kadhi_pakoda/31c156ff79.jpg,40,kadhi_pakoda,train
/kaggle/input/datasets/iamsouravbanerjee/indian-food-images-dataset/Indian Food Images/Indian Food Images/kadhi_pakoda/3d65352b94.jpg,40,kadhi_pakoda,train
/kaggle/input/datasets/iamsouravbanerjee/indian-food-images-dataset/Indian Food Images/Indian Food Images/kadhi_pakoda/3d95a1270e.jpg,40,kadhi_pakoda,train
/kaggle/input/datasets/iamsouravbanerjee/indian-food-images-dataset/Indian Food Images/Indian Food Images/kadhi_pakoda/3f11b65abd.jpg,40,kadhi_pakoda,train
/kaggle/input/datasets/iamsouravbanerjee/indian-food-images-dataset/Indian Food Images/Indian Food Images/kadhi_pakoda/40dbaa755d.jpg,40,kadhi_pakoda,train
/kaggle/input/datasets/iamsouravbanerjee/indian-food-images-dataset/Indian Food Images/Indian Food Images/kadhi_pakoda/4de55e6cd2.jpg,40,kadhi_pakoda,train
/kaggle/input/datasets/iamsouravbanerjee/indian-food-images-dataset/Indian Food Images/Indian Food Images/kadhi_pakoda/51cf5a9dbf.jpg,40,kadhi_pakoda,train
/kaggle/input/datasets/iamsouravbanerjee/indian-food-images-dataset/Indian Food Images/Indian Food Images/kadhi_pakoda/5a90cfb7cc.jpg,40,kadhi_pakoda,train
/kaggle/input/datasets/iamsouravbanerjee/indian-food-images-dataset/Indian Food Images/Indian Food Images/kadhi_pakoda/5ece327ccb.jpg,40,kadhi_pakoda,train
/kaggle/input/datasets/iamsouravbanerjee/indian-food-images-dataset/Indian Food Images/Indian Food Images/kadhi_pakoda/5fe99efb72.jpg,40,kadhi_pakoda,train
/kaggle/input/datasets/iamsouravbanerjee/indian-food-images-dataset/Indian Food Images/Indian Food Images/kadhi_pakoda/60b17d422d.jpg,40,kadhi_pakoda,train
/kaggle/input/datasets/iamsouravbanerjee/indian-food-images-dataset/Indian Food Images/Indian Food Images/kadhi_pakoda/64d5a63869.jpg,40,kadhi_pakoda,train
/kaggle/input/datasets/iamsouravbanerjee/indian-food-images-dataset/Indian Food Images/Indian Food Images/kajjikaya/06ed9ce320.jpg,41,kajjikaya,train
/kaggle/input/datasets/iamsouravbanerjee/indian-food-images-dataset/Indian Food Images/Indian Food Images/kajjikaya/0a33876a73.jpg,41,kajjikaya,train
/kaggle/input/datasets/iamsouravbanerjee/indian-food-images-dataset/Indian Food Images/Indian Food Images/kajjikaya/0a4268cca5.jpg,41,kajjikaya,train
/kaggle/input/datasets/iamsouravbanerjee/indian-food-images-dataset/Indian Food Images/Indian Food Images/kajjikaya/0bd2afd8c4.jpg,41,kajjikaya,train
/kaggle/input/datasets/iamsouravbanerjee/indian-food-images-dataset/Indian Food Images/Indian Food Images/kajjikaya/0ca5fd8254.jpg,41,kajjikaya,train
/kaggle/input/datasets/iamsouravbanerjee/indian-food-images-dataset/Indian Food Images/Indian Food Images/kajjikaya/0cdcb2011f.jpg,41,kajjikaya,train
/kaggle/input/datasets/iamsouravbanerjee/indian-food-images-dataset/Indian Food Images/Indian Food Images/kajjikaya/0d7fed11d7.jpg,41,kajjikaya,train
/kaggle/input/datasets/iamsouravbanerjee/indian-food-images-dataset/Indian Food Images/Indian Food Images/kajjikaya/0e25a4f3ac.jpg,41,kajjikaya,train
/kaggle/input/datasets/iamsouravbanerjee/indian-food-images-dataset/Indian Food Images/Indian Food Images/kajjikaya/0f6d2a8535.jpg,41,kajjikaya,train
/kaggle/input/datasets/iamsouravbanerjee/indian-food-images-dataset/Indian Food Images/Indian Food Images/kajjikaya/1a06ff2126.jpg,41,kajjikaya,train
/kaggle/input/datasets/iamsouravbanerjee/indian-food-images-dataset/Indian Food Images/Indian Food Images/kajjikaya/1a8eb2531c.jpg,41,kajjikaya,train
/kaggle/input/datasets/iamsouravbanerjee/indian-food-images-dataset/Indian Food Images/Indian Food Images/kajjikaya/1b2103924c.jpg,41,kajjikaya,train
/kaggle/input/datasets/iamsouravbanerjee/indian-food-images-dataset/Indian Food Images/Indian Food Images/kajjikaya/1dffa0c28f.jpg,41,kajjikaya,train
/kaggle/input/datasets/iamsouravbanerjee/indian-food-images-dataset/Indian Food Images/Indian Food Images/kajjikaya/1e07138b4d.jpg,41,kajjikaya,train
/kaggle/input/datasets/iamsouravbanerjee/indian-food-images-dataset/Indian Food Images/Indian Food Images/kajjikaya/1ec5de3e96.jpg,41,kajjikaya,train
/kaggle/input/datasets/iamsouravbanerjee/indian-food-images-dataset/Indian Food Images/Indian Food Images/kajjikaya/1f09ecf262.jpg,41,kajjikaya,train
/kaggle/input/datasets/iamsouravbanerjee/indian-food-images-dataset/Indian Food Images/Indian Food Images/kajjikaya/1fbc1b7013.jpg,41,kajjikaya,train
/kaggle/input/datasets/iamsouravbanerjee/indian-food-images-dataset/Indian Food Images/Indian Food Images/kajjikaya/2c06e2dcbd.jpg,41,kajjikaya,train
/kaggle/input/datasets/iamsouravbanerjee/indian-food-images-dataset/Indian Food Images/Indian Food Images/kajjikaya/2d5a771671.jpg,41,kajjikaya,train
/kaggle/input/datasets/iamsouravbanerjee/indian-food-images-dataset/Indian Food Images/Indian Food Images/kajjikaya/2ddd3b28df.jpg,41,kajjikaya,train
/kaggle/input/datasets/iamsouravbanerjee/indian-food-images-dataset/Indian Food Images/Indian Food Images/kajjikaya/2e26e0e374.jpg,41,kajjikaya,train
/kaggle/input/datasets/iamsouravbanerjee/indian-food-images-dataset/Indian Food Images/Indian Food Images/kajjikaya/2f30da7357.jpg,41,kajjikaya,train
/kaggle/input/datasets/iamsouravbanerjee/indian-food-images-dataset/Indian Food Images/Indian Food Images/kajjikaya/3c28e273ce.jpg,41,kajjikaya,train
/kaggle/input/datasets/iamsouravbanerjee/indian-food-images-dataset/Indian Food Images/Indian Food Images/kajjikaya/3c6a551cc5.jpg,41,kajjikaya,train
/kaggle/input/datasets/iamsouravbanerjee/indian-food-images-dataset/Indian Food Images/Indian Food Images/kajjikaya/3d299b4b5d.jpg,41,kajjikaya,train
/kaggle/input/datasets/iamsouravbanerjee/indian-food-images-dataset/Indian Food Images/Indian Food Images/kajjikaya/3d9850d0cf.jpg,41,kajjikaya,train
/kaggle/input/datasets/iamsouravbanerjee/indian-food-images-dataset/Indian Food Images/Indian Food Images/kajjikaya/3e675cdd4b.jpg,41,kajjikaya,train
/kaggle/input/datasets/iamsouravbanerjee/indian-food-images-dataset/Indian Food Images/Indian Food Images/kajjikaya/4af1b67ebe.jpg,41,kajjikaya,train
/kaggle/input/datasets/iamsouravbanerjee/indian-food-images-dataset/Indian Food Images/Indian Food Images/kajjikaya/4bdf49e707.jpg,41,kajjikaya,train
/kaggle/input/datasets/iamsouravbanerjee/indian-food-images-dataset/Indian Food Images/Indian Food Images/kajjikaya/4d08a58c2c.jpg,41,kajjikaya,train
/kaggle/input/datasets/iamsouravbanerjee/indian-food-images-dataset/Indian Food Images/Indian Food Images/kajjikaya/4f846acc96.jpg,41,kajjikaya,train
/kaggle/input/datasets/iamsouravbanerjee/indian-food-images-dataset/Indian Food Images/Indian Food Images/kajjikaya/4fab6a00e8.jpg,41,kajjikaya,train
/kaggle/input/datasets/iamsouravbanerjee/indian-food-images-dataset/Indian Food Images/Indian Food Images/kajjikaya/5ad4fa50b8.jpg,41,kajjikaya,train
/kaggle/input/datasets/iamsouravbanerjee/indian-food-images-dataset/Indian Food Images/Indian Food Images/kajjikaya/5ea5c0d653.jpg,41,kajjikaya,train
/kaggle/input/datasets/iamsouravbanerjee/indian-food-images-dataset/Indian Food Images/Indian Food Images/kajjikaya/6bf7da55fc.jpg,41,kajjikaya,train
/kaggle/input/datasets/iamsouravbanerjee/indian-food-images-dataset/Indian Food Images/Indian Food Images/kakinada_khaja/04eed93563.jpg,42,kakinada_khaja,train
/kaggle/input/datasets/iamsouravbanerjee/indian-food-images-dataset/Indian Food Images/Indian Food Images/kakinada_khaja/07ab20b265.jpg,42,kakinada_khaja,train
/kaggle/input/datasets/iamsouravbanerjee/indian-food-images-dataset/Indian Food Images/Indian Food Images/kakinada_khaja/07f9da6858.jpg,42,kakinada_khaja,train
/kaggle/input/datasets/iamsouravbanerjee/indian-food-images-dataset/Indian Food Images/Indian Food Images/kakinada_khaja/0e9566a502.jpg,42,kakinada_khaja,train
/kaggle/input/datasets/iamsouravbanerjee/indian-food-images-dataset/Indian Food Images/Indian Food Images/kakinada_khaja/0ea02308c4.jpg,42,kakinada_khaja,train
/kaggle/input/datasets/iamsouravbanerjee/indian-food-images-dataset/Indian Food Images/Indian Food Images/kakinada_khaja/1003faba16.jpg,42,kakinada_khaja,train
/kaggle/input/datasets/iamsouravbanerjee/indian-food-images-dataset/Indian Food Images/Indian Food Images/kakinada_khaja/1032f1bb7f.jpg,42,kakinada_khaja,train
/kaggle/input/datasets/iamsouravbanerjee/indian-food-images-dataset/Indian Food Images/Indian Food Images/kakinada_khaja/10bd82434e.jpg,42,kakinada_khaja,train
/kaggle/input/datasets/iamsouravbanerjee/indian-food-images-dataset/Indian Food Images/Indian Food Images/kakinada_khaja/11dca4eeb1.jpg,42,kakinada_khaja,train
/kaggle/input/datasets/iamsouravbanerjee/indian-food-images-dataset/Indian Food Images/Indian Food Images/kakinada_khaja/168b6b0cd6.jpg,42,kakinada_khaja,train
/kaggle/input/datasets/iamsouravbanerjee/indian-food-images-dataset/Indian Food Images/Indian Food Images/kakinada_khaja/16a37ce9cb.jpg,42,kakinada_khaja,train
/kaggle/input/datasets/iamsouravbanerjee/indian-food-images-dataset/Indian Food Images/Indian Food Images/kakinada_khaja/1a35972b20.jpg,42,kakinada_khaja,train
/kaggle/input/datasets/iamsouravbanerjee/indian-food-images-dataset/Indian Food Images/Indian Food Images/kakinada_khaja/240b4ed5ef.jpg,42,kakinada_khaja,train
/kaggle/input/datasets/iamsouravbanerjee/indian-food-images-dataset/Indian Food Images/Indian Food Images/kakinada_khaja/28a41c7f83.jpg,42,kakinada_khaja,train
/kaggle/input/datasets/iamsouravbanerjee/indian-food-images-dataset/Indian Food Images/Indian Food Images/kakinada_khaja/2c851f44fb.jpg,42,kakinada_khaja,train
/kaggle/input/datasets/iamsouravbanerjee/indian-food-images-dataset/Indian Food Images/Indian Food Images/kakinada_khaja/2cc3a9ab2f.jpg,42,kakinada_khaja,train
/kaggle/input/datasets/iamsouravbanerjee/indian-food-images-dataset/Indian Food Images/Indian Food Images/kakinada_khaja/2e21f1fa64.jpg,42,kakinada_khaja,train
/kaggle/input/datasets/iamsouravbanerjee/indian-food-images-dataset/Indian Food Images/Indian Food Images/kakinada_khaja/2e2f8394d6.jpg,42,kakinada_khaja,train
/kaggle/input/datasets/iamsouravbanerjee/indian-food-images-dataset/Indian Food Images/Indian Food Images/kakinada_khaja/2fb868fc62.jpg,42,kakinada_khaja,train
/kaggle/input/datasets/iamsouravbanerjee/indian-food-images-dataset/Indian Food Images/Indian Food Images/kakinada_khaja/33e22a089f.jpg,42,kakinada_khaja,train
/kaggle/input/datasets/iamsouravbanerjee/indian-food-images-dataset/Indian Food Images/Indian Food Images/kakinada_khaja/36d2c3b901.jpg,42,kakinada_khaja,train
/kaggle/input/datasets/iamsouravbanerjee/indian-food-images-dataset/Indian Food Images/Indian Food Images/kakinada_khaja/3755d2ddb8.jpg,42,kakinada_khaja,train
/kaggle/input/datasets/iamsouravbanerjee/indian-food-images-dataset/Indian Food Images/Indian Food Images/kakinada_khaja/37d5dbf64c.jpg,42,kakinada_khaja,train
/kaggle/input/datasets/iamsouravbanerjee/indian-food-images-dataset/Indian Food Images/Indian Food Images/kakinada_khaja/3b092257b1.jpg,42,kakinada_khaja,train
/kaggle/input/datasets/iamsouravbanerjee/indian-food-images-dataset/Indian Food Images/Indian Food Images/kakinada_khaja/3b9331514b.jpg,42,kakinada_khaja,train
/kaggle/input/datasets/iamsouravbanerjee/indian-food-images-dataset/Indian Food Images/Indian Food Images/kakinada_khaja/417b29ab61.jpg,42,kakinada_khaja,train
/kaggle/input/datasets/iamsouravbanerjee/indian-food-images-dataset/Indian Food Images/Indian Food Images/kakinada_khaja/46a0e712b4.jpg,42,kakinada_khaja,train
/kaggle/input/datasets/iamsouravbanerjee/indian-food-images-dataset/Indian Food Images/Indian Food Images/kakinada_khaja/48d4b6c9de.jpg,42,kakinada_khaja,train
/kaggle/input/datasets/iamsouravbanerjee/indian-food-images-dataset/Indian Food Images/Indian Food Images/kakinada_khaja/48e09c1958.jpg,42,kakinada_khaja,train
/kaggle/input/datasets/iamsouravbanerjee/indian-food-images-dataset/Indian Food Images/Indian Food Images/kakinada_khaja/4a96fee1fe.jpg,42,kakinada_khaja,train
/kaggle/input/datasets/iamsouravbanerjee/indian-food-images-dataset/Indian Food Images/Indian Food Images/kakinada_khaja/4a9f43025d.jpg,42,kakinada_khaja,train
/kaggle/input/datasets/iamsouravbanerjee/indian-food-images-dataset/Indian Food Images/Indian Food Images/kakinada_khaja/4abf0c7d9c.jpg,42,kakinada_khaja,train
/kaggle/input/datasets/iamsouravbanerjee/indian-food-images-dataset/Indian Food Images/Indian Food Images/kakinada_khaja/4b5598d4b1.jpg,42,kakinada_khaja,train
/kaggle/input/datasets/iamsouravbanerjee/indian-food-images-dataset/Indian Food Images/Indian Food Images/kakinada_khaja/4d094847d2.jpg,42,kakinada_khaja,train
/kaggle/input/datasets/iamsouravbanerjee/indian-food-images-dataset/Indian Food Images/Indian Food Images/kakinada_khaja/57ed2a34cf.jpg,42,kakinada_khaja,train
/kaggle/input/datasets/iamsouravbanerjee/indian-food-images-dataset/Indian Food Images/Indian Food Images/kalakand/01a38447ad.jpg,43,kalakand,train
/kaggle/input/datasets/iamsouravbanerjee/indian-food-images-dataset/Indian Food Images/Indian Food Images/kalakand/0a65c3c8d9.jpg,43,kalakand,train
/kaggle/input/datasets/iamsouravbanerjee/indian-food-images-dataset/Indian Food Images/Indian Food Images/kalakand/0a813ee57a.jpg,43,kalakand,train
/kaggle/input/datasets/iamsouravbanerjee/indian-food-images-dataset/Indian Food Images/Indian Food Images/kalakand/0b29dbf33e.jpg,43,kalakand,train
/kaggle/input/datasets/iamsouravbanerjee/indian-food-images-dataset/Indian Food Images/Indian Food Images/kalakand/0b5a05fe55.jpg,43,kalakand,train
/kaggle/input/datasets/iamsouravbanerjee/indian-food-images-dataset/Indian Food Images/Indian Food Images/kalakand/0c245ddd6a.jpg,43,kalakand,train
/kaggle/input/datasets/iamsouravbanerjee/indian-food-images-dataset/Indian Food Images/Indian Food Images/kalakand/0c250cf09b.jpg,43,kalakand,train
/kaggle/input/datasets/iamsouravbanerjee/indian-food-images-dataset/Indian Food Images/Indian Food Images/kalakand/0c6c94660d.jpg,43,kalakand,train
/kaggle/input/datasets/iamsouravbanerjee/indian-food-images-dataset/Indian Food Images/Indian Food Images/kalakand/0ecdc8ef9d.jpg,43,kalakand,train
/kaggle/input/datasets/iamsouravbanerjee/indian-food-images-dataset/Indian Food Images/Indian Food Images/kalakand/13d2fb8a1b.jpg,43,kalakand,train
/kaggle/input/datasets/iamsouravbanerjee/indian-food-images-dataset/Indian Food Images/Indian Food Images/kalakand/15c77ef24d.jpg,43,kalakand,train
/kaggle/input/datasets/iamsouravbanerjee/indian-food-images-dataset/Indian Food Images/Indian Food Images/kalakand/18ddac11c3.jpg,43,kalakand,train
/kaggle/input/datasets/iamsouravbanerjee/indian-food-images-dataset/Indian Food Images/Indian Food Images/kalakand/1bed98b073.jpg,43,kalakand,train
/kaggle/input/datasets/iamsouravbanerjee/indian-food-images-dataset/Indian Food Images/Indian Food Images/kalakand/1c17973d85.jpg,43,kalakand,train
/kaggle/input/datasets/iamsouravbanerjee/indian-food-images-dataset/Indian Food Images/Indian Food Images/kalakand/1e437595e6.jpg,43,kalakand,train
/kaggle/input/datasets/iamsouravbanerjee/indian-food-images-dataset/Indian Food Images/Indian Food Images/kalakand/1f065f6f82.jpg,43,kalakand,train
/kaggle/input/datasets/iamsouravbanerjee/indian-food-images-dataset/Indian Food Images/Indian Food Images/kalakand/1f375184f3.jpg,43,kalakand,train
/kaggle/input/datasets/iamsouravbanerjee/indian-food-images-dataset/Indian Food Images/Indian Food Images/kalakand/1fcc909594.jpg,43,kalakand,train
/kaggle/input/datasets/iamsouravbanerjee/indian-food-images-dataset/Indian Food Images/Indian Food Images/kalakand/2a9d4c339e.jpg,43,kalakand,train
/kaggle/input/datasets/iamsouravbanerjee/indian-food-images-dataset/Indian Food Images/Indian Food Images/kalakand/2adf2bae9d.jpg,43,kalakand,train
/kaggle/input/datasets/iamsouravbanerjee/indian-food-images-dataset/Indian Food Images/Indian Food Images/kalakand/2afc9ea3fd.jpg,43,kalakand,train
/kaggle/input/datasets/iamsouravbanerjee/indian-food-images-dataset/Indian Food Images/Indian Food Images/kalakand/2ccadf1869.jpg,43,kalakand,train
/kaggle/input/datasets/iamsouravbanerjee/indian-food-images-dataset/Indian Food Images/Indian Food Images/kalakand/2d05ed7a1b.jpg,43,kalakand,train
/kaggle/input/datasets/iamsouravbanerjee/indian-food-images-dataset/Indian Food Images/Indian Food Images/kalakand/2f48f0a08e.jpg,43,kalakand,train
/kaggle/input/datasets/iamsouravbanerjee/indian-food-images-dataset/Indian Food Images/Indian Food Images/kalakand/3d334e5384.jpg,43,kalakand,train
/kaggle/input/datasets/iamsouravbanerjee/indian-food-images-dataset/Indian Food Images/Indian Food Images/kalakand/3e97c37cbe.jpg,43,kalakand,train
/kaggle/input/datasets/iamsouravbanerjee/indian-food-images-dataset/Indian Food Images/Indian Food Images/kalakand/3f740c2ed8.jpg,43,kalakand,train
/kaggle/input/datasets/iamsouravbanerjee/indian-food-images-dataset/Indian Food Images/Indian Food Images/kalakand/4acdb5c567.jpg,43,kalakand,train
/kaggle/input/datasets/iamsouravbanerjee/indian-food-images-dataset/Indian Food Images/Indian Food Images/kalakand/4be50894d4.jpg,43,kalakand,train
/kaggle/input/datasets/iamsouravbanerjee/indian-food-images-dataset/Indian Food Images/Indian Food Images/kalakand/4c3c532620.jpg,43,kalakand,train
/kaggle/input/datasets/iamsouravbanerjee/indian-food-images-dataset/Indian Food Images/Indian Food Images/kalakand/4d68c9e199.jpg,43,kalakand,train
/kaggle/input/datasets/iamsouravbanerjee/indian-food-images-dataset/Indian Food Images/Indian Food Images/kalakand/4f89ccc4df.jpg,43,kalakand,train
/kaggle/input/datasets/iamsouravbanerjee/indian-food-images-dataset/Indian Food Images/Indian Food Images/kalakand/5b0e5be855.jpg,43,kalakand,train
/kaggle/input/datasets/iamsouravbanerjee/indian-food-images-dataset/Indian Food Images/Indian Food Images/kalakand/5c62c7da53.jpg,43,kalakand,train
/kaggle/input/datasets/iamsouravbanerjee/indian-food-images-dataset/Indian Food Images/Indian Food Images/kalakand/5e4ee66d04.jpg,43,kalakand,train
/kaggle/input/datasets/iamsouravbanerjee/indian-food-images-dataset/Indian Food Images/Indian Food Images/karela_bharta/00eda07739.jpg,44,karela_bharta,train
/kaggle/input/datasets/iamsouravbanerjee/indian-food-images-dataset/Indian Food Images/Indian Food Images/karela_bharta/04d5ccee46.jpg,44,karela_bharta,train
/kaggle/input/datasets/iamsouravbanerjee/indian-food-images-dataset/Indian Food Images/Indian Food Images/karela_bharta/04ea8c3f2e.jpg,44,karela_bharta,train
/kaggle/input/datasets/iamsouravbanerjee/indian-food-images-dataset/Indian Food Images/Indian Food Images/karela_bharta/074c7e475c.jpg,44,karela_bharta,train
/kaggle/input/datasets/iamsouravbanerjee/indian-food-images-dataset/Indian Food Images/Indian Food Images/karela_bharta/0a10c239b1.jpg,44,karela_bharta,train
/kaggle/input/datasets/iamsouravbanerjee/indian-food-images-dataset/Indian Food Images/Indian Food Images/karela_bharta/0c7fbbc8c4.jpg,44,karela_bharta,train
/kaggle/input/datasets/iamsouravbanerjee/indian-food-images-dataset/Indian Food Images/Indian Food Images/karela_bharta/1d854ae2d6.jpg,44,karela_bharta,train
/kaggle/input/datasets/iamsouravbanerjee/indian-food-images-dataset/Indian Food Images/Indian Food Images/karela_bharta/1d8d83e71d.jpg,44,karela_bharta,train
/kaggle/input/datasets/iamsouravbanerjee/indian-food-images-dataset/Indian Food Images/Indian Food Images/karela_bharta/1e096df4ac.jpg,44,karela_bharta,train
/kaggle/input/datasets/iamsouravbanerjee/indian-food-images-dataset/Indian Food Images/Indian Food Images/karela_bharta/21b24880a8.jpg,44,karela_bharta,train
/kaggle/input/datasets/iamsouravbanerjee/indian-food-images-dataset/Indian Food Images/Indian Food Images/karela_bharta/21b5fad9ce.jpg,44,karela_bharta,train
/kaggle/input/datasets/iamsouravbanerjee/indian-food-images-dataset/Indian Food Images/Indian Food Images/karela_bharta/21dc73a457.jpg,44,karela_bharta,train
/kaggle/input/datasets/iamsouravbanerjee/indian-food-images-dataset/Indian Food Images/Indian Food Images/karela_bharta/22bb02c7e2.jpg,44,karela_bharta,train
/kaggle/input/datasets/iamsouravbanerjee/indian-food-images-dataset/Indian Food Images/Indian Food Images/karela_bharta/22df95093c.jpg,44,karela_bharta,train
/kaggle/input/datasets/iamsouravbanerjee/indian-food-images-dataset/Indian Food Images/Indian Food Images/karela_bharta/23d5f6da89.jpg,44,karela_bharta,train
/kaggle/input/datasets/iamsouravbanerjee/indian-food-images-dataset/Indian Food Images/Indian Food Images/karela_bharta/2add6fdfe6.jpg,44,karela_bharta,train
/kaggle/input/datasets/iamsouravbanerjee/indian-food-images-dataset/Indian Food Images/Indian Food Images/karela_bharta/2bc89d1198.jpg,44,karela_bharta,train
/kaggle/input/datasets/iamsouravbanerjee/indian-food-images-dataset/Indian Food Images/Indian Food Images/karela_bharta/2c043956de.jpg,44,karela_bharta,train
/kaggle/input/datasets/iamsouravbanerjee/indian-food-images-dataset/Indian Food Images/Indian Food Images/karela_bharta/31dee7bbe6.jpg,44,karela_bharta,train
/kaggle/input/datasets/iamsouravbanerjee/indian-food-images-dataset/Indian Food Images/Indian Food Images/karela_bharta/33cef65296.jpg,44,karela_bharta,train
/kaggle/input/datasets/iamsouravbanerjee/indian-food-images-dataset/Indian Food Images/Indian Food Images/karela_bharta/3ad42a0bd7.jpg,44,karela_bharta,train
/kaggle/input/datasets/iamsouravbanerjee/indian-food-images-dataset/Indian Food Images/Indian Food Images/karela_bharta/3d00011c91.jpg,44,karela_bharta,train
/kaggle/input/datasets/iamsouravbanerjee/indian-food-images-dataset/Indian Food Images/Indian Food Images/karela_bharta/3f10218183.jpg,44,karela_bharta,train
/kaggle/input/datasets/iamsouravbanerjee/indian-food-images-dataset/Indian Food Images/Indian Food Images/karela_bharta/3f7ce07fb4.jpg,44,karela_bharta,train
/kaggle/input/datasets/iamsouravbanerjee/indian-food-images-dataset/Indian Food Images/Indian Food Images/karela_bharta/3f7dd704ff.jpg,44,karela_bharta,train
/kaggle/input/datasets/iamsouravbanerjee/indian-food-images-dataset/Indian Food Images/Indian Food Images/karela_bharta/40d0f1b071.jpg,44,karela_bharta,train
/kaggle/input/datasets/iamsouravbanerjee/indian-food-images-dataset/Indian Food Images/Indian Food Images/karela_bharta/4cd46fa5a4.jpg,44,karela_bharta,train
/kaggle/input/datasets/iamsouravbanerjee/indian-food-images-dataset/Indian Food Images/Indian Food Images/karela_bharta/4da5e02fba.jpg,44,karela_bharta,train
/kaggle/input/datasets/iamsouravbanerjee/indian-food-images-dataset/Indian Food Images/Indian Food Images/karela_bharta/5a7a9a3908.jpg,44,karela_bharta,train
/kaggle/input/datasets/iamsouravbanerjee/indian-food-images-dataset/Indian Food Images/Indian Food Images/karela_bharta/5d5d71319c.jpg,44,karela_bharta,train
/kaggle/input/datasets/iamsouravbanerjee/indian-food-images-dataset/Indian Food Images/Indian Food Images/karela_bharta/5f30e579f0.jpg,44,karela_bharta,train
/kaggle/input/datasets/iamsouravbanerjee/indian-food-images-dataset/Indian Food Images/Indian Food Images/karela_bharta/5fb78d2ed9.jpg,44,karela_bharta,train
/kaggle/input/datasets/iamsouravbanerjee/indian-food-images-dataset/Indian Food Images/Indian Food Images/karela_bharta/5fd0520a07.jpg,44,karela_bharta,train
/kaggle/input/datasets/iamsouravbanerjee/indian-food-images-dataset/Indian Food Images/Indian Food Images/karela_bharta/61e1f2da3d.jpg,44,karela_bharta,train
/kaggle/input/datasets/iamsouravbanerjee/indian-food-images-dataset/Indian Food Images/Indian Food Images/karela_bharta/64d646c552.jpg,44,karela_bharta,train
/kaggle/input/datasets/iamsouravbanerjee/indian-food-images-dataset/Indian Food Images/Indian Food Images/kofta/014c29b65f.jpg,45,kofta,train
/kaggle/input/datasets/iamsouravbanerjee/indian-food-images-dataset/Indian Food Images/Indian Food Images/kofta/05b8677e14.jpg,45,kofta,train
/kaggle/input/datasets/iamsouravbanerjee/indian-food-images-dataset/Indian Food Images/Indian Food Images/kofta/05dd04207f.jpg,45,kofta,train
/kaggle/input/datasets/iamsouravbanerjee/indian-food-images-dataset/Indian Food Images/Indian Food Images/kofta/08fb1d1bbf.jpg,45,kofta,train
/kaggle/input/datasets/iamsouravbanerjee/indian-food-images-dataset/Indian Food Images/Indian Food Images/kofta/0b3531914e.jpg,45,kofta,train
/kaggle/input/datasets/iamsouravbanerjee/indian-food-images-dataset/Indian Food Images/Indian Food Images/kofta/10fb6edad6.jpg,45,kofta,train
/kaggle/input/datasets/iamsouravbanerjee/indian-food-images-dataset/Indian Food Images/Indian Food Images/kofta/1c5dd79cdc.jpg,45,kofta,train
/kaggle/input/datasets/iamsouravbanerjee/indian-food-images-dataset/Indian Food Images/Indian Food Images/kofta/1e7932a5f8.jpg,45,kofta,train
/kaggle/input/datasets/iamsouravbanerjee/indian-food-images-dataset/Indian Food Images/Indian Food Images/kofta/1ebbd7ab86.jpg,45,kofta,train
/kaggle/input/datasets/iamsouravbanerjee/indian-food-images-dataset/Indian Food Images/Indian Food Images/kofta/25bc2e8ebb.jpg,45,kofta,train
/kaggle/input/datasets/iamsouravbanerjee/indian-food-images-dataset/Indian Food Images/Indian Food Images/kofta/2bd2b0d3f8.jpg,45,kofta,train
/kaggle/input/datasets/iamsouravbanerjee/indian-food-images-dataset/Indian Food Images/Indian Food Images/kofta/2c9b786e0a.jpg,45,kofta,train
/kaggle/input/datasets/iamsouravbanerjee/indian-food-images-dataset/Indian Food Images/Indian Food Images/kofta/2d2f13eb46.jpg,45,kofta,train
/kaggle/input/datasets/iamsouravbanerjee/indian-food-images-dataset/Indian Food Images/Indian Food Images/kofta/2f1093c010.jpg,45,kofta,train
/kaggle/input/datasets/iamsouravbanerjee/indian-food-images-dataset/Indian Food Images/Indian Food Images/kofta/2fba1e5f94.jpg,45,kofta,train
/kaggle/input/datasets/iamsouravbanerjee/indian-food-images-dataset/Indian Food Images/Indian Food Images/kofta/3b9c1d7734.jpg,45,kofta,train
/kaggle/input/datasets/iamsouravbanerjee/indian-food-images-dataset/Indian Food Images/Indian Food Images/kofta/40a3b7432b.jpg,45,kofta,train
/kaggle/input/datasets/iamsouravbanerjee/indian-food-images-dataset/Indian Food Images/Indian Food Images/kofta/40ae815526.jpg,45,kofta,train
/kaggle/input/datasets/iamsouravbanerjee/indian-food-images-dataset/Indian Food Images/Indian Food Images/kofta/4a379d05f8.jpg,45,kofta,train
/kaggle/input/datasets/iamsouravbanerjee/indian-food-images-dataset/Indian Food Images/Indian Food Images/kofta/4d511b09f8.jpg,45,kofta,train
/kaggle/input/datasets/iamsouravbanerjee/indian-food-images-dataset/Indian Food Images/Indian Food Images/kofta/4e97ecdd0b.jpg,45,kofta,train
/kaggle/input/datasets/iamsouravbanerjee/indian-food-images-dataset/Indian Food Images/Indian Food Images/kofta/4f63923c98.jpg,45,kofta,train
/kaggle/input/datasets/iamsouravbanerjee/indian-food-images-dataset/Indian Food Images/Indian Food Images/kofta/4fd35157a9.jpg,45,kofta,train
/kaggle/input/datasets/iamsouravbanerjee/indian-food-images-dataset/Indian Food Images/Indian Food Images/kofta/5b69f61444.jpg,45,kofta,train
/kaggle/input/datasets/iamsouravbanerjee/indian-food-images-dataset/Indian Food Images/Indian Food Images/kofta/5bb1f4b696.jpg,45,kofta,train
/kaggle/input/datasets/iamsouravbanerjee/indian-food-images-dataset/Indian Food Images/Indian Food Images/kofta/5c3295e87c.jpg,45,kofta,train
/kaggle/input/datasets/iamsouravbanerjee/indian-food-images-dataset/Indian Food Images/Indian Food Images/kofta/5e2f1e4951.jpg,45,kofta,train
/kaggle/input/datasets/iamsouravbanerjee/indian-food-images-dataset/Indian Food Images/Indian Food Images/kofta/5efb2d7101.jpg,45,kofta,train
/kaggle/input/datasets/iamsouravbanerjee/indian-food-images-dataset/Indian Food Images/Indian Food Images/kofta/6a2a078150.jpg,45,kofta,train
/kaggle/input/datasets/iamsouravbanerjee/indian-food-images-dataset/Indian Food Images/Indian Food Images/kofta/6bbca61d98.jpg,45,kofta,train
/kaggle/input/datasets/iamsouravbanerjee/indian-food-images-dataset/Indian Food Images/Indian Food Images/kofta/6bf67a04de.jpg,45,kofta,train
/kaggle/input/datasets/iamsouravbanerjee/indian-food-images-dataset/Indian Food Images/Indian Food Images/kofta/6cf07df097.jpg,45,kofta,train
/kaggle/input/datasets/iamsouravbanerjee/indian-food-images-dataset/Indian Food Images/Indian Food Images/kofta/6e0a11570f.jpg,45,kofta,train
/kaggle/input/datasets/iamsouravbanerjee/indian-food-images-dataset/Indian Food Images/Indian Food Images/kofta/6e506a67b3.jpg,45,kofta,train
/kaggle/input/datasets/iamsouravbanerjee/indian-food-images-dataset/Indian Food Images/Indian Food Images/kofta/7a22fe3c09.jpg,45,kofta,train
/kaggle/input/datasets/iamsouravbanerjee/indian-food-images-dataset/Indian Food Images/Indian Food Images/kuzhi_paniyaram/006ca09b4e.jpg,46,kuzhi_paniyaram,train
/kaggle/input/datasets/iamsouravbanerjee/indian-food-images-dataset/Indian Food Images/Indian Food Images/kuzhi_paniyaram/01dbccf36f.jpg,46,kuzhi_paniyaram,train
/kaggle/input/datasets/iamsouravbanerjee/indian-food-images-dataset/Indian Food Images/Indian Food Images/kuzhi_paniyaram/0a0a00c41d.jpg,46,kuzhi_paniyaram,train
/kaggle/input/datasets/iamsouravbanerjee/indian-food-images-dataset/Indian Food Images/Indian Food Images/kuzhi_paniyaram/0ca382ee93.jpg,46,kuzhi_paniyaram,train
/kaggle/input/datasets/iamsouravbanerjee/indian-food-images-dataset/Indian Food Images/Indian Food Images/kuzhi_paniyaram/0e4cb02992.jpg,46,kuzhi_paniyaram,train
/kaggle/input/datasets/iamsouravbanerjee/indian-food-images-dataset/Indian Food Images/Indian Food Images/kuzhi_paniyaram/12c93035cd.jpg,46,kuzhi_paniyaram,train
/kaggle/input/datasets/iamsouravbanerjee/indian-food-images-dataset/Indian Food Images/Indian Food Images/kuzhi_paniyaram/12dd0d47f2.jpg,46,kuzhi_paniyaram,train
/kaggle/input/datasets/iamsouravbanerjee/indian-food-images-dataset/Indian Food Images/Indian Food Images/kuzhi_paniyaram/14b8e26653.jpg,46,kuzhi_paniyaram,train
/kaggle/input/datasets/iamsouravbanerjee/indian-food-images-dataset/Indian Food Images/Indian Food Images/kuzhi_paniyaram/1b19f52530.jpg,46,kuzhi_paniyaram,train
/kaggle/input/datasets/iamsouravbanerjee/indian-food-images-dataset/Indian Food Images/Indian Food Images/kuzhi_paniyaram/1c04ba7c8d.jpg,46,kuzhi_paniyaram,train
/kaggle/input/datasets/iamsouravbanerjee/indian-food-images-dataset/Indian Food Images/Indian Food Images/kuzhi_paniyaram/1e9fa56958.jpg,46,kuzhi_paniyaram,train
/kaggle/input/datasets/iamsouravbanerjee/indian-food-images-dataset/Indian Food Images/Indian Food Images/kuzhi_paniyaram/1f4aa9faa5.jpg,46,kuzhi_paniyaram,train
/kaggle/input/datasets/iamsouravbanerjee/indian-food-images-dataset/Indian Food Images/Indian Food Images/kuzhi_paniyaram/1fe2c1dafa.jpg,46,kuzhi_paniyaram,train
/kaggle/input/datasets/iamsouravbanerjee/indian-food-images-dataset/Indian Food Images/Indian Food Images/kuzhi_paniyaram/2c13aaf531.jpg,46,kuzhi_paniyaram,train
/kaggle/input/datasets/iamsouravbanerjee/indian-food-images-dataset/Indian Food Images/Indian Food Images/kuzhi_paniyaram/2c77e896a3.jpg,46,kuzhi_paniyaram,train
/kaggle/input/datasets/iamsouravbanerjee/indian-food-images-dataset/Indian Food Images/Indian Food Images/kuzhi_paniyaram/2fb4fd0770.jpg,46,kuzhi_paniyaram,train
/kaggle/input/datasets/iamsouravbanerjee/indian-food-images-dataset/Indian Food Images/Indian Food Images/kuzhi_paniyaram/3a3241e010.jpg,46,kuzhi_paniyaram,train
/kaggle/input/datasets/iamsouravbanerjee/indian-food-images-dataset/Indian Food Images/Indian Food Images/kuzhi_paniyaram/3a6c41aa6a.jpg,46,kuzhi_paniyaram,train
/kaggle/input/datasets/iamsouravbanerjee/indian-food-images-dataset/Indian Food Images/Indian Food Images/kuzhi_paniyaram/3bbcbdc395.jpg,46,kuzhi_paniyaram,train
/kaggle/input/datasets/iamsouravbanerjee/indian-food-images-dataset/Indian Food Images/Indian Food Images/kuzhi_paniyaram/3cd6c002ea.jpg,46,kuzhi_paniyaram,train
/kaggle/input/datasets/iamsouravbanerjee/indian-food-images-dataset/Indian Food Images/Indian Food Images/kuzhi_paniyaram/3d3d926308.jpg,46,kuzhi_paniyaram,train
/kaggle/input/datasets/iamsouravbanerjee/indian-food-images-dataset/Indian Food Images/Indian Food Images/kuzhi_paniyaram/3da444b017.jpg,46,kuzhi_paniyaram,train
/kaggle/input/datasets/iamsouravbanerjee/indian-food-images-dataset/Indian Food Images/Indian Food Images/kuzhi_paniyaram/4a3f491bac.jpg,46,kuzhi_paniyaram,train
/kaggle/input/datasets/iamsouravbanerjee/indian-food-images-dataset/Indian Food Images/Indian Food Images/kuzhi_paniyaram/4c857d7386.jpg,46,kuzhi_paniyaram,train
/kaggle/input/datasets/iamsouravbanerjee/indian-food-images-dataset/Indian Food Images/Indian Food Images/kuzhi_paniyaram/4cadc74058.jpg,46,kuzhi_paniyaram,train
/kaggle/input/datasets/iamsouravbanerjee/indian-food-images-dataset/Indian Food Images/Indian Food Images/kuzhi_paniyaram/4dd7d43016.jpg,46,kuzhi_paniyaram,train
/kaggle/input/datasets/iamsouravbanerjee/indian-food-images-dataset/Indian Food Images/Indian Food Images/kuzhi_paniyaram/4f5db1ab21.jpg,46,kuzhi_paniyaram,train
/kaggle/input/datasets/iamsouravbanerjee/indian-food-images-dataset/Indian Food Images/Indian Food Images/kuzhi_paniyaram/4fe510e4fa.jpg,46,kuzhi_paniyaram,train
/kaggle/input/datasets/iamsouravbanerjee/indian-food-images-dataset/Indian Food Images/Indian Food Images/kuzhi_paniyaram/5ab36c6e6a.jpg,46,kuzhi_paniyaram,train
/kaggle/input/datasets/iamsouravbanerjee/indian-food-images-dataset/Indian Food Images/Indian Food Images/kuzhi_paniyaram/5e9bedb628.jpg,46,kuzhi_paniyaram,train
/kaggle/input/datasets/iamsouravbanerjee/indian-food-images-dataset/Indian Food Images/Indian Food Images/kuzhi_paniyaram/5ff5c52c4d.jpg,46,kuzhi_paniyaram,train
/kaggle/input/datasets/iamsouravbanerjee/indian-food-images-dataset/Indian Food Images/Indian Food Images/kuzhi_paniyaram/6b6d0edd93.jpg,46,kuzhi_paniyaram,train
/kaggle/input/datasets/iamsouravbanerjee/indian-food-images-dataset/Indian Food Images/Indian Food Images/kuzhi_paniyaram/6c6ec08189.jpg,46,kuzhi_paniyaram,train
/kaggle/input/datasets/iamsouravbanerjee/indian-food-images-dataset/Indian Food Images/Indian Food Images/kuzhi_paniyaram/6cc13ddc2f.jpg,46,kuzhi_paniyaram,train
/kaggle/input/datasets/iamsouravbanerjee/indian-food-images-dataset/Indian Food Images/Indian Food Images/kuzhi_paniyaram/6e4f86f8ab.jpg,46,kuzhi_paniyaram,train
/kaggle/input/datasets/iamsouravbanerjee/indian-food-images-dataset/Indian Food Images/Indian Food Images/lassi/02fa84068c.jpg,47,lassi,train
/kaggle/input/datasets/iamsouravbanerjee/indian-food-images-dataset/Indian Food Images/Indian Food Images/lassi/050de24659.jpg,47,lassi,train
/kaggle/input/datasets/iamsouravbanerjee/indian-food-images-dataset/Indian Food Images/Indian Food Images/lassi/06a554e0ed.jpg,47,lassi,train
/kaggle/input/datasets/iamsouravbanerjee/indian-food-images-dataset/Indian Food Images/Indian Food Images/lassi/07fdf6fd6b.jpg,47,lassi,train
/kaggle/input/datasets/iamsouravbanerjee/indian-food-images-dataset/Indian Food Images/Indian Food Images/lassi/09e5f44bef.jpg,47,lassi,train
/kaggle/input/datasets/iamsouravbanerjee/indian-food-images-dataset/Indian Food Images/Indian Food Images/lassi/0c5c71c04f.jpg,47,lassi,train
/kaggle/input/datasets/iamsouravbanerjee/indian-food-images-dataset/Indian Food Images/Indian Food Images/lassi/0e7d8477b3.jpg,47,lassi,train
/kaggle/input/datasets/iamsouravbanerjee/indian-food-images-dataset/Indian Food Images/Indian Food Images/lassi/11cfad4389.jpg,47,lassi,train
/kaggle/input/datasets/iamsouravbanerjee/indian-food-images-dataset/Indian Food Images/Indian Food Images/lassi/13c369f290.jpg,47,lassi,train
/kaggle/input/datasets/iamsouravbanerjee/indian-food-images-dataset/Indian Food Images/Indian Food Images/lassi/14cfe620e9.jpg,47,lassi,train
/kaggle/input/datasets/iamsouravbanerjee/indian-food-images-dataset/Indian Food Images/Indian Food Images/lassi/1afc4a9aee.jpg,47,lassi,train
/kaggle/input/datasets/iamsouravbanerjee/indian-food-images-dataset/Indian Food Images/Indian Food Images/lassi/1dc1c8ed67.jpg,47,lassi,train
/kaggle/input/datasets/iamsouravbanerjee/indian-food-images-dataset/Indian Food Images/Indian Food Images/lassi/1f00a89ad8.jpg,47,lassi,train
/kaggle/input/datasets/iamsouravbanerjee/indian-food-images-dataset/Indian Food Images/Indian Food Images/lassi/28b5e47daf.jpg,47,lassi,train
/kaggle/input/datasets/iamsouravbanerjee/indian-food-images-dataset/Indian Food Images/Indian Food Images/lassi/28f1f2e713.jpg,47,lassi,train
/kaggle/input/datasets/iamsouravbanerjee/indian-food-images-dataset/Indian Food Images/Indian Food Images/lassi/29cd3bd536.jpg,47,lassi,train
/kaggle/input/datasets/iamsouravbanerjee/indian-food-images-dataset/Indian Food Images/Indian Food Images/lassi/2ee7f9c727.jpg,47,lassi,train
/kaggle/input/datasets/iamsouravbanerjee/indian-food-images-dataset/Indian Food Images/Indian Food Images/lassi/2f66e6aa02.jpg,47,lassi,train
/kaggle/input/datasets/iamsouravbanerjee/indian-food-images-dataset/Indian Food Images/Indian Food Images/lassi/32fca8c34a.jpg,47,lassi,train
/kaggle/input/datasets/iamsouravbanerjee/indian-food-images-dataset/Indian Food Images/Indian Food Images/lassi/34dc067f91.jpg,47,lassi,train
/kaggle/input/datasets/iamsouravbanerjee/indian-food-images-dataset/Indian Food Images/Indian Food Images/lassi/3a000f7fbb.jpg,47,lassi,train
/kaggle/input/datasets/iamsouravbanerjee/indian-food-images-dataset/Indian Food Images/Indian Food Images/lassi/3b20fc7b35.jpg,47,lassi,train
/kaggle/input/datasets/iamsouravbanerjee/indian-food-images-dataset/Indian Food Images/Indian Food Images/lassi/3b6629305f.jpg,47,lassi,train
/kaggle/input/datasets/iamsouravbanerjee/indian-food-images-dataset/Indian Food Images/Indian Food Images/lassi/3c06c43f09.jpg,47,lassi,train
/kaggle/input/datasets/iamsouravbanerjee/indian-food-images-dataset/Indian Food Images/Indian Food Images/lassi/3d93a821ff.jpg,47,lassi,train
/kaggle/input/datasets/iamsouravbanerjee/indian-food-images-dataset/Indian Food Images/Indian Food Images/lassi/3e43d54f23.jpg,47,lassi,train
/kaggle/input/datasets/iamsouravbanerjee/indian-food-images-dataset/Indian Food Images/Indian Food Images/lassi/41d1af3d82.jpg,47,lassi,train
/kaggle/input/datasets/iamsouravbanerjee/indian-food-images-dataset/Indian Food Images/Indian Food Images/lassi/45c66f27a5.jpg,47,lassi,train
/kaggle/input/datasets/iamsouravbanerjee/indian-food-images-dataset/Indian Food Images/Indian Food Images/lassi/46db7f90d4.jpg,47,lassi,train
/kaggle/input/datasets/iamsouravbanerjee/indian-food-images-dataset/Indian Food Images/Indian Food Images/lassi/4cf2feea33.jpg,47,lassi,train
/kaggle/input/datasets/iamsouravbanerjee/indian-food-images-dataset/Indian Food Images/Indian Food Images/lassi/4d4798b9d2.jpg,47,lassi,train
/kaggle/input/datasets/iamsouravbanerjee/indian-food-images-dataset/Indian Food Images/Indian Food Images/lassi/4febc9411c.jpg,47,lassi,train
/kaggle/input/datasets/iamsouravbanerjee/indian-food-images-dataset/Indian Food Images/Indian Food Images/lassi/54dcf40699.jpg,47,lassi,train
/kaggle/input/datasets/iamsouravbanerjee/indian-food-images-dataset/Indian Food Images/Indian Food Images/lassi/5b00fb8715.jpg,47,lassi,train
/kaggle/input/datasets/iamsouravbanerjee/indian-food-images-dataset/Indian Food Images/Indian Food Images/lassi/5ce9685bc8.jpg,47,lassi,train
/kaggle/input/datasets/iamsouravbanerjee/indian-food-images-dataset/Indian Food Images/Indian Food Images/ledikeni/02b35ee051.jpg,48,ledikeni,train
/kaggle/input/datasets/iamsouravbanerjee/indian-food-images-dataset/Indian Food Images/Indian Food Images/ledikeni/057763e764.jpg,48,ledikeni,train
/kaggle/input/datasets/iamsouravbanerjee/indian-food-images-dataset/Indian Food Images/Indian Food Images/ledikeni/0a46728e56.jpg,48,ledikeni,train
/kaggle/input/datasets/iamsouravbanerjee/indian-food-images-dataset/Indian Food Images/Indian Food Images/ledikeni/0d7b7f96bf.jpg,48,ledikeni,train
/kaggle/input/datasets/iamsouravbanerjee/indian-food-images-dataset/Indian Food Images/Indian Food Images/ledikeni/0ef516b382.jpg,48,ledikeni,train
/kaggle/input/datasets/iamsouravbanerjee/indian-food-images-dataset/Indian Food Images/Indian Food Images/ledikeni/0ff191a63d.jpg,48,ledikeni,train
/kaggle/input/datasets/iamsouravbanerjee/indian-food-images-dataset/Indian Food Images/Indian Food Images/ledikeni/177066ff5b.jpg,48,ledikeni,train
/kaggle/input/datasets/iamsouravbanerjee/indian-food-images-dataset/Indian Food Images/Indian Food Images/ledikeni/17a2851e1a.jpg,48,ledikeni,train
/kaggle/input/datasets/iamsouravbanerjee/indian-food-images-dataset/Indian Food Images/Indian Food Images/ledikeni/1b22d93513.jpg,48,ledikeni,train
/kaggle/input/datasets/iamsouravbanerjee/indian-food-images-dataset/Indian Food Images/Indian Food Images/ledikeni/1c158cb8ed.jpg,48,ledikeni,train
/kaggle/input/datasets/iamsouravbanerjee/indian-food-images-dataset/Indian Food Images/Indian Food Images/ledikeni/1e5a98ae55.jpg,48,ledikeni,train
/kaggle/input/datasets/iamsouravbanerjee/indian-food-images-dataset/Indian Food Images/Indian Food Images/ledikeni/24f4cfb13a.jpg,48,ledikeni,train
/kaggle/input/datasets/iamsouravbanerjee/indian-food-images-dataset/Indian Food Images/Indian Food Images/ledikeni/26928139dd.jpg,48,ledikeni,train
/kaggle/input/datasets/iamsouravbanerjee/indian-food-images-dataset/Indian Food Images/Indian Food Images/ledikeni/26fe083fc9.jpg,48,ledikeni,train
/kaggle/input/datasets/iamsouravbanerjee/indian-food-images-dataset/Indian Food Images/Indian Food Images/ledikeni/271a243add.jpg,48,ledikeni,train
/kaggle/input/datasets/iamsouravbanerjee/indian-food-images-dataset/Indian Food Images/Indian Food Images/ledikeni/27bff9e77c.jpg,48,ledikeni,train
/kaggle/input/datasets/iamsouravbanerjee/indian-food-images-dataset/Indian Food Images/Indian Food Images/ledikeni/2988b8dff2.jpg,48,ledikeni,train
/kaggle/input/datasets/iamsouravbanerjee/indian-food-images-dataset/Indian Food Images/Indian Food Images/ledikeni/2a41f183e5.jpg,48,ledikeni,train
/kaggle/input/datasets/iamsouravbanerjee/indian-food-images-dataset/Indian Food Images/Indian Food Images/ledikeni/2a6090151a.jpg,48,ledikeni,train
/kaggle/input/datasets/iamsouravbanerjee/indian-food-images-dataset/Indian Food Images/Indian Food Images/ledikeni/2ba5276f3d.jpg,48,ledikeni,train
/kaggle/input/datasets/iamsouravbanerjee/indian-food-images-dataset/Indian Food Images/Indian Food Images/ledikeni/2d0d3d6ca1.jpg,48,ledikeni,train
/kaggle/input/datasets/iamsouravbanerjee/indian-food-images-dataset/Indian Food Images/Indian Food Images/ledikeni/3349425da6.jpg,48,ledikeni,train
/kaggle/input/datasets/iamsouravbanerjee/indian-food-images-dataset/Indian Food Images/Indian Food Images/ledikeni/33c67efc4b.jpg,48,ledikeni,train
/kaggle/input/datasets/iamsouravbanerjee/indian-food-images-dataset/Indian Food Images/Indian Food Images/ledikeni/33d9b37fcf.jpg,48,ledikeni,train
/kaggle/input/datasets/iamsouravbanerjee/indian-food-images-dataset/Indian Food Images/Indian Food Images/ledikeni/38609720ec.jpg,48,ledikeni,train
/kaggle/input/datasets/iamsouravbanerjee/indian-food-images-dataset/Indian Food Images/Indian Food Images/ledikeni/3c1fb25963.jpg,48,ledikeni,train
/kaggle/input/datasets/iamsouravbanerjee/indian-food-images-dataset/Indian Food Images/Indian Food Images/ledikeni/43746bba24.jpg,48,ledikeni,train
/kaggle/input/datasets/iamsouravbanerjee/indian-food-images-dataset/Indian Food Images/Indian Food Images/ledikeni/49c15e7688.jpg,48,ledikeni,train
/kaggle/input/datasets/iamsouravbanerjee/indian-food-images-dataset/Indian Food Images/Indian Food Images/ledikeni/4a484e4593.jpg,48,ledikeni,train
/kaggle/input/datasets/iamsouravbanerjee/indian-food-images-dataset/Indian Food Images/Indian Food Images/ledikeni/4ae440d2b3.jpg,48,ledikeni,train
/kaggle/input/datasets/iamsouravbanerjee/indian-food-images-dataset/Indian Food Images/Indian Food Images/ledikeni/4db4185c80.jpg,48,ledikeni,train
/kaggle/input/datasets/iamsouravbanerjee/indian-food-images-dataset/Indian Food Images/Indian Food Images/ledikeni/57741eee9b.jpg,48,ledikeni,train
/kaggle/input/datasets/iamsouravbanerjee/indian-food-images-dataset/Indian Food Images/Indian Food Images/ledikeni/599975f95c.jpg,48,ledikeni,train
/kaggle/input/datasets/iamsouravbanerjee/indian-food-images-dataset/Indian Food Images/Indian Food Images/ledikeni/59a0b467fe.jpg,48,ledikeni,train
/kaggle/input/datasets/iamsouravbanerjee/indian-food-images-dataset/Indian Food Images/Indian Food Images/ledikeni/66eb3d528f.jpg,48,ledikeni,train
/kaggle/input/datasets/iamsouravbanerjee/indian-food-images-dataset/Indian Food Images/Indian Food Images/litti_chokha/03fb96ef73.jpg,49,litti_chokha,train
/kaggle/input/datasets/iamsouravbanerjee/indian-food-images-dataset/Indian Food Images/Indian Food Images/litti_chokha/04c4fbc0b2.jpg,49,litti_chokha,train
/kaggle/input/datasets/iamsouravbanerjee/indian-food-images-dataset/Indian Food Images/Indian Food Images/litti_chokha/06deadef64.jpg,49,litti_chokha,train
/kaggle/input/datasets/iamsouravbanerjee/indian-food-images-dataset/Indian Food Images/Indian Food Images/litti_chokha/08a3ff5088.jpg,49,litti_chokha,train
/kaggle/input/datasets/iamsouravbanerjee/indian-food-images-dataset/Indian Food Images/Indian Food Images/litti_chokha/0aab5762e7.jpg,49,litti_chokha,train
/kaggle/input/datasets/iamsouravbanerjee/indian-food-images-dataset/Indian Food Images/Indian Food Images/litti_chokha/0c0c161414.jpg,49,litti_chokha,train
/kaggle/input/datasets/iamsouravbanerjee/indian-food-images-dataset/Indian Food Images/Indian Food Images/litti_chokha/0ca1957d08.jpg,49,litti_chokha,train
/kaggle/input/datasets/iamsouravbanerjee/indian-food-images-dataset/Indian Food Images/Indian Food Images/litti_chokha/0e7caf0984.jpg,49,litti_chokha,train
/kaggle/input/datasets/iamsouravbanerjee/indian-food-images-dataset/Indian Food Images/Indian Food Images/litti_chokha/0e96fab2cc.jpg,49,litti_chokha,train
/kaggle/input/datasets/iamsouravbanerjee/indian-food-images-dataset/Indian Food Images/Indian Food Images/litti_chokha/19a7b94e11.jpg,49,litti_chokha,train
/kaggle/input/datasets/iamsouravbanerjee/indian-food-images-dataset/Indian Food Images/Indian Food Images/litti_chokha/1c971aa23c.jpg,49,litti_chokha,train
/kaggle/input/datasets/iamsouravbanerjee/indian-food-images-dataset/Indian Food Images/Indian Food Images/litti_chokha/1d253881a4.jpg,49,litti_chokha,train
/kaggle/input/datasets/iamsouravbanerjee/indian-food-images-dataset/Indian Food Images/Indian Food Images/litti_chokha/1dcb4a5ae0.jpg,49,litti_chokha,train
/kaggle/input/datasets/iamsouravbanerjee/indian-food-images-dataset/Indian Food Images/Indian Food Images/litti_chokha/1e5fa10888.jpg,49,litti_chokha,train
/kaggle/input/datasets/iamsouravbanerjee/indian-food-images-dataset/Indian Food Images/Indian Food Images/litti_chokha/1f59bb1889.jpg,49,litti_chokha,train
/kaggle/input/datasets/iamsouravbanerjee/indian-food-images-dataset/Indian Food Images/Indian Food Images/litti_chokha/1f9dfc1881.jpg,49,litti_chokha,train
/kaggle/input/datasets/iamsouravbanerjee/indian-food-images-dataset/Indian Food Images/Indian Food Images/litti_chokha/1fea466748.jpg,49,litti_chokha,train
/kaggle/input/datasets/iamsouravbanerjee/indian-food-images-dataset/Indian Food Images/Indian Food Images/litti_chokha/21d8403677.jpg,49,litti_chokha,train
/kaggle/input/datasets/iamsouravbanerjee/indian-food-images-dataset/Indian Food Images/Indian Food Images/litti_chokha/27c7ee56fd.jpg,49,litti_chokha,train
/kaggle/input/datasets/iamsouravbanerjee/indian-food-images-dataset/Indian Food Images/Indian Food Images/litti_chokha/27d1878004.jpg,49,litti_chokha,train
/kaggle/input/datasets/iamsouravbanerjee/indian-food-images-dataset/Indian Food Images/Indian Food Images/litti_chokha/2c2fbd7968.jpg,49,litti_chokha,train
/kaggle/input/datasets/iamsouravbanerjee/indian-food-images-dataset/Indian Food Images/Indian Food Images/litti_chokha/2e1a012bb0.jpg,49,litti_chokha,train
/kaggle/input/datasets/iamsouravbanerjee/indian-food-images-dataset/Indian Food Images/Indian Food Images/litti_chokha/3be81fb40e.jpg,49,litti_chokha,train
/kaggle/input/datasets/iamsouravbanerjee/indian-food-images-dataset/Indian Food Images/Indian Food Images/litti_chokha/3cdde0a491.jpg,49,litti_chokha,train
/kaggle/input/datasets/iamsouravbanerjee/indian-food-images-dataset/Indian Food Images/Indian Food Images/litti_chokha/4b78bfd688.jpg,49,litti_chokha,train
/kaggle/input/datasets/iamsouravbanerjee/indian-food-images-dataset/Indian Food Images/Indian Food Images/litti_chokha/4c140a8f3e.jpg,49,litti_chokha,train
/kaggle/input/datasets/iamsouravbanerjee/indian-food-images-dataset/Indian Food Images/Indian Food Images/litti_chokha/4e34a34a51.jpg,49,litti_chokha,train
/kaggle/input/datasets/iamsouravbanerjee/indian-food-images-dataset/Indian Food Images/Indian Food Images/litti_chokha/5a29964f70.jpg,49,litti_chokha,train
/kaggle/input/datasets/iamsouravbanerjee/indian-food-images-dataset/Indian Food Images/Indian Food Images/litti_chokha/5afdb45d36.jpg,49,litti_chokha,train
/kaggle/input/datasets/iamsouravbanerjee/indian-food-images-dataset/Indian Food Images/Indian Food Images/litti_chokha/5bca5df202.jpg,49,litti_chokha,train
/kaggle/input/datasets/iamsouravbanerjee/indian-food-images-dataset/Indian Food Images/Indian Food Images/litti_chokha/5bed5dc3c7.jpg,49,litti_chokha,train
/kaggle/input/datasets/iamsouravbanerjee/indian-food-images-dataset/Indian Food Images/Indian Food Images/litti_chokha/5ccfa6502a.jpg,49,litti_chokha,train
/kaggle/input/datasets/iamsouravbanerjee/indian-food-images-dataset/Indian Food Images/Indian Food Images/litti_chokha/5d4a3faa50.jpg,49,litti_chokha,train
/kaggle/input/datasets/iamsouravbanerjee/indian-food-images-dataset/Indian Food Images/Indian Food Images/litti_chokha/5d54672f09.jpg,49,litti_chokha,train
/kaggle/input/datasets/iamsouravbanerjee/indian-food-images-dataset/Indian Food Images/Indian Food Images/litti_chokha/6d425c58bd.jpg,49,litti_chokha,train
/kaggle/input/datasets/iamsouravbanerjee/indian-food-images-dataset/Indian Food Images/Indian Food Images/lyangcha/02a38ee57e.jpg,50,lyangcha,train
/kaggle/input/datasets/iamsouravbanerjee/indian-food-images-dataset/Indian Food Images/Indian Food Images/lyangcha/03cc97db4e.jpg,50,lyangcha,train
/kaggle/input/datasets/iamsouravbanerjee/indian-food-images-dataset/Indian Food Images/Indian Food Images/lyangcha/08f4d514a9.jpg,50,lyangcha,train
/kaggle/input/datasets/iamsouravbanerjee/indian-food-images-dataset/Indian Food Images/Indian Food Images/lyangcha/0da114027d.jpg,50,lyangcha,train
/kaggle/input/datasets/iamsouravbanerjee/indian-food-images-dataset/Indian Food Images/Indian Food Images/lyangcha/0fd6ed49ce.jpg,50,lyangcha,train
/kaggle/input/datasets/iamsouravbanerjee/indian-food-images-dataset/Indian Food Images/Indian Food Images/lyangcha/16ce79fe00.jpg,50,lyangcha,train
/kaggle/input/datasets/iamsouravbanerjee/indian-food-images-dataset/Indian Food Images/Indian Food Images/lyangcha/18a229ac3e.jpg,50,lyangcha,train
/kaggle/input/datasets/iamsouravbanerjee/indian-food-images-dataset/Indian Food Images/Indian Food Images/lyangcha/199cdc35f9.jpg,50,lyangcha,train
/kaggle/input/datasets/iamsouravbanerjee/indian-food-images-dataset/Indian Food Images/Indian Food Images/lyangcha/19dee2e042.jpg,50,lyangcha,train
/kaggle/input/datasets/iamsouravbanerjee/indian-food-images-dataset/Indian Food Images/Indian Food Images/lyangcha/1aa843916f.jpg,50,lyangcha,train
/kaggle/input/datasets/iamsouravbanerjee/indian-food-images-dataset/Indian Food Images/Indian Food Images/lyangcha/1c9ac49ed9.jpg,50,lyangcha,train
/kaggle/input/datasets/iamsouravbanerjee/indian-food-images-dataset/Indian Food Images/Indian Food Images/lyangcha/1d2997749b.jpg,50,lyangcha,train
/kaggle/input/datasets/iamsouravbanerjee/indian-food-images-dataset/Indian Food Images/Indian Food Images/lyangcha/278d25e264.jpg,50,lyangcha,train
/kaggle/input/datasets/iamsouravbanerjee/indian-food-images-dataset/Indian Food Images/Indian Food Images/lyangcha/29c7400c95.jpg,50,lyangcha,train
/kaggle/input/datasets/iamsouravbanerjee/indian-food-images-dataset/Indian Food Images/Indian Food Images/lyangcha/2de0bb112d.jpg,50,lyangcha,train
/kaggle/input/datasets/iamsouravbanerjee/indian-food-images-dataset/Indian Food Images/Indian Food Images/lyangcha/369a441bef.jpg,50,lyangcha,train
/kaggle/input/datasets/iamsouravbanerjee/indian-food-images-dataset/Indian Food Images/Indian Food Images/lyangcha/3c8d1d1808.jpg,50,lyangcha,train
/kaggle/input/datasets/iamsouravbanerjee/indian-food-images-dataset/Indian Food Images/Indian Food Images/lyangcha/3d72090893.jpg,50,lyangcha,train
/kaggle/input/datasets/iamsouravbanerjee/indian-food-images-dataset/Indian Food Images/Indian Food Images/lyangcha/3de4594be1.jpg,50,lyangcha,train
/kaggle/input/datasets/iamsouravbanerjee/indian-food-images-dataset/Indian Food Images/Indian Food Images/lyangcha/48fee354d8.jpg,50,lyangcha,train
/kaggle/input/datasets/iamsouravbanerjee/indian-food-images-dataset/Indian Food Images/Indian Food Images/lyangcha/4e1e66d107.jpg,50,lyangcha,train
/kaggle/input/datasets/iamsouravbanerjee/indian-food-images-dataset/Indian Food Images/Indian Food Images/lyangcha/56c55cf74b.jpg,50,lyangcha,train
/kaggle/input/datasets/iamsouravbanerjee/indian-food-images-dataset/Indian Food Images/Indian Food Images/lyangcha/57b23b5aa1.jpg,50,lyangcha,train
/kaggle/input/datasets/iamsouravbanerjee/indian-food-images-dataset/Indian Food Images/Indian Food Images/lyangcha/5b7134b467.jpg,50,lyangcha,train
/kaggle/input/datasets/iamsouravbanerjee/indian-food-images-dataset/Indian Food Images/Indian Food Images/lyangcha/5caeabb970.jpg,50,lyangcha,train
/kaggle/input/datasets/iamsouravbanerjee/indian-food-images-dataset/Indian Food Images/Indian Food Images/lyangcha/5fdaba257e.jpg,50,lyangcha,train
/kaggle/input/datasets/iamsouravbanerjee/indian-food-images-dataset/Indian Food Images/Indian Food Images/lyangcha/62e03c2b15.jpg,50,lyangcha,train
/kaggle/input/datasets/iamsouravbanerjee/indian-food-images-dataset/Indian Food Images/Indian Food Images/lyangcha/6ab8519569.jpg,50,lyangcha,train
/kaggle/input/datasets/iamsouravbanerjee/indian-food-images-dataset/Indian Food Images/Indian Food Images/lyangcha/6cd4ab7c4e.jpg,50,lyangcha,train
/kaggle/input/datasets/iamsouravbanerjee/indian-food-images-dataset/Indian Food Images/Indian Food Images/lyangcha/6d07675432.jpg,50,lyangcha,train
/kaggle/input/datasets/iamsouravbanerjee/indian-food-images-dataset/Indian Food Images/Indian Food Images/lyangcha/6d0d39c3a9.jpg,50,lyangcha,train
/kaggle/input/datasets/iamsouravbanerjee/indian-food-images-dataset/Indian Food Images/Indian Food Images/lyangcha/6d1d9309b8.jpg,50,lyangcha,train
/kaggle/input/datasets/iamsouravbanerjee/indian-food-images-dataset/Indian Food Images/Indian Food Images/lyangcha/73e68e9920.jpg,50,lyangcha,train
/kaggle/input/datasets/iamsouravbanerjee/indian-food-images-dataset/Indian Food Images/Indian Food Images/lyangcha/76dcf323ae.jpg,50,lyangcha,train
/kaggle/input/datasets/iamsouravbanerjee/indian-food-images-dataset/Indian Food Images/Indian Food Images/lyangcha/76f55ad3ea.jpg,50,lyangcha,train
/kaggle/input/datasets/iamsouravbanerjee/indian-food-images-dataset/Indian Food Images/Indian Food Images/maach_jhol/037e74c7c9.jpg,51,maach_jhol,train
/kaggle/input/datasets/iamsouravbanerjee/indian-food-images-dataset/Indian Food Images/Indian Food Images/maach_jhol/03f6179a79.jpg,51,maach_jhol,train
/kaggle/input/datasets/iamsouravbanerjee/indian-food-images-dataset/Indian Food Images/Indian Food Images/maach_jhol/04c5371ccb.jpg,51,maach_jhol,train
/kaggle/input/datasets/iamsouravbanerjee/indian-food-images-dataset/Indian Food Images/Indian Food Images/maach_jhol/06cd6d6209.jpg,51,maach_jhol,train
/kaggle/input/datasets/iamsouravbanerjee/indian-food-images-dataset/Indian Food Images/Indian Food Images/maach_jhol/087ee9b72f.jpg,51,maach_jhol,train
/kaggle/input/datasets/iamsouravbanerjee/indian-food-images-dataset/Indian Food Images/Indian Food Images/maach_jhol/08a95b1a11.jpg,51,maach_jhol,train
/kaggle/input/datasets/iamsouravbanerjee/indian-food-images-dataset/Indian Food Images/Indian Food Images/maach_jhol/09a223d52b.jpg,51,maach_jhol,train
/kaggle/input/datasets/iamsouravbanerjee/indian-food-images-dataset/Indian Food Images/Indian Food Images/maach_jhol/0d2dd9fe0c.jpg,51,maach_jhol,train
/kaggle/input/datasets/iamsouravbanerjee/indian-food-images-dataset/Indian Food Images/Indian Food Images/maach_jhol/0dadfcd43e.jpg,51,maach_jhol,train
/kaggle/input/datasets/iamsouravbanerjee/indian-food-images-dataset/Indian Food Images/Indian Food Images/maach_jhol/101de2402a.jpg,51,maach_jhol,train
/kaggle/input/datasets/iamsouravbanerjee/indian-food-images-dataset/Indian Food Images/Indian Food Images/maach_jhol/11ca696aa7.jpg,51,maach_jhol,train
/kaggle/input/datasets/iamsouravbanerjee/indian-food-images-dataset/Indian Food Images/Indian Food Images/maach_jhol/145acbfe0f.jpg,51,maach_jhol,train
/kaggle/input/datasets/iamsouravbanerjee/indian-food-images-dataset/Indian Food Images/Indian Food Images/maach_jhol/147fc42c98.jpg,51,maach_jhol,train
/kaggle/input/datasets/iamsouravbanerjee/indian-food-images-dataset/Indian Food Images/Indian Food Images/maach_jhol/159ae70d5d.jpg,51,maach_jhol,train
/kaggle/input/datasets/iamsouravbanerjee/indian-food-images-dataset/Indian Food Images/Indian Food Images/maach_jhol/19da958c25.jpg,51,maach_jhol,train
/kaggle/input/datasets/iamsouravbanerjee/indian-food-images-dataset/Indian Food Images/Indian Food Images/maach_jhol/1bdc77b1ca.jpg,51,maach_jhol,train
/kaggle/input/datasets/iamsouravbanerjee/indian-food-images-dataset/Indian Food Images/Indian Food Images/maach_jhol/1c4b4e0fb9.jpg,51,maach_jhol,train
/kaggle/input/datasets/iamsouravbanerjee/indian-food-images-dataset/Indian Food Images/Indian Food Images/maach_jhol/20c2a51c1e.jpg,51,maach_jhol,train
/kaggle/input/datasets/iamsouravbanerjee/indian-food-images-dataset/Indian Food Images/Indian Food Images/maach_jhol/21ab4ad789.jpg,51,maach_jhol,train
/kaggle/input/datasets/iamsouravbanerjee/indian-food-images-dataset/Indian Food Images/Indian Food Images/maach_jhol/21afae9ecf.jpg,51,maach_jhol,train
/kaggle/input/datasets/iamsouravbanerjee/indian-food-images-dataset/Indian Food Images/Indian Food Images/maach_jhol/22a978ce1e.jpg,51,maach_jhol,train
/kaggle/input/datasets/iamsouravbanerjee/indian-food-images-dataset/Indian Food Images/Indian Food Images/maach_jhol/27d9a7d594.jpg,51,maach_jhol,train
/kaggle/input/datasets/iamsouravbanerjee/indian-food-images-dataset/Indian Food Images/Indian Food Images/maach_jhol/2b2792f529.jpg,51,maach_jhol,train
/kaggle/input/datasets/iamsouravbanerjee/indian-food-images-dataset/Indian Food Images/Indian Food Images/maach_jhol/35f28df33a.jpg,51,maach_jhol,train
/kaggle/input/datasets/iamsouravbanerjee/indian-food-images-dataset/Indian Food Images/Indian Food Images/maach_jhol/3c2b7a3458.jpg,51,maach_jhol,train
/kaggle/input/datasets/iamsouravbanerjee/indian-food-images-dataset/Indian Food Images/Indian Food Images/maach_jhol/3de788b8f3.jpg,51,maach_jhol,train
/kaggle/input/datasets/iamsouravbanerjee/indian-food-images-dataset/Indian Food Images/Indian Food Images/maach_jhol/3e0e140178.jpg,51,maach_jhol,train
/kaggle/input/datasets/iamsouravbanerjee/indian-food-images-dataset/Indian Food Images/Indian Food Images/maach_jhol/3f0bf205a7.jpg,51,maach_jhol,train
/kaggle/input/datasets/iamsouravbanerjee/indian-food-images-dataset/Indian Food Images/Indian Food Images/maach_jhol/40a1777ba7.jpg,51,maach_jhol,train
/kaggle/input/datasets/iamsouravbanerjee/indian-food-images-dataset/Indian Food Images/Indian Food Images/maach_jhol/47c25054d8.jpg,51,maach_jhol,train
/kaggle/input/datasets/iamsouravbanerjee/indian-food-images-dataset/Indian Food Images/Indian Food Images/maach_jhol/4ad99c6387.jpg,51,maach_jhol,train
/kaggle/input/datasets/iamsouravbanerjee/indian-food-images-dataset/Indian Food Images/Indian Food Images/maach_jhol/4bfcb5e3bc.jpg,51,maach_jhol,train
/kaggle/input/datasets/iamsouravbanerjee/indian-food-images-dataset/Indian Food Images/Indian Food Images/maach_jhol/4ca7af1650.jpg,51,maach_jhol,train
/kaggle/input/datasets/iamsouravbanerjee/indian-food-images-dataset/Indian Food Images/Indian Food Images/maach_jhol/4f04535b28.jpg,51,maach_jhol,train
/kaggle/input/datasets/iamsouravbanerjee/indian-food-images-dataset/Indian Food Images/Indian Food Images/maach_jhol/5c99f86145.jpg,51,maach_jhol,train
/kaggle/input/datasets/iamsouravbanerjee/indian-food-images-dataset/Indian Food Images/Indian Food Images/makki_di_roti_sarson_da_saag/007e9e0273.jpg,52,makki_di_roti_sarson_da_saag,train
/kaggle/input/datasets/iamsouravbanerjee/indian-food-images-dataset/Indian Food Images/Indian Food Images/makki_di_roti_sarson_da_saag/05ba3da592.jpg,52,makki_di_roti_sarson_da_saag,train
/kaggle/input/datasets/iamsouravbanerjee/indian-food-images-dataset/Indian Food Images/Indian Food Images/makki_di_roti_sarson_da_saag/09c456b877.jpg,52,makki_di_roti_sarson_da_saag,train
/kaggle/input/datasets/iamsouravbanerjee/indian-food-images-dataset/Indian Food Images/Indian Food Images/makki_di_roti_sarson_da_saag/0b86c42640.jpg,52,makki_di_roti_sarson_da_saag,train
/kaggle/input/datasets/iamsouravbanerjee/indian-food-images-dataset/Indian Food Images/Indian Food Images/makki_di_roti_sarson_da_saag/0cec4e0531.jpg,52,makki_di_roti_sarson_da_saag,train
/kaggle/input/datasets/iamsouravbanerjee/indian-food-images-dataset/Indian Food Images/Indian Food Images/makki_di_roti_sarson_da_saag/12ac00c5f5.jpg,52,makki_di_roti_sarson_da_saag,train
/kaggle/input/datasets/iamsouravbanerjee/indian-food-images-dataset/Indian Food Images/Indian Food Images/makki_di_roti_sarson_da_saag/13ff51e4ef.jpg,52,makki_di_roti_sarson_da_saag,train
/kaggle/input/datasets/iamsouravbanerjee/indian-food-images-dataset/Indian Food Images/Indian Food Images/makki_di_roti_sarson_da_saag/16ffa15823.jpg,52,makki_di_roti_sarson_da_saag,train
/kaggle/input/datasets/iamsouravbanerjee/indian-food-images-dataset/Indian Food Images/Indian Food Images/makki_di_roti_sarson_da_saag/1b155746eb.jpg,52,makki_di_roti_sarson_da_saag,train
/kaggle/input/datasets/iamsouravbanerjee/indian-food-images-dataset/Indian Food Images/Indian Food Images/makki_di_roti_sarson_da_saag/1d093560d8.jpg,52,makki_di_roti_sarson_da_saag,train
/kaggle/input/datasets/iamsouravbanerjee/indian-food-images-dataset/Indian Food Images/Indian Food Images/makki_di_roti_sarson_da_saag/1d18721854.jpg,52,makki_di_roti_sarson_da_saag,train
/kaggle/input/datasets/iamsouravbanerjee/indian-food-images-dataset/Indian Food Images/Indian Food Images/makki_di_roti_sarson_da_saag/24c184bcc8.jpg,52,makki_di_roti_sarson_da_saag,train
/kaggle/input/datasets/iamsouravbanerjee/indian-food-images-dataset/Indian Food Images/Indian Food Images/makki_di_roti_sarson_da_saag/26a8e0331e.jpg,52,makki_di_roti_sarson_da_saag,train
/kaggle/input/datasets/iamsouravbanerjee/indian-food-images-dataset/Indian Food Images/Indian Food Images/makki_di_roti_sarson_da_saag/2ad004ccda.jpg,52,makki_di_roti_sarson_da_saag,train
/kaggle/input/datasets/iamsouravbanerjee/indian-food-images-dataset/Indian Food Images/Indian Food Images/makki_di_roti_sarson_da_saag/2f391c5204.jpg,52,makki_di_roti_sarson_da_saag,train
/kaggle/input/datasets/iamsouravbanerjee/indian-food-images-dataset/Indian Food Images/Indian Food Images/makki_di_roti_sarson_da_saag/2f50fb37a3.jpg,52,makki_di_roti_sarson_da_saag,train
/kaggle/input/datasets/iamsouravbanerjee/indian-food-images-dataset/Indian Food Images/Indian Food Images/makki_di_roti_sarson_da_saag/30a1d23643.jpg,52,makki_di_roti_sarson_da_saag,train
/kaggle/input/datasets/iamsouravbanerjee/indian-food-images-dataset/Indian Food Images/Indian Food Images/makki_di_roti_sarson_da_saag/30c7edd006.jpg,52,makki_di_roti_sarson_da_saag,train
/kaggle/input/datasets/iamsouravbanerjee/indian-food-images-dataset/Indian Food Images/Indian Food Images/makki_di_roti_sarson_da_saag/31a442ce78.jpg,52,makki_di_roti_sarson_da_saag,train
/kaggle/input/datasets/iamsouravbanerjee/indian-food-images-dataset/Indian Food Images/Indian Food Images/makki_di_roti_sarson_da_saag/31f967d4d7.jpg,52,makki_di_roti_sarson_da_saag,train
/kaggle/input/datasets/iamsouravbanerjee/indian-food-images-dataset/Indian Food Images/Indian Food Images/makki_di_roti_sarson_da_saag/32d87a7451.jpg,52,makki_di_roti_sarson_da_saag,train
/kaggle/input/datasets/iamsouravbanerjee/indian-food-images-dataset/Indian Food Images/Indian Food Images/makki_di_roti_sarson_da_saag/33a4e9a493.jpg,52,makki_di_roti_sarson_da_saag,train
/kaggle/input/datasets/iamsouravbanerjee/indian-food-images-dataset/Indian Food Images/Indian Food Images/makki_di_roti_sarson_da_saag/34f9a7fc91.jpg,52,makki_di_roti_sarson_da_saag,train
/kaggle/input/datasets/iamsouravbanerjee/indian-food-images-dataset/Indian Food Images/Indian Food Images/makki_di_roti_sarson_da_saag/36f6de1d1a.jpg,52,makki_di_roti_sarson_da_saag,train
/kaggle/input/datasets/iamsouravbanerjee/indian-food-images-dataset/Indian Food Images/Indian Food Images/makki_di_roti_sarson_da_saag/38d4b1ccf5.jpg,52,makki_di_roti_sarson_da_saag,train
/kaggle/input/datasets/iamsouravbanerjee/indian-food-images-dataset/Indian Food Images/Indian Food Images/makki_di_roti_sarson_da_saag/3a8cff5201.jpg,52,makki_di_roti_sarson_da_saag,train
/kaggle/input/datasets/iamsouravbanerjee/indian-food-images-dataset/Indian Food Images/Indian Food Images/makki_di_roti_sarson_da_saag/3c7e86379b.jpg,52,makki_di_roti_sarson_da_saag,train
/kaggle/input/datasets/iamsouravbanerjee/indian-food-images-dataset/Indian Food Images/Indian Food Images/makki_di_roti_sarson_da_saag/3dfe5ad92d.jpg,52,makki_di_roti_sarson_da_saag,train
/kaggle/input/datasets/iamsouravbanerjee/indian-food-images-dataset/Indian Food Images/Indian Food Images/makki_di_roti_sarson_da_saag/4ebd580dff.jpg,52,makki_di_roti_sarson_da_saag,train
/kaggle/input/datasets/iamsouravbanerjee/indian-food-images-dataset/Indian Food Images/Indian Food Images/makki_di_roti_sarson_da_saag/4f58ec6c79.jpg,52,makki_di_roti_sarson_da_saag,train
/kaggle/input/datasets/iamsouravbanerjee/indian-food-images-dataset/Indian Food Images/Indian Food Images/makki_di_roti_sarson_da_saag/4fe142bd3e.jpg,52,makki_di_roti_sarson_da_saag,train
/kaggle/input/datasets/iamsouravbanerjee/indian-food-images-dataset/Indian Food Images/Indian Food Images/makki_di_roti_sarson_da_saag/5aafed78a1.jpg,52,makki_di_roti_sarson_da_saag,train
/kaggle/input/datasets/iamsouravbanerjee/indian-food-images-dataset/Indian Food Images/Indian Food Images/makki_di_roti_sarson_da_saag/5bbd88e4a8.jpg,52,makki_di_roti_sarson_da_saag,train
/kaggle/input/datasets/iamsouravbanerjee/indian-food-images-dataset/Indian Food Images/Indian Food Images/makki_di_roti_sarson_da_saag/5cf18311c1.jpg,52,makki_di_roti_sarson_da_saag,train
/kaggle/input/datasets/iamsouravbanerjee/indian-food-images-dataset/Indian Food Images/Indian Food Images/makki_di_roti_sarson_da_saag/5dfe251320.jpg,52,makki_di_roti_sarson_da_saag,train
/kaggle/input/datasets/iamsouravbanerjee/indian-food-images-dataset/Indian Food Images/Indian Food Images/malapua/0be899ea05.jpg,53,malapua,train
/kaggle/input/datasets/iamsouravbanerjee/indian-food-images-dataset/Indian Food Images/Indian Food Images/malapua/0ec884b8df.jpg,53,malapua,train
/kaggle/input/datasets/iamsouravbanerjee/indian-food-images-dataset/Indian Food Images/Indian Food Images/malapua/0ee4ab78b3.jpg,53,malapua,train
/kaggle/input/datasets/iamsouravbanerjee/indian-food-images-dataset/Indian Food Images/Indian Food Images/malapua/0fad8946f6.jpg,53,malapua,train
/kaggle/input/datasets/iamsouravbanerjee/indian-food-images-dataset/Indian Food Images/Indian Food Images/malapua/156ec64d04.jpg,53,malapua,train
/kaggle/input/datasets/iamsouravbanerjee/indian-food-images-dataset/Indian Food Images/Indian Food Images/malapua/1c84507f90.jpg,53,malapua,train
/kaggle/input/datasets/iamsouravbanerjee/indian-food-images-dataset/Indian Food Images/Indian Food Images/malapua/205e0d3c63.jpg,53,malapua,train
/kaggle/input/datasets/iamsouravbanerjee/indian-food-images-dataset/Indian Food Images/Indian Food Images/malapua/210fbff969.jpg,53,malapua,train
/kaggle/input/datasets/iamsouravbanerjee/indian-food-images-dataset/Indian Food Images/Indian Food Images/malapua/264ad4bb67.jpg,53,malapua,train
/kaggle/input/datasets/iamsouravbanerjee/indian-food-images-dataset/Indian Food Images/Indian Food Images/malapua/304b1ee7b6.jpg,53,malapua,train
/kaggle/input/datasets/iamsouravbanerjee/indian-food-images-dataset/Indian Food Images/Indian Food Images/malapua/388bf2fc7d.jpg,53,malapua,train
/kaggle/input/datasets/iamsouravbanerjee/indian-food-images-dataset/Indian Food Images/Indian Food Images/malapua/3a36ae4b5d.jpg,53,malapua,train
/kaggle/input/datasets/iamsouravbanerjee/indian-food-images-dataset/Indian Food Images/Indian Food Images/malapua/3c6281051c.jpg,53,malapua,train
/kaggle/input/datasets/iamsouravbanerjee/indian-food-images-dataset/Indian Food Images/Indian Food Images/malapua/3cb832b371.jpg,53,malapua,train
/kaggle/input/datasets/iamsouravbanerjee/indian-food-images-dataset/Indian Food Images/Indian Food Images/malapua/3f3401c087.jpg,53,malapua,train
/kaggle/input/datasets/iamsouravbanerjee/indian-food-images-dataset/Indian Food Images/Indian Food Images/malapua/3fa2e51481.jpg,53,malapua,train
/kaggle/input/datasets/iamsouravbanerjee/indian-food-images-dataset/Indian Food Images/Indian Food Images/malapua/415d4984c2.jpg,53,malapua,train
/kaggle/input/datasets/iamsouravbanerjee/indian-food-images-dataset/Indian Food Images/Indian Food Images/malapua/4a55d3bf26.jpg,53,malapua,train
/kaggle/input/datasets/iamsouravbanerjee/indian-food-images-dataset/Indian Food Images/Indian Food Images/malapua/4d74a3e8b6.jpg,53,malapua,train
/kaggle/input/datasets/iamsouravbanerjee/indian-food-images-dataset/Indian Food Images/Indian Food Images/malapua/4debb43e1b.jpg,53,malapua,train
/kaggle/input/datasets/iamsouravbanerjee/indian-food-images-dataset/Indian Food Images/Indian Food Images/malapua/4e57ed0b3c.jpg,53,malapua,train
/kaggle/input/datasets/iamsouravbanerjee/indian-food-images-dataset/Indian Food Images/Indian Food Images/malapua/58c312c523.jpg,53,malapua,train
/kaggle/input/datasets/iamsouravbanerjee/indian-food-images-dataset/Indian Food Images/Indian Food Images/malapua/5c518524a1.jpg,53,malapua,train
/kaggle/input/datasets/iamsouravbanerjee/indian-food-images-dataset/Indian Food Images/Indian Food Images/malapua/5cc6f1fff7.jpg,53,malapua,train
/kaggle/input/datasets/iamsouravbanerjee/indian-food-images-dataset/Indian Food Images/Indian Food Images/malapua/5e277268bd.jpg,53,malapua,train
/kaggle/input/datasets/iamsouravbanerjee/indian-food-images-dataset/Indian Food Images/Indian Food Images/malapua/5f559fa555.jpg,53,malapua,train
/kaggle/input/datasets/iamsouravbanerjee/indian-food-images-dataset/Indian Food Images/Indian Food Images/malapua/60a21b6ecf.jpg,53,malapua,train
/kaggle/input/datasets/iamsouravbanerjee/indian-food-images-dataset/Indian Food Images/Indian Food Images/malapua/65c1cbcaa7.jpg,53,malapua,train
/kaggle/input/datasets/iamsouravbanerjee/indian-food-images-dataset/Indian Food Images/Indian Food Images/malapua/686a9bb263.jpg,53,malapua,train
/kaggle/input/datasets/iamsouravbanerjee/indian-food-images-dataset/Indian Food Images/Indian Food Images/malapua/68bc60b0a9.jpg,53,malapua,train
/kaggle/input/datasets/iamsouravbanerjee/indian-food-images-dataset/Indian Food Images/Indian Food Images/malapua/6e2a491b82.jpg,53,malapua,train
/kaggle/input/datasets/iamsouravbanerjee/indian-food-images-dataset/Indian Food Images/Indian Food Images/malapua/70f18c5e79.jpg,53,malapua,train
/kaggle/input/datasets/iamsouravbanerjee/indian-food-images-dataset/Indian Food Images/Indian Food Images/malapua/71bf0d58eb.jpg,53,malapua,train
/kaggle/input/datasets/iamsouravbanerjee/indian-food-images-dataset/Indian Food Images/Indian Food Images/malapua/73c57bd0cb.jpg,53,malapua,train
/kaggle/input/datasets/iamsouravbanerjee/indian-food-images-dataset/Indian Food Images/Indian Food Images/malapua/7ab7d448a0.jpg,53,malapua,train
/kaggle/input/datasets/iamsouravbanerjee/indian-food-images-dataset/Indian Food Images/Indian Food Images/misi_roti/0b0c928f8d.jpg,54,misi_roti,train
/kaggle/input/datasets/iamsouravbanerjee/indian-food-images-dataset/Indian Food Images/Indian Food Images/misi_roti/0e99951656.jpg,54,misi_roti,train
/kaggle/input/datasets/iamsouravbanerjee/indian-food-images-dataset/Indian Food Images/Indian Food Images/misi_roti/0fa205266b.jpg,54,misi_roti,train
/kaggle/input/datasets/iamsouravbanerjee/indian-food-images-dataset/Indian Food Images/Indian Food Images/misi_roti/12f284ec5d.jpg,54,misi_roti,train
/kaggle/input/datasets/iamsouravbanerjee/indian-food-images-dataset/Indian Food Images/Indian Food Images/misi_roti/1a32a6741e.jpg,54,misi_roti,train
/kaggle/input/datasets/iamsouravbanerjee/indian-food-images-dataset/Indian Food Images/Indian Food Images/misi_roti/1b244bc738.jpg,54,misi_roti,train
/kaggle/input/datasets/iamsouravbanerjee/indian-food-images-dataset/Indian Food Images/Indian Food Images/misi_roti/1bbfd0da48.jpg,54,misi_roti,train
/kaggle/input/datasets/iamsouravbanerjee/indian-food-images-dataset/Indian Food Images/Indian Food Images/misi_roti/1c1d43cdff.jpg,54,misi_roti,train
/kaggle/input/datasets/iamsouravbanerjee/indian-food-images-dataset/Indian Food Images/Indian Food Images/misi_roti/1d601d6f96.jpg,54,misi_roti,train
/kaggle/input/datasets/iamsouravbanerjee/indian-food-images-dataset/Indian Food Images/Indian Food Images/misi_roti/1ec3a069a8.jpg,54,misi_roti,train
/kaggle/input/datasets/iamsouravbanerjee/indian-food-images-dataset/Indian Food Images/Indian Food Images/misi_roti/1fa7404c7f.jpg,54,misi_roti,train
/kaggle/input/datasets/iamsouravbanerjee/indian-food-images-dataset/Indian Food Images/Indian Food Images/misi_roti/2a3406913a.jpg,54,misi_roti,train
/kaggle/input/datasets/iamsouravbanerjee/indian-food-images-dataset/Indian Food Images/Indian Food Images/misi_roti/2df279fc27.jpg,54,misi_roti,train
/kaggle/input/datasets/iamsouravbanerjee/indian-food-images-dataset/Indian Food Images/Indian Food Images/misi_roti/2f2f55df75.jpg,54,misi_roti,train
/kaggle/input/datasets/iamsouravbanerjee/indian-food-images-dataset/Indian Food Images/Indian Food Images/misi_roti/3b69efcbf6.jpg,54,misi_roti,train
/kaggle/input/datasets/iamsouravbanerjee/indian-food-images-dataset/Indian Food Images/Indian Food Images/misi_roti/3c517881e2.jpg,54,misi_roti,train
/kaggle/input/datasets/iamsouravbanerjee/indian-food-images-dataset/Indian Food Images/Indian Food Images/misi_roti/3e136522bf.jpg,54,misi_roti,train
/kaggle/input/datasets/iamsouravbanerjee/indian-food-images-dataset/Indian Food Images/Indian Food Images/misi_roti/3f402f6a10.jpg,54,misi_roti,train
/kaggle/input/datasets/iamsouravbanerjee/indian-food-images-dataset/Indian Food Images/Indian Food Images/misi_roti/4c438ff0c6.jpg,54,misi_roti,train
/kaggle/input/datasets/iamsouravbanerjee/indian-food-images-dataset/Indian Food Images/Indian Food Images/misi_roti/4e3cac0781.jpg,54,misi_roti,train
/kaggle/input/datasets/iamsouravbanerjee/indian-food-images-dataset/Indian Food Images/Indian Food Images/misi_roti/4f144ce1c4.jpg,54,misi_roti,train
/kaggle/input/datasets/iamsouravbanerjee/indian-food-images-dataset/Indian Food Images/Indian Food Images/misi_roti/4f357649a9.jpg,54,misi_roti,train
/kaggle/input/datasets/iamsouravbanerjee/indian-food-images-dataset/Indian Food Images/Indian Food Images/misi_roti/5ba431c5ef.jpg,54,misi_roti,train
/kaggle/input/datasets/iamsouravbanerjee/indian-food-images-dataset/Indian Food Images/Indian Food Images/misi_roti/5edfcbed3b.jpg,54,misi_roti,train
/kaggle/input/datasets/iamsouravbanerjee/indian-food-images-dataset/Indian Food Images/Indian Food Images/misi_roti/5f5ae683f7.jpg,54,misi_roti,train
/kaggle/input/datasets/iamsouravbanerjee/indian-food-images-dataset/Indian Food Images/Indian Food Images/misi_roti/6cb97f82d8.jpg,54,misi_roti,train
/kaggle/input/datasets/iamsouravbanerjee/indian-food-images-dataset/Indian Food Images/Indian Food Images/misi_roti/6d0ec68ac2.jpg,54,misi_roti,train
/kaggle/input/datasets/iamsouravbanerjee/indian-food-images-dataset/Indian Food Images/Indian Food Images/misi_roti/6dd3e46a0f.jpg,54,misi_roti,train
/kaggle/input/datasets/iamsouravbanerjee/indian-food-images-dataset/Indian Food Images/Indian Food Images/misi_roti/6e3c223a82.jpg,54,misi_roti,train
/kaggle/input/datasets/iamsouravbanerjee/indian-food-images-dataset/Indian Food Images/Indian Food Images/misi_roti/6fb10d3c1b.jpg,54,misi_roti,train
/kaggle/input/datasets/iamsouravbanerjee/indian-food-images-dataset/Indian Food Images/Indian Food Images/misi_roti/6ff4def3ee.jpg,54,misi_roti,train
/kaggle/input/datasets/iamsouravbanerjee/indian-food-images-dataset/Indian Food Images/Indian Food Images/misi_roti/7a4ef99785.jpg,54,misi_roti,train
/kaggle/input/datasets/iamsouravbanerjee/indian-food-images-dataset/Indian Food Images/Indian Food Images/misi_roti/7c2e5f2b27.jpg,54,misi_roti,train
/kaggle/input/datasets/iamsouravbanerjee/indian-food-images-dataset/Indian Food Images/Indian Food Images/misi_roti/7d1a49c3c7.jpg,54,misi_roti,train
/kaggle/input/datasets/iamsouravbanerjee/indian-food-images-dataset/Indian Food Images/Indian Food Images/misi_roti/7dc9cc2820.jpg,54,misi_roti,train
/kaggle/input/datasets/iamsouravbanerjee/indian-food-images-dataset/Indian Food Images/Indian Food Images/misti_doi/07c803c144.jpg,55,misti_doi,train
/kaggle/input/datasets/iamsouravbanerjee/indian-food-images-dataset/Indian Food Images/Indian Food Images/misti_doi/09ac5e1bfa.jpg,55,misti_doi,train
/kaggle/input/datasets/iamsouravbanerjee/indian-food-images-dataset/Indian Food Images/Indian Food Images/misti_doi/0d0da1d20e.jpg,55,misti_doi,train
/kaggle/input/datasets/iamsouravbanerjee/indian-food-images-dataset/Indian Food Images/Indian Food Images/misti_doi/17d502c45d.jpg,55,misti_doi,train
/kaggle/input/datasets/iamsouravbanerjee/indian-food-images-dataset/Indian Food Images/Indian Food Images/misti_doi/1a09e38a9e.jpg,55,misti_doi,train
/kaggle/input/datasets/iamsouravbanerjee/indian-food-images-dataset/Indian Food Images/Indian Food Images/misti_doi/1b073c4f26.jpg,55,misti_doi,train
/kaggle/input/datasets/iamsouravbanerjee/indian-food-images-dataset/Indian Food Images/Indian Food Images/misti_doi/1c1528c40d.jpg,55,misti_doi,train
/kaggle/input/datasets/iamsouravbanerjee/indian-food-images-dataset/Indian Food Images/Indian Food Images/misti_doi/1cfec0c132.jpg,55,misti_doi,train
/kaggle/input/datasets/iamsouravbanerjee/indian-food-images-dataset/Indian Food Images/Indian Food Images/misti_doi/25e8fa33fa.jpg,55,misti_doi,train
/kaggle/input/datasets/iamsouravbanerjee/indian-food-images-dataset/Indian Food Images/Indian Food Images/misti_doi/2c1e02f94b.jpg,55,misti_doi,train
/kaggle/input/datasets/iamsouravbanerjee/indian-food-images-dataset/Indian Food Images/Indian Food Images/misti_doi/2cbdd19548.jpg,55,misti_doi,train
/kaggle/input/datasets/iamsouravbanerjee/indian-food-images-dataset/Indian Food Images/Indian Food Images/misti_doi/2cfa1d22a6.jpg,55,misti_doi,train
/kaggle/input/datasets/iamsouravbanerjee/indian-food-images-dataset/Indian Food Images/Indian Food Images/misti_doi/2d2fd77805.jpg,55,misti_doi,train
/kaggle/input/datasets/iamsouravbanerjee/indian-food-images-dataset/Indian Food Images/Indian Food Images/misti_doi/2fff8c93fa.jpg,55,misti_doi,train
/kaggle/input/datasets/iamsouravbanerjee/indian-food-images-dataset/Indian Food Images/Indian Food Images/misti_doi/3c70ca91e2.jpg,55,misti_doi,train
/kaggle/input/datasets/iamsouravbanerjee/indian-food-images-dataset/Indian Food Images/Indian Food Images/misti_doi/42c3a1669c.jpg,55,misti_doi,train
/kaggle/input/datasets/iamsouravbanerjee/indian-food-images-dataset/Indian Food Images/Indian Food Images/misti_doi/4b6730a0a3.jpg,55,misti_doi,train
/kaggle/input/datasets/iamsouravbanerjee/indian-food-images-dataset/Indian Food Images/Indian Food Images/misti_doi/4de6c798ac.jpg,55,misti_doi,train
/kaggle/input/datasets/iamsouravbanerjee/indian-food-images-dataset/Indian Food Images/Indian Food Images/misti_doi/4e64661793.jpg,55,misti_doi,train
/kaggle/input/datasets/iamsouravbanerjee/indian-food-images-dataset/Indian Food Images/Indian Food Images/misti_doi/4e664f76c6.jpg,55,misti_doi,train
/kaggle/input/datasets/iamsouravbanerjee/indian-food-images-dataset/Indian Food Images/Indian Food Images/misti_doi/4e66b506d5.jpg,55,misti_doi,train
/kaggle/input/datasets/iamsouravbanerjee/indian-food-images-dataset/Indian Food Images/Indian Food Images/misti_doi/4f3f4bc00f.jpg,55,misti_doi,train
/kaggle/input/datasets/iamsouravbanerjee/indian-food-images-dataset/Indian Food Images/Indian Food Images/misti_doi/54ff298558.jpg,55,misti_doi,train
/kaggle/input/datasets/iamsouravbanerjee/indian-food-images-dataset/Indian Food Images/Indian Food Images/misti_doi/55ddc9bda9.jpg,55,misti_doi,train
/kaggle/input/datasets/iamsouravbanerjee/indian-food-images-dataset/Indian Food Images/Indian Food Images/misti_doi/5f79282b38.jpg,55,misti_doi,train
/kaggle/input/datasets/iamsouravbanerjee/indian-food-images-dataset/Indian Food Images/Indian Food Images/misti_doi/66d5d17537.jpg,55,misti_doi,train
/kaggle/input/datasets/iamsouravbanerjee/indian-food-images-dataset/Indian Food Images/Indian Food Images/misti_doi/67a172fa9f.jpg,55,misti_doi,train
/kaggle/input/datasets/iamsouravbanerjee/indian-food-images-dataset/Indian Food Images/Indian Food Images/misti_doi/6ab79bd434.jpg,55,misti_doi,train
/kaggle/input/datasets/iamsouravbanerjee/indian-food-images-dataset/Indian Food Images/Indian Food Images/misti_doi/6e8ef5ae13.jpg,55,misti_doi,train
/kaggle/input/datasets/iamsouravbanerjee/indian-food-images-dataset/Indian Food Images/Indian Food Images/misti_doi/71a7dca33c.jpg,55,misti_doi,train
/kaggle/input/datasets/iamsouravbanerjee/indian-food-images-dataset/Indian Food Images/Indian Food Images/misti_doi/76f5a157b2.jpg,55,misti_doi,train
/kaggle/input/datasets/iamsouravbanerjee/indian-food-images-dataset/Indian Food Images/Indian Food Images/misti_doi/77e1e0a28d.jpg,55,misti_doi,train
/kaggle/input/datasets/iamsouravbanerjee/indian-food-images-dataset/Indian Food Images/Indian Food Images/misti_doi/77ef522ef1.jpg,55,misti_doi,train
/kaggle/input/datasets/iamsouravbanerjee/indian-food-images-dataset/Indian Food Images/Indian Food Images/misti_doi/7d5cb5286d.jpg,55,misti_doi,train
/kaggle/input/datasets/iamsouravbanerjee/indian-food-images-dataset/Indian Food Images/Indian Food Images/misti_doi/7d8f391ab3.jpg,55,misti_doi,train
/kaggle/input/datasets/iamsouravbanerjee/indian-food-images-dataset/Indian Food Images/Indian Food Images/modak/05ff07c9ef.jpg,56,modak,train
/kaggle/input/datasets/iamsouravbanerjee/indian-food-images-dataset/Indian Food Images/Indian Food Images/modak/06aff48203.jpg,56,modak,train
/kaggle/input/datasets/iamsouravbanerjee/indian-food-images-dataset/Indian Food Images/Indian Food Images/modak/07fb5e63b9.jpg,56,modak,train
/kaggle/input/datasets/iamsouravbanerjee/indian-food-images-dataset/Indian Food Images/Indian Food Images/modak/0b22982f33.jpg,56,modak,train
/kaggle/input/datasets/iamsouravbanerjee/indian-food-images-dataset/Indian Food Images/Indian Food Images/modak/0c5eb6085f.jpg,56,modak,train
/kaggle/input/datasets/iamsouravbanerjee/indian-food-images-dataset/Indian Food Images/Indian Food Images/modak/0cf3efc19c.jpg,56,modak,train
/kaggle/input/datasets/iamsouravbanerjee/indian-food-images-dataset/Indian Food Images/Indian Food Images/modak/0f29ef58ae.jpg,56,modak,train
/kaggle/input/datasets/iamsouravbanerjee/indian-food-images-dataset/Indian Food Images/Indian Food Images/modak/1adc11b705.jpg,56,modak,train
/kaggle/input/datasets/iamsouravbanerjee/indian-food-images-dataset/Indian Food Images/Indian Food Images/modak/1bd58ab9ef.jpg,56,modak,train
/kaggle/input/datasets/iamsouravbanerjee/indian-food-images-dataset/Indian Food Images/Indian Food Images/modak/1d4ab0ce4a.jpg,56,modak,train
/kaggle/input/datasets/iamsouravbanerjee/indian-food-images-dataset/Indian Food Images/Indian Food Images/modak/1e9e52250b.jpg,56,modak,train
/kaggle/input/datasets/iamsouravbanerjee/indian-food-images-dataset/Indian Food Images/Indian Food Images/modak/1f0b1cf722.jpg,56,modak,train
/kaggle/input/datasets/iamsouravbanerjee/indian-food-images-dataset/Indian Food Images/Indian Food Images/modak/23f149d947.jpg,56,modak,train
/kaggle/input/datasets/iamsouravbanerjee/indian-food-images-dataset/Indian Food Images/Indian Food Images/modak/2af2913c6f.jpg,56,modak,train
/kaggle/input/datasets/iamsouravbanerjee/indian-food-images-dataset/Indian Food Images/Indian Food Images/modak/2de3a0e8ee.jpg,56,modak,train
/kaggle/input/datasets/iamsouravbanerjee/indian-food-images-dataset/Indian Food Images/Indian Food Images/modak/2ef8173f6c.jpg,56,modak,train
/kaggle/input/datasets/iamsouravbanerjee/indian-food-images-dataset/Indian Food Images/Indian Food Images/modak/3d9e75b03d.jpg,56,modak,train
/kaggle/input/datasets/iamsouravbanerjee/indian-food-images-dataset/Indian Food Images/Indian Food Images/modak/3eeca5f596.jpg,56,modak,train
/kaggle/input/datasets/iamsouravbanerjee/indian-food-images-dataset/Indian Food Images/Indian Food Images/modak/4aa7021c30.jpg,56,modak,train
/kaggle/input/datasets/iamsouravbanerjee/indian-food-images-dataset/Indian Food Images/Indian Food Images/modak/4aaf281dcd.jpg,56,modak,train
/kaggle/input/datasets/iamsouravbanerjee/indian-food-images-dataset/Indian Food Images/Indian Food Images/modak/4c057ffe7a.jpg,56,modak,train
/kaggle/input/datasets/iamsouravbanerjee/indian-food-images-dataset/Indian Food Images/Indian Food Images/modak/4c803249aa.jpg,56,modak,train
/kaggle/input/datasets/iamsouravbanerjee/indian-food-images-dataset/Indian Food Images/Indian Food Images/modak/4d9e053736.jpg,56,modak,train
/kaggle/input/datasets/iamsouravbanerjee/indian-food-images-dataset/Indian Food Images/Indian Food Images/modak/4ee88e4c38.jpg,56,modak,train
/kaggle/input/datasets/iamsouravbanerjee/indian-food-images-dataset/Indian Food Images/Indian Food Images/modak/4f22685b43.jpg,56,modak,train
/kaggle/input/datasets/iamsouravbanerjee/indian-food-images-dataset/Indian Food Images/Indian Food Images/modak/5c636c5ce0.jpg,56,modak,train
/kaggle/input/datasets/iamsouravbanerjee/indian-food-images-dataset/Indian Food Images/Indian Food Images/modak/5d846c9bc8.jpg,56,modak,train
/kaggle/input/datasets/iamsouravbanerjee/indian-food-images-dataset/Indian Food Images/Indian Food Images/modak/5d8b3dfcf6.jpg,56,modak,train
/kaggle/input/datasets/iamsouravbanerjee/indian-food-images-dataset/Indian Food Images/Indian Food Images/modak/5ec6755a57.jpg,56,modak,train
/kaggle/input/datasets/iamsouravbanerjee/indian-food-images-dataset/Indian Food Images/Indian Food Images/modak/6bb6f3826a.jpg,56,modak,train
/kaggle/input/datasets/iamsouravbanerjee/indian-food-images-dataset/Indian Food Images/Indian Food Images/modak/6c980ae450.jpg,56,modak,train
/kaggle/input/datasets/iamsouravbanerjee/indian-food-images-dataset/Indian Food Images/Indian Food Images/modak/6cd5dc0fe8.jpg,56,modak,train
/kaggle/input/datasets/iamsouravbanerjee/indian-food-images-dataset/Indian Food Images/Indian Food Images/modak/6dafb0bb0c.jpg,56,modak,train
/kaggle/input/datasets/iamsouravbanerjee/indian-food-images-dataset/Indian Food Images/Indian Food Images/modak/7ad4b47378.jpg,56,modak,train
/kaggle/input/datasets/iamsouravbanerjee/indian-food-images-dataset/Indian Food Images/Indian Food Images/modak/7c319139fe.jpg,56,modak,train
/kaggle/input/datasets/iamsouravbanerjee/indian-food-images-dataset/Indian Food Images/Indian Food Images/mysore_pak/002c57eb72.jpg,57,mysore_pak,train
/kaggle/input/datasets/iamsouravbanerjee/indian-food-images-dataset/Indian Food Images/Indian Food Images/mysore_pak/02d716c56c.jpg,57,mysore_pak,train
/kaggle/input/datasets/iamsouravbanerjee/indian-food-images-dataset/Indian Food Images/Indian Food Images/mysore_pak/03b2a6a448.jpg,57,mysore_pak,train
/kaggle/input/datasets/iamsouravbanerjee/indian-food-images-dataset/Indian Food Images/Indian Food Images/mysore_pak/04e5828268.jpg,57,mysore_pak,train
/kaggle/input/datasets/iamsouravbanerjee/indian-food-images-dataset/Indian Food Images/Indian Food Images/mysore_pak/0abf2d644a.jpg,57,mysore_pak,train
/kaggle/input/datasets/iamsouravbanerjee/indian-food-images-dataset/Indian Food Images/Indian Food Images/mysore_pak/0cb6e08c3a.jpg,57,mysore_pak,train
/kaggle/input/datasets/iamsouravbanerjee/indian-food-images-dataset/Indian Food Images/Indian Food Images/mysore_pak/0e9f6ff346.jpg,57,mysore_pak,train
/kaggle/input/datasets/iamsouravbanerjee/indian-food-images-dataset/Indian Food Images/Indian Food Images/mysore_pak/0ff36ab4a6.jpg,57,mysore_pak,train
/kaggle/input/datasets/iamsouravbanerjee/indian-food-images-dataset/Indian Food Images/Indian Food Images/mysore_pak/1eb5189a9a.jpg,57,mysore_pak,train
/kaggle/input/datasets/iamsouravbanerjee/indian-food-images-dataset/Indian Food Images/Indian Food Images/mysore_pak/2a2184930a.jpg,57,mysore_pak,train
/kaggle/input/datasets/iamsouravbanerjee/indian-food-images-dataset/Indian Food Images/Indian Food Images/mysore_pak/2ac73caff9.jpg,57,mysore_pak,train
/kaggle/input/datasets/iamsouravbanerjee/indian-food-images-dataset/Indian Food Images/Indian Food Images/mysore_pak/2b371b2950.jpg,57,mysore_pak,train
/kaggle/input/datasets/iamsouravbanerjee/indian-food-images-dataset/Indian Food Images/Indian Food Images/mysore_pak/2c0d01b5f2.jpg,57,mysore_pak,train
/kaggle/input/datasets/iamsouravbanerjee/indian-food-images-dataset/Indian Food Images/Indian Food Images/mysore_pak/2d314ad204.jpg,57,mysore_pak,train
/kaggle/input/datasets/iamsouravbanerjee/indian-food-images-dataset/Indian Food Images/Indian Food Images/mysore_pak/2ec4e743bb.jpg,57,mysore_pak,train
/kaggle/input/datasets/iamsouravbanerjee/indian-food-images-dataset/Indian Food Images/Indian Food Images/mysore_pak/2f23a5135e.jpg,57,mysore_pak,train
/kaggle/input/datasets/iamsouravbanerjee/indian-food-images-dataset/Indian Food Images/Indian Food Images/mysore_pak/2f6b53cb64.jpg,57,mysore_pak,train
/kaggle/input/datasets/iamsouravbanerjee/indian-food-images-dataset/Indian Food Images/Indian Food Images/mysore_pak/3b0793772e.jpg,57,mysore_pak,train
/kaggle/input/datasets/iamsouravbanerjee/indian-food-images-dataset/Indian Food Images/Indian Food Images/mysore_pak/3b263b7383.jpg,57,mysore_pak,train
/kaggle/input/datasets/iamsouravbanerjee/indian-food-images-dataset/Indian Food Images/Indian Food Images/mysore_pak/3b6a975893.jpg,57,mysore_pak,train
/kaggle/input/datasets/iamsouravbanerjee/indian-food-images-dataset/Indian Food Images/Indian Food Images/mysore_pak/3f45be514f.jpg,57,mysore_pak,train
/kaggle/input/datasets/iamsouravbanerjee/indian-food-images-dataset/Indian Food Images/Indian Food Images/mysore_pak/4cbdd94ea4.jpg,57,mysore_pak,train
/kaggle/input/datasets/iamsouravbanerjee/indian-food-images-dataset/Indian Food Images/Indian Food Images/mysore_pak/4d09dffb79.jpg,57,mysore_pak,train
/kaggle/input/datasets/iamsouravbanerjee/indian-food-images-dataset/Indian Food Images/Indian Food Images/mysore_pak/4d2318b024.jpg,57,mysore_pak,train
/kaggle/input/datasets/iamsouravbanerjee/indian-food-images-dataset/Indian Food Images/Indian Food Images/mysore_pak/4df7c148c9.jpg,57,mysore_pak,train
/kaggle/input/datasets/iamsouravbanerjee/indian-food-images-dataset/Indian Food Images/Indian Food Images/mysore_pak/4e36d0a5d2.jpg,57,mysore_pak,train
/kaggle/input/datasets/iamsouravbanerjee/indian-food-images-dataset/Indian Food Images/Indian Food Images/mysore_pak/4e586f0ab5.jpg,57,mysore_pak,train
/kaggle/input/datasets/iamsouravbanerjee/indian-food-images-dataset/Indian Food Images/Indian Food Images/mysore_pak/4e60c51db6.jpg,57,mysore_pak,train
/kaggle/input/datasets/iamsouravbanerjee/indian-food-images-dataset/Indian Food Images/Indian Food Images/mysore_pak/4f1149dee5.jpg,57,mysore_pak,train
/kaggle/input/datasets/iamsouravbanerjee/indian-food-images-dataset/Indian Food Images/Indian Food Images/mysore_pak/4f53cec3ca.jpg,57,mysore_pak,train
/kaggle/input/datasets/iamsouravbanerjee/indian-food-images-dataset/Indian Food Images/Indian Food Images/mysore_pak/5d818c6c94.jpg,57,mysore_pak,train
/kaggle/input/datasets/iamsouravbanerjee/indian-food-images-dataset/Indian Food Images/Indian Food Images/mysore_pak/6b30121ed8.jpg,57,mysore_pak,train
/kaggle/input/datasets/iamsouravbanerjee/indian-food-images-dataset/Indian Food Images/Indian Food Images/mysore_pak/6e4cc84cc9.jpg,57,mysore_pak,train
/kaggle/input/datasets/iamsouravbanerjee/indian-food-images-dataset/Indian Food Images/Indian Food Images/mysore_pak/7a79e7865f.jpg,57,mysore_pak,train
/kaggle/input/datasets/iamsouravbanerjee/indian-food-images-dataset/Indian Food Images/Indian Food Images/mysore_pak/7adbebb058.jpg,57,mysore_pak,train
/kaggle/input/datasets/iamsouravbanerjee/indian-food-images-dataset/Indian Food Images/Indian Food Images/naan/03f4894650.jpg,58,naan,train
/kaggle/input/datasets/iamsouravbanerjee/indian-food-images-dataset/Indian Food Images/Indian Food Images/naan/07b8b992f2.jpg,58,naan,train
/kaggle/input/datasets/iamsouravbanerjee/indian-food-images-dataset/Indian Food Images/Indian Food Images/naan/0ac9b0c175.jpg,58,naan,train
/kaggle/input/datasets/iamsouravbanerjee/indian-food-images-dataset/Indian Food Images/Indian Food Images/naan/0b84f41ca9.jpg,58,naan,train
/kaggle/input/datasets/iamsouravbanerjee/indian-food-images-dataset/Indian Food Images/Indian Food Images/naan/0c54ec3111.jpg,58,naan,train
/kaggle/input/datasets/iamsouravbanerjee/indian-food-images-dataset/Indian Food Images/Indian Food Images/naan/0d49139e62.jpg,58,naan,train
/kaggle/input/datasets/iamsouravbanerjee/indian-food-images-dataset/Indian Food Images/Indian Food Images/naan/0d61f506a9.jpg,58,naan,train
/kaggle/input/datasets/iamsouravbanerjee/indian-food-images-dataset/Indian Food Images/Indian Food Images/naan/0e188c151b.jpg,58,naan,train
/kaggle/input/datasets/iamsouravbanerjee/indian-food-images-dataset/Indian Food Images/Indian Food Images/naan/0e4a2fa251.jpg,58,naan,train
/kaggle/input/datasets/iamsouravbanerjee/indian-food-images-dataset/Indian Food Images/Indian Food Images/naan/1a21cfe891.jpg,58,naan,train
/kaggle/input/datasets/iamsouravbanerjee/indian-food-images-dataset/Indian Food Images/Indian Food Images/naan/1a8c8fba3f.jpg,58,naan,train
/kaggle/input/datasets/iamsouravbanerjee/indian-food-images-dataset/Indian Food Images/Indian Food Images/naan/1b1da65165.jpg,58,naan,train
/kaggle/input/datasets/iamsouravbanerjee/indian-food-images-dataset/Indian Food Images/Indian Food Images/naan/1c1b648e34.jpg,58,naan,train
/kaggle/input/datasets/iamsouravbanerjee/indian-food-images-dataset/Indian Food Images/Indian Food Images/naan/1c6416298b.jpg,58,naan,train
/kaggle/input/datasets/iamsouravbanerjee/indian-food-images-dataset/Indian Food Images/Indian Food Images/naan/1cdc9b9e63.jpg,58,naan,train
/kaggle/input/datasets/iamsouravbanerjee/indian-food-images-dataset/Indian Food Images/Indian Food Images/naan/1dc7baaf5c.jpg,58,naan,train
/kaggle/input/datasets/iamsouravbanerjee/indian-food-images-dataset/Indian Food Images/Indian Food Images/naan/2b805d2a64.jpg,58,naan,train
/kaggle/input/datasets/iamsouravbanerjee/indian-food-images-dataset/Indian Food Images/Indian Food Images/naan/2c6a595231.jpg,58,naan,train
/kaggle/input/datasets/iamsouravbanerjee/indian-food-images-dataset/Indian Food Images/Indian Food Images/naan/2c9d6d7b72.jpg,58,naan,train
/kaggle/input/datasets/iamsouravbanerjee/indian-food-images-dataset/Indian Food Images/Indian Food Images/naan/2d1e66e1f1.jpg,58,naan,train
/kaggle/input/datasets/iamsouravbanerjee/indian-food-images-dataset/Indian Food Images/Indian Food Images/naan/2e453cba80.jpg,58,naan,train
/kaggle/input/datasets/iamsouravbanerjee/indian-food-images-dataset/Indian Food Images/Indian Food Images/naan/2ed6582877.jpg,58,naan,train
/kaggle/input/datasets/iamsouravbanerjee/indian-food-images-dataset/Indian Food Images/Indian Food Images/naan/2f199686d1.jpg,58,naan,train
/kaggle/input/datasets/iamsouravbanerjee/indian-food-images-dataset/Indian Food Images/Indian Food Images/naan/3c6ec7f254.jpg,58,naan,train
/kaggle/input/datasets/iamsouravbanerjee/indian-food-images-dataset/Indian Food Images/Indian Food Images/naan/3d21c39420.jpg,58,naan,train
/kaggle/input/datasets/iamsouravbanerjee/indian-food-images-dataset/Indian Food Images/Indian Food Images/naan/3e45e8aa09.jpg,58,naan,train
/kaggle/input/datasets/iamsouravbanerjee/indian-food-images-dataset/Indian Food Images/Indian Food Images/naan/3eeba485b4.jpg,58,naan,train
/kaggle/input/datasets/iamsouravbanerjee/indian-food-images-dataset/Indian Food Images/Indian Food Images/naan/4a32a5b649.jpg,58,naan,train
/kaggle/input/datasets/iamsouravbanerjee/indian-food-images-dataset/Indian Food Images/Indian Food Images/naan/4b0d46befb.jpg,58,naan,train
/kaggle/input/datasets/iamsouravbanerjee/indian-food-images-dataset/Indian Food Images/Indian Food Images/naan/4c2e6d837f.jpg,58,naan,train
/kaggle/input/datasets/iamsouravbanerjee/indian-food-images-dataset/Indian Food Images/Indian Food Images/naan/4c8d580378.jpg,58,naan,train
/kaggle/input/datasets/iamsouravbanerjee/indian-food-images-dataset/Indian Food Images/Indian Food Images/naan/4cf68969d1.jpg,58,naan,train
/kaggle/input/datasets/iamsouravbanerjee/indian-food-images-dataset/Indian Food Images/Indian Food Images/naan/4de22e2232.jpg,58,naan,train
/kaggle/input/datasets/iamsouravbanerjee/indian-food-images-dataset/Indian Food Images/Indian Food Images/naan/4fb1b2cedd.jpg,58,naan,train
/kaggle/input/datasets/iamsouravbanerjee/indian-food-images-dataset/Indian Food Images/Indian Food Images/naan/5a9fd2c50e.jpg,58,naan,train
/kaggle/input/datasets/iamsouravbanerjee/indian-food-images-dataset/Indian Food Images/Indian Food Images/navrattan_korma/0071a3a960.jpg,59,navrattan_korma,train
/kaggle/input/datasets/iamsouravbanerjee/indian-food-images-dataset/Indian Food Images/Indian Food Images/navrattan_korma/05cca1406b.jpg,59,navrattan_korma,train
/kaggle/input/datasets/iamsouravbanerjee/indian-food-images-dataset/Indian Food Images/Indian Food Images/navrattan_korma/0a45c68b4d.jpg,59,navrattan_korma,train
/kaggle/input/datasets/iamsouravbanerjee/indian-food-images-dataset/Indian Food Images/Indian Food Images/navrattan_korma/0b85e51aa6.jpg,59,navrattan_korma,train
/kaggle/input/datasets/iamsouravbanerjee/indian-food-images-dataset/Indian Food Images/Indian Food Images/navrattan_korma/0c93c32afc.jpg,59,navrattan_korma,train
/kaggle/input/datasets/iamsouravbanerjee/indian-food-images-dataset/Indian Food Images/Indian Food Images/navrattan_korma/0f8d1a4fca.jpg,59,navrattan_korma,train
/kaggle/input/datasets/iamsouravbanerjee/indian-food-images-dataset/Indian Food Images/Indian Food Images/navrattan_korma/0fa650e90d.jpg,59,navrattan_korma,train
/kaggle/input/datasets/iamsouravbanerjee/indian-food-images-dataset/Indian Food Images/Indian Food Images/navrattan_korma/14f41c5e97.jpg,59,navrattan_korma,train
/kaggle/input/datasets/iamsouravbanerjee/indian-food-images-dataset/Indian Food Images/Indian Food Images/navrattan_korma/19e421c5c3.jpg,59,navrattan_korma,train
/kaggle/input/datasets/iamsouravbanerjee/indian-food-images-dataset/Indian Food Images/Indian Food Images/navrattan_korma/29dfc0b77f.jpg,59,navrattan_korma,train
/kaggle/input/datasets/iamsouravbanerjee/indian-food-images-dataset/Indian Food Images/Indian Food Images/navrattan_korma/2bf167d77e.jpg,59,navrattan_korma,train
/kaggle/input/datasets/iamsouravbanerjee/indian-food-images-dataset/Indian Food Images/Indian Food Images/navrattan_korma/2e9998af45.jpg,59,navrattan_korma,train
/kaggle/input/datasets/iamsouravbanerjee/indian-food-images-dataset/Indian Food Images/Indian Food Images/navrattan_korma/31ed0a4d39.jpg,59,navrattan_korma,train
/kaggle/input/datasets/iamsouravbanerjee/indian-food-images-dataset/Indian Food Images/Indian Food Images/navrattan_korma/39a07d973b.jpg,59,navrattan_korma,train
/kaggle/input/datasets/iamsouravbanerjee/indian-food-images-dataset/Indian Food Images/Indian Food Images/navrattan_korma/3ae6cd47da.jpg,59,navrattan_korma,train
/kaggle/input/datasets/iamsouravbanerjee/indian-food-images-dataset/Indian Food Images/Indian Food Images/navrattan_korma/3b2a0f445f.jpg,59,navrattan_korma,train
/kaggle/input/datasets/iamsouravbanerjee/indian-food-images-dataset/Indian Food Images/Indian Food Images/navrattan_korma/3c8f0e90be.jpg,59,navrattan_korma,train
/kaggle/input/datasets/iamsouravbanerjee/indian-food-images-dataset/Indian Food Images/Indian Food Images/navrattan_korma/47f1c34a17.jpg,59,navrattan_korma,train
/kaggle/input/datasets/iamsouravbanerjee/indian-food-images-dataset/Indian Food Images/Indian Food Images/navrattan_korma/4f348d21ee.jpg,59,navrattan_korma,train
/kaggle/input/datasets/iamsouravbanerjee/indian-food-images-dataset/Indian Food Images/Indian Food Images/navrattan_korma/56b3d494cd.jpg,59,navrattan_korma,train
/kaggle/input/datasets/iamsouravbanerjee/indian-food-images-dataset/Indian Food Images/Indian Food Images/navrattan_korma/57ad35e302.jpg,59,navrattan_korma,train
/kaggle/input/datasets/iamsouravbanerjee/indian-food-images-dataset/Indian Food Images/Indian Food Images/navrattan_korma/59ca448d20.jpg,59,navrattan_korma,train
/kaggle/input/datasets/iamsouravbanerjee/indian-food-images-dataset/Indian Food Images/Indian Food Images/navrattan_korma/5d467d1b51.jpg,59,navrattan_korma,train
/kaggle/input/datasets/iamsouravbanerjee/indian-food-images-dataset/Indian Food Images/Indian Food Images/navrattan_korma/69bd98a453.jpg,59,navrattan_korma,train
/kaggle/input/datasets/iamsouravbanerjee/indian-food-images-dataset/Indian Food Images/Indian Food Images/navrattan_korma/6a46a7c5bc.jpg,59,navrattan_korma,train
/kaggle/input/datasets/iamsouravbanerjee/indian-food-images-dataset/Indian Food Images/Indian Food Images/navrattan_korma/6b3c70f9e4.jpg,59,navrattan_korma,train
/kaggle/input/datasets/iamsouravbanerjee/indian-food-images-dataset/Indian Food Images/Indian Food Images/navrattan_korma/6b7aa0a695.jpg,59,navrattan_korma,train
/kaggle/input/datasets/iamsouravbanerjee/indian-food-images-dataset/Indian Food Images/Indian Food Images/navrattan_korma/6d6d08fd16.jpg,59,navrattan_korma,train
/kaggle/input/datasets/iamsouravbanerjee/indian-food-images-dataset/Indian Food Images/Indian Food Images/navrattan_korma/6f4af82a2c.jpg,59,navrattan_korma,train
/kaggle/input/datasets/iamsouravbanerjee/indian-food-images-dataset/Indian Food Images/Indian Food Images/navrattan_korma/6f715dcc46.jpg,59,navrattan_korma,train
/kaggle/input/datasets/iamsouravbanerjee/indian-food-images-dataset/Indian Food Images/Indian Food Images/navrattan_korma/71a2943c6f.jpg,59,navrattan_korma,train
/kaggle/input/datasets/iamsouravbanerjee/indian-food-images-dataset/Indian Food Images/Indian Food Images/navrattan_korma/71fa531dc3.jpg,59,navrattan_korma,train
/kaggle/input/datasets/iamsouravbanerjee/indian-food-images-dataset/Indian Food Images/Indian Food Images/navrattan_korma/73f8134d99.jpg,59,navrattan_korma,train
/kaggle/input/datasets/iamsouravbanerjee/indian-food-images-dataset/Indian Food Images/Indian Food Images/navrattan_korma/78d1ff9295.jpg,59,navrattan_korma,train
/kaggle/input/datasets/iamsouravbanerjee/indian-food-images-dataset/Indian Food Images/Indian Food Images/navrattan_korma/7b8fdfc907.jpg,59,navrattan_korma,train
/kaggle/input/datasets/iamsouravbanerjee/indian-food-images-dataset/Indian Food Images/Indian Food Images/palak_paneer/0014af7366.jpg,60,palak_paneer,train
/kaggle/input/datasets/iamsouravbanerjee/indian-food-images-dataset/Indian Food Images/Indian Food Images/palak_paneer/01ba86f373.jpg,60,palak_paneer,train
/kaggle/input/datasets/iamsouravbanerjee/indian-food-images-dataset/Indian Food Images/Indian Food Images/palak_paneer/03df9f3576.jpg,60,palak_paneer,train
/kaggle/input/datasets/iamsouravbanerjee/indian-food-images-dataset/Indian Food Images/Indian Food Images/palak_paneer/058d2b909e.jpg,60,palak_paneer,train
/kaggle/input/datasets/iamsouravbanerjee/indian-food-images-dataset/Indian Food Images/Indian Food Images/palak_paneer/08d0d520bc.jpg,60,palak_paneer,train
/kaggle/input/datasets/iamsouravbanerjee/indian-food-images-dataset/Indian Food Images/Indian Food Images/palak_paneer/08e037d0bf.jpg,60,palak_paneer,train
/kaggle/input/datasets/iamsouravbanerjee/indian-food-images-dataset/Indian Food Images/Indian Food Images/palak_paneer/0c9a2788b5.jpg,60,palak_paneer,train
/kaggle/input/datasets/iamsouravbanerjee/indian-food-images-dataset/Indian Food Images/Indian Food Images/palak_paneer/10e3274b7f.jpg,60,palak_paneer,train
/kaggle/input/datasets/iamsouravbanerjee/indian-food-images-dataset/Indian Food Images/Indian Food Images/palak_paneer/12d074bf4c.jpg,60,palak_paneer,train
/kaggle/input/datasets/iamsouravbanerjee/indian-food-images-dataset/Indian Food Images/Indian Food Images/palak_paneer/14dd311488.jpg,60,palak_paneer,train
/kaggle/input/datasets/iamsouravbanerjee/indian-food-images-dataset/Indian Food Images/Indian Food Images/palak_paneer/15b64e7201.jpg,60,palak_paneer,train
/kaggle/input/datasets/iamsouravbanerjee/indian-food-images-dataset/Indian Food Images/Indian Food Images/palak_paneer/1a90d575c4.jpg,60,palak_paneer,train
/kaggle/input/datasets/iamsouravbanerjee/indian-food-images-dataset/Indian Food Images/Indian Food Images/palak_paneer/1abc58b415.jpg,60,palak_paneer,train
/kaggle/input/datasets/iamsouravbanerjee/indian-food-images-dataset/Indian Food Images/Indian Food Images/palak_paneer/1bb8aad180.jpg,60,palak_paneer,train
/kaggle/input/datasets/iamsouravbanerjee/indian-food-images-dataset/Indian Food Images/Indian Food Images/palak_paneer/1c36b39aa7.jpg,60,palak_paneer,train
/kaggle/input/datasets/iamsouravbanerjee/indian-food-images-dataset/Indian Food Images/Indian Food Images/palak_paneer/1c7db700dd.jpg,60,palak_paneer,train
/kaggle/input/datasets/iamsouravbanerjee/indian-food-images-dataset/Indian Food Images/Indian Food Images/palak_paneer/20b3524a19.jpg,60,palak_paneer,train
/kaggle/input/datasets/iamsouravbanerjee/indian-food-images-dataset/Indian Food Images/Indian Food Images/palak_paneer/21cab3ef44.jpg,60,palak_paneer,train
/kaggle/input/datasets/iamsouravbanerjee/indian-food-images-dataset/Indian Food Images/Indian Food Images/palak_paneer/24a4b9772f.jpg,60,palak_paneer,train
/kaggle/input/datasets/iamsouravbanerjee/indian-food-images-dataset/Indian Food Images/Indian Food Images/palak_paneer/24b73cf7fe.jpg,60,palak_paneer,train
/kaggle/input/datasets/iamsouravbanerjee/indian-food-images-dataset/Indian Food Images/Indian Food Images/palak_paneer/2a51a00412.jpg,60,palak_paneer,train
/kaggle/input/datasets/iamsouravbanerjee/indian-food-images-dataset/Indian Food Images/Indian Food Images/palak_paneer/2ced6a652d.jpg,60,palak_paneer,train
/kaggle/input/datasets/iamsouravbanerjee/indian-food-images-dataset/Indian Food Images/Indian Food Images/palak_paneer/38cc234193.jpg,60,palak_paneer,train
/kaggle/input/datasets/iamsouravbanerjee/indian-food-images-dataset/Indian Food Images/Indian Food Images/palak_paneer/39b872b21c.jpg,60,palak_paneer,train
/kaggle/input/datasets/iamsouravbanerjee/indian-food-images-dataset/Indian Food Images/Indian Food Images/palak_paneer/3a1d0c68e9.jpg,60,palak_paneer,train
/kaggle/input/datasets/iamsouravbanerjee/indian-food-images-dataset/Indian Food Images/Indian Food Images/palak_paneer/3a67297585.jpg,60,palak_paneer,train
/kaggle/input/datasets/iamsouravbanerjee/indian-food-images-dataset/Indian Food Images/Indian Food Images/palak_paneer/3a7f767299.jpg,60,palak_paneer,train
/kaggle/input/datasets/iamsouravbanerjee/indian-food-images-dataset/Indian Food Images/Indian Food Images/palak_paneer/3db457fd33.jpg,60,palak_paneer,train
/kaggle/input/datasets/iamsouravbanerjee/indian-food-images-dataset/Indian Food Images/Indian Food Images/palak_paneer/3e98e64aae.jpg,60,palak_paneer,train
/kaggle/input/datasets/iamsouravbanerjee/indian-food-images-dataset/Indian Food Images/Indian Food Images/palak_paneer/48a9ff780f.jpg,60,palak_paneer,train
/kaggle/input/datasets/iamsouravbanerjee/indian-food-images-dataset/Indian Food Images/Indian Food Images/palak_paneer/4d6bf4ed73.jpg,60,palak_paneer,train
/kaggle/input/datasets/iamsouravbanerjee/indian-food-images-dataset/Indian Food Images/Indian Food Images/palak_paneer/53a40b729b.jpg,60,palak_paneer,train
/kaggle/input/datasets/iamsouravbanerjee/indian-food-images-dataset/Indian Food Images/Indian Food Images/palak_paneer/58fc2611af.jpg,60,palak_paneer,train
/kaggle/input/datasets/iamsouravbanerjee/indian-food-images-dataset/Indian Food Images/Indian Food Images/palak_paneer/5b0d78532d.jpg,60,palak_paneer,train
/kaggle/input/datasets/iamsouravbanerjee/indian-food-images-dataset/Indian Food Images/Indian Food Images/palak_paneer/65f983b106.jpg,60,palak_paneer,train
/kaggle/input/datasets/iamsouravbanerjee/indian-food-images-dataset/Indian Food Images/Indian Food Images/paneer_butter_masala/03c7021dba.jpg,61,paneer_butter_masala,train
/kaggle/input/datasets/iamsouravbanerjee/indian-food-images-dataset/Indian Food Images/Indian Food Images/paneer_butter_masala/05f108bc61.jpg,61,paneer_butter_masala,train
/kaggle/input/datasets/iamsouravbanerjee/indian-food-images-dataset/Indian Food Images/Indian Food Images/paneer_butter_masala/07f1b059cc.jpg,61,paneer_butter_masala,train
/kaggle/input/datasets/iamsouravbanerjee/indian-food-images-dataset/Indian Food Images/Indian Food Images/paneer_butter_masala/0a2fe30692.jpg,61,paneer_butter_masala,train
/kaggle/input/datasets/iamsouravbanerjee/indian-food-images-dataset/Indian Food Images/Indian Food Images/paneer_butter_masala/0a40ebbe55.jpg,61,paneer_butter_masala,train
/kaggle/input/datasets/iamsouravbanerjee/indian-food-images-dataset/Indian Food Images/Indian Food Images/paneer_butter_masala/0cbbca29ad.jpg,61,paneer_butter_masala,train
/kaggle/input/datasets/iamsouravbanerjee/indian-food-images-dataset/Indian Food Images/Indian Food Images/paneer_butter_masala/0d5934c096.jpg,61,paneer_butter_masala,train
/kaggle/input/datasets/iamsouravbanerjee/indian-food-images-dataset/Indian Food Images/Indian Food Images/paneer_butter_masala/0ec373725e.jpg,61,paneer_butter_masala,train
/kaggle/input/datasets/iamsouravbanerjee/indian-food-images-dataset/Indian Food Images/Indian Food Images/paneer_butter_masala/0ee3ec26da.jpg,61,paneer_butter_masala,train
/kaggle/input/datasets/iamsouravbanerjee/indian-food-images-dataset/Indian Food Images/Indian Food Images/paneer_butter_masala/13e31e6443.jpg,61,paneer_butter_masala,train
/kaggle/input/datasets/iamsouravbanerjee/indian-food-images-dataset/Indian Food Images/Indian Food Images/paneer_butter_masala/17f818d048.jpg,61,paneer_butter_masala,train
/kaggle/input/datasets/iamsouravbanerjee/indian-food-images-dataset/Indian Food Images/Indian Food Images/paneer_butter_masala/1b1b07d9a4.jpg,61,paneer_butter_masala,train
/kaggle/input/datasets/iamsouravbanerjee/indian-food-images-dataset/Indian Food Images/Indian Food Images/paneer_butter_masala/1c1699a008.jpg,61,paneer_butter_masala,train
/kaggle/input/datasets/iamsouravbanerjee/indian-food-images-dataset/Indian Food Images/Indian Food Images/paneer_butter_masala/1da77e4b3d.jpg,61,paneer_butter_masala,train
/kaggle/input/datasets/iamsouravbanerjee/indian-food-images-dataset/Indian Food Images/Indian Food Images/paneer_butter_masala/20ae9d2a5c.jpg,61,paneer_butter_masala,train
/kaggle/input/datasets/iamsouravbanerjee/indian-food-images-dataset/Indian Food Images/Indian Food Images/paneer_butter_masala/23a4396b37.jpg,61,paneer_butter_masala,train
/kaggle/input/datasets/iamsouravbanerjee/indian-food-images-dataset/Indian Food Images/Indian Food Images/paneer_butter_masala/23b8311940.jpg,61,paneer_butter_masala,train
/kaggle/input/datasets/iamsouravbanerjee/indian-food-images-dataset/Indian Food Images/Indian Food Images/paneer_butter_masala/28f881b27f.jpg,61,paneer_butter_masala,train
/kaggle/input/datasets/iamsouravbanerjee/indian-food-images-dataset/Indian Food Images/Indian Food Images/paneer_butter_masala/2a5020ff8c.jpg,61,paneer_butter_masala,train
/kaggle/input/datasets/iamsouravbanerjee/indian-food-images-dataset/Indian Food Images/Indian Food Images/paneer_butter_masala/2bacf1d55a.jpg,61,paneer_butter_masala,train
/kaggle/input/datasets/iamsouravbanerjee/indian-food-images-dataset/Indian Food Images/Indian Food Images/paneer_butter_masala/2cad713253.jpg,61,paneer_butter_masala,train
/kaggle/input/datasets/iamsouravbanerjee/indian-food-images-dataset/Indian Food Images/Indian Food Images/paneer_butter_masala/2d2fecc59c.jpg,61,paneer_butter_masala,train
/kaggle/input/datasets/iamsouravbanerjee/indian-food-images-dataset/Indian Food Images/Indian Food Images/paneer_butter_masala/2dc1bb536b.jpg,61,paneer_butter_masala,train
/kaggle/input/datasets/iamsouravbanerjee/indian-food-images-dataset/Indian Food Images/Indian Food Images/paneer_butter_masala/2eb4317ed6.jpg,61,paneer_butter_masala,train
/kaggle/input/datasets/iamsouravbanerjee/indian-food-images-dataset/Indian Food Images/Indian Food Images/paneer_butter_masala/2f9fad8a37.jpg,61,paneer_butter_masala,train
/kaggle/input/datasets/iamsouravbanerjee/indian-food-images-dataset/Indian Food Images/Indian Food Images/paneer_butter_masala/3d42568539.jpg,61,paneer_butter_masala,train
/kaggle/input/datasets/iamsouravbanerjee/indian-food-images-dataset/Indian Food Images/Indian Food Images/paneer_butter_masala/3eda18e18f.jpg,61,paneer_butter_masala,train
/kaggle/input/datasets/iamsouravbanerjee/indian-food-images-dataset/Indian Food Images/Indian Food Images/paneer_butter_masala/49b717d94c.jpg,61,paneer_butter_masala,train
/kaggle/input/datasets/iamsouravbanerjee/indian-food-images-dataset/Indian Food Images/Indian Food Images/paneer_butter_masala/4c52cdcde8.jpg,61,paneer_butter_masala,train
/kaggle/input/datasets/iamsouravbanerjee/indian-food-images-dataset/Indian Food Images/Indian Food Images/paneer_butter_masala/4d7448193b.jpg,61,paneer_butter_masala,train
/kaggle/input/datasets/iamsouravbanerjee/indian-food-images-dataset/Indian Food Images/Indian Food Images/paneer_butter_masala/51cfe2b0d0.jpg,61,paneer_butter_masala,train
/kaggle/input/datasets/iamsouravbanerjee/indian-food-images-dataset/Indian Food Images/Indian Food Images/paneer_butter_masala/54b38451fc.jpg,61,paneer_butter_masala,train
/kaggle/input/datasets/iamsouravbanerjee/indian-food-images-dataset/Indian Food Images/Indian Food Images/paneer_butter_masala/56c2f31417.jpg,61,paneer_butter_masala,train
/kaggle/input/datasets/iamsouravbanerjee/indian-food-images-dataset/Indian Food Images/Indian Food Images/paneer_butter_masala/5be4bd8cfd.jpg,61,paneer_butter_masala,train
/kaggle/input/datasets/iamsouravbanerjee/indian-food-images-dataset/Indian Food Images/Indian Food Images/paneer_butter_masala/5bf954ae7f.jpg,61,paneer_butter_masala,train
/kaggle/input/datasets/iamsouravbanerjee/indian-food-images-dataset/Indian Food Images/Indian Food Images/phirni/01ef25ec7d.jpg,62,phirni,train
/kaggle/input/datasets/iamsouravbanerjee/indian-food-images-dataset/Indian Food Images/Indian Food Images/phirni/04f68472f2.jpg,62,phirni,train
/kaggle/input/datasets/iamsouravbanerjee/indian-food-images-dataset/Indian Food Images/Indian Food Images/phirni/07d089cad8.jpg,62,phirni,train
/kaggle/input/datasets/iamsouravbanerjee/indian-food-images-dataset/Indian Food Images/Indian Food Images/phirni/0c10fc39f9.jpg,62,phirni,train
/kaggle/input/datasets/iamsouravbanerjee/indian-food-images-dataset/Indian Food Images/Indian Food Images/phirni/0f8a406a29.jpg,62,phirni,train
/kaggle/input/datasets/iamsouravbanerjee/indian-food-images-dataset/Indian Food Images/Indian Food Images/phirni/11afb3ca3f.jpg,62,phirni,train
/kaggle/input/datasets/iamsouravbanerjee/indian-food-images-dataset/Indian Food Images/Indian Food Images/phirni/17f8c5d075.jpg,62,phirni,train
/kaggle/input/datasets/iamsouravbanerjee/indian-food-images-dataset/Indian Food Images/Indian Food Images/phirni/1c90b2be0c.jpg,62,phirni,train
/kaggle/input/datasets/iamsouravbanerjee/indian-food-images-dataset/Indian Food Images/Indian Food Images/phirni/1f4825add6.jpg,62,phirni,train
/kaggle/input/datasets/iamsouravbanerjee/indian-food-images-dataset/Indian Food Images/Indian Food Images/phirni/1fa96c5241.jpg,62,phirni,train
/kaggle/input/datasets/iamsouravbanerjee/indian-food-images-dataset/Indian Food Images/Indian Food Images/phirni/1fd347ed6b.jpg,62,phirni,train
/kaggle/input/datasets/iamsouravbanerjee/indian-food-images-dataset/Indian Food Images/Indian Food Images/phirni/24a87eb5b7.jpg,62,phirni,train
/kaggle/input/datasets/iamsouravbanerjee/indian-food-images-dataset/Indian Food Images/Indian Food Images/phirni/25fa0b96dc.jpg,62,phirni,train
/kaggle/input/datasets/iamsouravbanerjee/indian-food-images-dataset/Indian Food Images/Indian Food Images/phirni/26acefe625.jpg,62,phirni,train
/kaggle/input/datasets/iamsouravbanerjee/indian-food-images-dataset/Indian Food Images/Indian Food Images/phirni/26d9644403.jpg,62,phirni,train
/kaggle/input/datasets/iamsouravbanerjee/indian-food-images-dataset/Indian Food Images/Indian Food Images/phirni/28ac9df5a6.jpg,62,phirni,train
/kaggle/input/datasets/iamsouravbanerjee/indian-food-images-dataset/Indian Food Images/Indian Food Images/phirni/2b8ccbc4a2.jpg,62,phirni,train
/kaggle/input/datasets/iamsouravbanerjee/indian-food-images-dataset/Indian Food Images/Indian Food Images/phirni/2ce003e27e.jpg,62,phirni,train
/kaggle/input/datasets/iamsouravbanerjee/indian-food-images-dataset/Indian Food Images/Indian Food Images/phirni/2e8e0a90c4.jpg,62,phirni,train
/kaggle/input/datasets/iamsouravbanerjee/indian-food-images-dataset/Indian Food Images/Indian Food Images/phirni/2f272e7c97.jpg,62,phirni,train
/kaggle/input/datasets/iamsouravbanerjee/indian-food-images-dataset/Indian Food Images/Indian Food Images/phirni/2f4c9d5bed.jpg,62,phirni,train
/kaggle/input/datasets/iamsouravbanerjee/indian-food-images-dataset/Indian Food Images/Indian Food Images/phirni/3bb2c8cfef.jpg,62,phirni,train
/kaggle/input/datasets/iamsouravbanerjee/indian-food-images-dataset/Indian Food Images/Indian Food Images/phirni/3e7f1ad6da.jpg,62,phirni,train
/kaggle/input/datasets/iamsouravbanerjee/indian-food-images-dataset/Indian Food Images/Indian Food Images/phirni/4b0e86dfe6.jpg,62,phirni,train
/kaggle/input/datasets/iamsouravbanerjee/indian-food-images-dataset/Indian Food Images/Indian Food Images/phirni/4cd1ba06b1.jpg,62,phirni,train
/kaggle/input/datasets/iamsouravbanerjee/indian-food-images-dataset/Indian Food Images/Indian Food Images/phirni/6b1f9f0434.jpg,62,phirni,train
/kaggle/input/datasets/iamsouravbanerjee/indian-food-images-dataset/Indian Food Images/Indian Food Images/phirni/6cf6911d43.jpg,62,phirni,train
/kaggle/input/datasets/iamsouravbanerjee/indian-food-images-dataset/Indian Food Images/Indian Food Images/phirni/6de8f2160d.jpg,62,phirni,train
/kaggle/input/datasets/iamsouravbanerjee/indian-food-images-dataset/Indian Food Images/Indian Food Images/phirni/6e6e0168c6.jpg,62,phirni,train
/kaggle/input/datasets/iamsouravbanerjee/indian-food-images-dataset/Indian Food Images/Indian Food Images/phirni/6e7f76546a.jpg,62,phirni,train
/kaggle/input/datasets/iamsouravbanerjee/indian-food-images-dataset/Indian Food Images/Indian Food Images/phirni/6f1f62bdfc.jpg,62,phirni,train
/kaggle/input/datasets/iamsouravbanerjee/indian-food-images-dataset/Indian Food Images/Indian Food Images/phirni/6fea00ddc2.jpg,62,phirni,train
/kaggle/input/datasets/iamsouravbanerjee/indian-food-images-dataset/Indian Food Images/Indian Food Images/phirni/7a5804c54f.jpg,62,phirni,train
/kaggle/input/datasets/iamsouravbanerjee/indian-food-images-dataset/Indian Food Images/Indian Food Images/phirni/7b2ff46eeb.jpg,62,phirni,train
/kaggle/input/datasets/iamsouravbanerjee/indian-food-images-dataset/Indian Food Images/Indian Food Images/phirni/7b3d4c958d.jpg,62,phirni,train
/kaggle/input/datasets/iamsouravbanerjee/indian-food-images-dataset/Indian Food Images/Indian Food Images/pithe/03f3fec86b.jpg,63,pithe,train
/kaggle/input/datasets/iamsouravbanerjee/indian-food-images-dataset/Indian Food Images/Indian Food Images/pithe/06df13ef65.jpg,63,pithe,train
/kaggle/input/datasets/iamsouravbanerjee/indian-food-images-dataset/Indian Food Images/Indian Food Images/pithe/07bcd015de.jpg,63,pithe,train
/kaggle/input/datasets/iamsouravbanerjee/indian-food-images-dataset/Indian Food Images/Indian Food Images/pithe/0a7d2966fb.jpg,63,pithe,train
/kaggle/input/datasets/iamsouravbanerjee/indian-food-images-dataset/Indian Food Images/Indian Food Images/pithe/0a8356be04.jpg,63,pithe,train
/kaggle/input/datasets/iamsouravbanerjee/indian-food-images-dataset/Indian Food Images/Indian Food Images/pithe/0b9de65a64.jpg,63,pithe,train
/kaggle/input/datasets/iamsouravbanerjee/indian-food-images-dataset/Indian Food Images/Indian Food Images/pithe/0c3fc00453.jpg,63,pithe,train
/kaggle/input/datasets/iamsouravbanerjee/indian-food-images-dataset/Indian Food Images/Indian Food Images/pithe/0ef0b97946.jpg,63,pithe,train
/kaggle/input/datasets/iamsouravbanerjee/indian-food-images-dataset/Indian Food Images/Indian Food Images/pithe/0f19524f35.jpg,63,pithe,train
/kaggle/input/datasets/iamsouravbanerjee/indian-food-images-dataset/Indian Food Images/Indian Food Images/pithe/1b969e1b20.jpg,63,pithe,train
/kaggle/input/datasets/iamsouravbanerjee/indian-food-images-dataset/Indian Food Images/Indian Food Images/pithe/1d52dc653e.jpg,63,pithe,train
/kaggle/input/datasets/iamsouravbanerjee/indian-food-images-dataset/Indian Food Images/Indian Food Images/pithe/1e820ca3b7.jpg,63,pithe,train
/kaggle/input/datasets/iamsouravbanerjee/indian-food-images-dataset/Indian Food Images/Indian Food Images/pithe/1ea2938387.jpg,63,pithe,train
/kaggle/input/datasets/iamsouravbanerjee/indian-food-images-dataset/Indian Food Images/Indian Food Images/pithe/1fcc10db47.jpg,63,pithe,train
/kaggle/input/datasets/iamsouravbanerjee/indian-food-images-dataset/Indian Food Images/Indian Food Images/pithe/21c7fbf2fe.jpg,63,pithe,train
/kaggle/input/datasets/iamsouravbanerjee/indian-food-images-dataset/Indian Food Images/Indian Food Images/pithe/22f3ebb97b.jpg,63,pithe,train
/kaggle/input/datasets/iamsouravbanerjee/indian-food-images-dataset/Indian Food Images/Indian Food Images/pithe/2c9c53c4f1.jpg,63,pithe,train
/kaggle/input/datasets/iamsouravbanerjee/indian-food-images-dataset/Indian Food Images/Indian Food Images/pithe/2ceb8075cc.jpg,63,pithe,train
/kaggle/input/datasets/iamsouravbanerjee/indian-food-images-dataset/Indian Food Images/Indian Food Images/pithe/2fabf79458.jpg,63,pithe,train
/kaggle/input/datasets/iamsouravbanerjee/indian-food-images-dataset/Indian Food Images/Indian Food Images/pithe/2ffa850661.jpg,63,pithe,train
/kaggle/input/datasets/iamsouravbanerjee/indian-food-images-dataset/Indian Food Images/Indian Food Images/pithe/34ee26ba92.jpg,63,pithe,train
/kaggle/input/datasets/iamsouravbanerjee/indian-food-images-dataset/Indian Food Images/Indian Food Images/pithe/3cf4d741c2.jpg,63,pithe,train
/kaggle/input/datasets/iamsouravbanerjee/indian-food-images-dataset/Indian Food Images/Indian Food Images/pithe/3cfc4e1517.jpg,63,pithe,train
/kaggle/input/datasets/iamsouravbanerjee/indian-food-images-dataset/Indian Food Images/Indian Food Images/pithe/44d72b98d2.jpg,63,pithe,train
/kaggle/input/datasets/iamsouravbanerjee/indian-food-images-dataset/Indian Food Images/Indian Food Images/pithe/45a90d619a.jpg,63,pithe,train
/kaggle/input/datasets/iamsouravbanerjee/indian-food-images-dataset/Indian Food Images/Indian Food Images/pithe/45d83e5d3d.jpg,63,pithe,train
/kaggle/input/datasets/iamsouravbanerjee/indian-food-images-dataset/Indian Food Images/Indian Food Images/pithe/45df5a6268.jpg,63,pithe,train
/kaggle/input/datasets/iamsouravbanerjee/indian-food-images-dataset/Indian Food Images/Indian Food Images/pithe/4c3c73d380.jpg,63,pithe,train
/kaggle/input/datasets/iamsouravbanerjee/indian-food-images-dataset/Indian Food Images/Indian Food Images/pithe/4c47c47e85.jpg,63,pithe,train
/kaggle/input/datasets/iamsouravbanerjee/indian-food-images-dataset/Indian Food Images/Indian Food Images/pithe/4c47cbb054.jpg,63,pithe,train
/kaggle/input/datasets/iamsouravbanerjee/indian-food-images-dataset/Indian Food Images/Indian Food Images/pithe/4c8c585613.jpg,63,pithe,train
/kaggle/input/datasets/iamsouravbanerjee/indian-food-images-dataset/Indian Food Images/Indian Food Images/pithe/4e8f7b3104.jpg,63,pithe,train
/kaggle/input/datasets/iamsouravbanerjee/indian-food-images-dataset/Indian Food Images/Indian Food Images/pithe/52eb4c2a1f.jpg,63,pithe,train
/kaggle/input/datasets/iamsouravbanerjee/indian-food-images-dataset/Indian Food Images/Indian Food Images/pithe/56eada35bb.jpg,63,pithe,train
/kaggle/input/datasets/iamsouravbanerjee/indian-food-images-dataset/Indian Food Images/Indian Food Images/pithe/5a7285d281.jpg,63,pithe,train
/kaggle/input/datasets/iamsouravbanerjee/indian-food-images-dataset/Indian Food Images/Indian Food Images/poha/01fe6cca57.jpg,64,poha,train
/kaggle/input/datasets/iamsouravbanerjee/indian-food-images-dataset/Indian Food Images/Indian Food Images/poha/06a10b3c3b.jpg,64,poha,train
/kaggle/input/datasets/iamsouravbanerjee/indian-food-images-dataset/Indian Food Images/Indian Food Images/poha/07a20c7587.jpg,64,poha,train
/kaggle/input/datasets/iamsouravbanerjee/indian-food-images-dataset/Indian Food Images/Indian Food Images/poha/07b1fd2bea.jpg,64,poha,train
/kaggle/input/datasets/iamsouravbanerjee/indian-food-images-dataset/Indian Food Images/Indian Food Images/poha/0abcfb9143.jpg,64,poha,train
/kaggle/input/datasets/iamsouravbanerjee/indian-food-images-dataset/Indian Food Images/Indian Food Images/poha/0b8929f2d5.jpg,64,poha,train
/kaggle/input/datasets/iamsouravbanerjee/indian-food-images-dataset/Indian Food Images/Indian Food Images/poha/0c434784ec.jpg,64,poha,train
/kaggle/input/datasets/iamsouravbanerjee/indian-food-images-dataset/Indian Food Images/Indian Food Images/poha/0e639d80b3.jpg,64,poha,train
/kaggle/input/datasets/iamsouravbanerjee/indian-food-images-dataset/Indian Food Images/Indian Food Images/poha/0f206058b0.jpg,64,poha,train
/kaggle/input/datasets/iamsouravbanerjee/indian-food-images-dataset/Indian Food Images/Indian Food Images/poha/10b105bbcf.jpg,64,poha,train
/kaggle/input/datasets/iamsouravbanerjee/indian-food-images-dataset/Indian Food Images/Indian Food Images/poha/1b4b8c3cc3.jpg,64,poha,train
/kaggle/input/datasets/iamsouravbanerjee/indian-food-images-dataset/Indian Food Images/Indian Food Images/poha/1ceb727efe.jpg,64,poha,train
/kaggle/input/datasets/iamsouravbanerjee/indian-food-images-dataset/Indian Food Images/Indian Food Images/poha/1d81eaece2.jpg,64,poha,train
/kaggle/input/datasets/iamsouravbanerjee/indian-food-images-dataset/Indian Food Images/Indian Food Images/poha/1e4ee59203.jpg,64,poha,train
/kaggle/input/datasets/iamsouravbanerjee/indian-food-images-dataset/Indian Food Images/Indian Food Images/poha/1e7b70c7ec.jpg,64,poha,train
/kaggle/input/datasets/iamsouravbanerjee/indian-food-images-dataset/Indian Food Images/Indian Food Images/poha/1fda470ebc.jpg,64,poha,train
/kaggle/input/datasets/iamsouravbanerjee/indian-food-images-dataset/Indian Food Images/Indian Food Images/poha/1ff3ffa923.jpg,64,poha,train
/kaggle/input/datasets/iamsouravbanerjee/indian-food-images-dataset/Indian Food Images/Indian Food Images/poha/3a59c4d7b6.jpg,64,poha,train
/kaggle/input/datasets/iamsouravbanerjee/indian-food-images-dataset/Indian Food Images/Indian Food Images/poha/3c1e55f366.jpg,64,poha,train
/kaggle/input/datasets/iamsouravbanerjee/indian-food-images-dataset/Indian Food Images/Indian Food Images/poha/3cb176e471.jpg,64,poha,train
/kaggle/input/datasets/iamsouravbanerjee/indian-food-images-dataset/Indian Food Images/Indian Food Images/poha/3eced435ef.jpg,64,poha,train
/kaggle/input/datasets/iamsouravbanerjee/indian-food-images-dataset/Indian Food Images/Indian Food Images/poha/4a4e427baf.jpg,64,poha,train
/kaggle/input/datasets/iamsouravbanerjee/indian-food-images-dataset/Indian Food Images/Indian Food Images/poha/4a50ef0249.jpg,64,poha,train
/kaggle/input/datasets/iamsouravbanerjee/indian-food-images-dataset/Indian Food Images/Indian Food Images/poha/4a78619b2a.jpg,64,poha,train
/kaggle/input/datasets/iamsouravbanerjee/indian-food-images-dataset/Indian Food Images/Indian Food Images/poha/4b793400cc.jpg,64,poha,train
/kaggle/input/datasets/iamsouravbanerjee/indian-food-images-dataset/Indian Food Images/Indian Food Images/poha/4cf37c3b5a.jpg,64,poha,train
/kaggle/input/datasets/iamsouravbanerjee/indian-food-images-dataset/Indian Food Images/Indian Food Images/poha/4e44f65e50.jpg,64,poha,train
/kaggle/input/datasets/iamsouravbanerjee/indian-food-images-dataset/Indian Food Images/Indian Food Images/poha/4eb521696a.jpg,64,poha,train
/kaggle/input/datasets/iamsouravbanerjee/indian-food-images-dataset/Indian Food Images/Indian Food Images/poha/4fe96eb701.jpg,64,poha,train
/kaggle/input/datasets/iamsouravbanerjee/indian-food-images-dataset/Indian Food Images/Indian Food Images/poha/5b2870bb2a.jpg,64,poha,train
/kaggle/input/datasets/iamsouravbanerjee/indian-food-images-dataset/Indian Food Images/Indian Food Images/poha/5d02581328.jpg,64,poha,train
/kaggle/input/datasets/iamsouravbanerjee/indian-food-images-dataset/Indian Food Images/Indian Food Images/poha/6b508a31f2.jpg,64,poha,train
/kaggle/input/datasets/iamsouravbanerjee/indian-food-images-dataset/Indian Food Images/Indian Food Images/poha/6c4184dfd1.jpg,64,poha,train
/kaggle/input/datasets/iamsouravbanerjee/indian-food-images-dataset/Indian Food Images/Indian Food Images/poha/6cd666a8bf.jpg,64,poha,train
/kaggle/input/datasets/iamsouravbanerjee/indian-food-images-dataset/Indian Food Images/Indian Food Images/poha/6d4cc10345.jpg,64,poha,train
/kaggle/input/datasets/iamsouravbanerjee/indian-food-images-dataset/Indian Food Images/Indian Food Images/poornalu/04bf01c858.jpg,65,poornalu,train
/kaggle/input/datasets/iamsouravbanerjee/indian-food-images-dataset/Indian Food Images/Indian Food Images/poornalu/06ff781d78.jpg,65,poornalu,train
/kaggle/input/datasets/iamsouravbanerjee/indian-food-images-dataset/Indian Food Images/Indian Food Images/poornalu/09a2d15e8f.jpg,65,poornalu,train
/kaggle/input/datasets/iamsouravbanerjee/indian-food-images-dataset/Indian Food Images/Indian Food Images/poornalu/0a3ccf34f2.jpg,65,poornalu,train
/kaggle/input/datasets/iamsouravbanerjee/indian-food-images-dataset/Indian Food Images/Indian Food Images/poornalu/0df9a131e4.jpg,65,poornalu,train
/kaggle/input/datasets/iamsouravbanerjee/indian-food-images-dataset/Indian Food Images/Indian Food Images/poornalu/0f758e0e51.jpg,65,poornalu,train
/kaggle/input/datasets/iamsouravbanerjee/indian-food-images-dataset/Indian Food Images/Indian Food Images/poornalu/12e585d798.jpg,65,poornalu,train
/kaggle/input/datasets/iamsouravbanerjee/indian-food-images-dataset/Indian Food Images/Indian Food Images/poornalu/15e261a091.jpg,65,poornalu,train
/kaggle/input/datasets/iamsouravbanerjee/indian-food-images-dataset/Indian Food Images/Indian Food Images/poornalu/18b2b2e94a.jpg,65,poornalu,train
/kaggle/input/datasets/iamsouravbanerjee/indian-food-images-dataset/Indian Food Images/Indian Food Images/poornalu/1b2b7b9df9.jpg,65,poornalu,train
/kaggle/input/datasets/iamsouravbanerjee/indian-food-images-dataset/Indian Food Images/Indian Food Images/poornalu/1ce16c65c7.jpg,65,poornalu,train
/kaggle/input/datasets/iamsouravbanerjee/indian-food-images-dataset/Indian Food Images/Indian Food Images/poornalu/1da500310c.jpg,65,poornalu,train
/kaggle/input/datasets/iamsouravbanerjee/indian-food-images-dataset/Indian Food Images/Indian Food Images/poornalu/1fcd97e261.jpg,65,poornalu,train
/kaggle/input/datasets/iamsouravbanerjee/indian-food-images-dataset/Indian Food Images/Indian Food Images/poornalu/23e99b865d.jpg,65,poornalu,train
/kaggle/input/datasets/iamsouravbanerjee/indian-food-images-dataset/Indian Food Images/Indian Food Images/poornalu/24b2c9b2bd.jpg,65,poornalu,train
/kaggle/input/datasets/iamsouravbanerjee/indian-food-images-dataset/Indian Food Images/Indian Food Images/poornalu/2b767e78ae.jpg,65,poornalu,train
/kaggle/input/datasets/iamsouravbanerjee/indian-food-images-dataset/Indian Food Images/Indian Food Images/poornalu/2b7ef62539.jpg,65,poornalu,train
/kaggle/input/datasets/iamsouravbanerjee/indian-food-images-dataset/Indian Food Images/Indian Food Images/poornalu/2c8aa93750.jpg,65,poornalu,train
/kaggle/input/datasets/iamsouravbanerjee/indian-food-images-dataset/Indian Food Images/Indian Food Images/poornalu/2cd7b38062.jpg,65,poornalu,train
/kaggle/input/datasets/iamsouravbanerjee/indian-food-images-dataset/Indian Food Images/Indian Food Images/poornalu/2d84e1bf9c.jpg,65,poornalu,train
/kaggle/input/datasets/iamsouravbanerjee/indian-food-images-dataset/Indian Food Images/Indian Food Images/poornalu/3a07ee84c8.jpg,65,poornalu,train
/kaggle/input/datasets/iamsouravbanerjee/indian-food-images-dataset/Indian Food Images/Indian Food Images/poornalu/3aff91556c.jpg,65,poornalu,train
/kaggle/input/datasets/iamsouravbanerjee/indian-food-images-dataset/Indian Food Images/Indian Food Images/poornalu/3bcf741185.jpg,65,poornalu,train
/kaggle/input/datasets/iamsouravbanerjee/indian-food-images-dataset/Indian Food Images/Indian Food Images/poornalu/3e97266b9e.jpg,65,poornalu,train
/kaggle/input/datasets/iamsouravbanerjee/indian-food-images-dataset/Indian Food Images/Indian Food Images/poornalu/43efa6def7.jpg,65,poornalu,train
/kaggle/input/datasets/iamsouravbanerjee/indian-food-images-dataset/Indian Food Images/Indian Food Images/poornalu/4b086c592e.jpg,65,poornalu,train
/kaggle/input/datasets/iamsouravbanerjee/indian-food-images-dataset/Indian Food Images/Indian Food Images/poornalu/4b40be03b2.jpg,65,poornalu,train
/kaggle/input/datasets/iamsouravbanerjee/indian-food-images-dataset/Indian Food Images/Indian Food Images/poornalu/4b7ff1469f.jpg,65,poornalu,train
/kaggle/input/datasets/iamsouravbanerjee/indian-food-images-dataset/Indian Food Images/Indian Food Images/poornalu/4c2cae1e23.jpg,65,poornalu,train
/kaggle/input/datasets/iamsouravbanerjee/indian-food-images-dataset/Indian Food Images/Indian Food Images/poornalu/5ab84c826d.jpg,65,poornalu,train
/kaggle/input/datasets/iamsouravbanerjee/indian-food-images-dataset/Indian Food Images/Indian Food Images/poornalu/5b2d245675.jpg,65,poornalu,train
/kaggle/input/datasets/iamsouravbanerjee/indian-food-images-dataset/Indian Food Images/Indian Food Images/poornalu/5dad71d4a4.jpg,65,poornalu,train
/kaggle/input/datasets/iamsouravbanerjee/indian-food-images-dataset/Indian Food Images/Indian Food Images/poornalu/5e68f2fd57.jpg,65,poornalu,train
/kaggle/input/datasets/iamsouravbanerjee/indian-food-images-dataset/Indian Food Images/Indian Food Images/poornalu/5e9ee96f7c.jpg,65,poornalu,train
/kaggle/input/datasets/iamsouravbanerjee/indian-food-images-dataset/Indian Food Images/Indian Food Images/poornalu/5ee1a69b55.jpg,65,poornalu,train
/kaggle/input/datasets/iamsouravbanerjee/indian-food-images-dataset/Indian Food Images/Indian Food Images/pootharekulu/02a017ceef.jpg,66,pootharekulu,train
/kaggle/input/datasets/iamsouravbanerjee/indian-food-images-dataset/Indian Food Images/Indian Food Images/pootharekulu/04cbf1e4cf.jpg,66,pootharekulu,train
/kaggle/input/datasets/iamsouravbanerjee/indian-food-images-dataset/Indian Food Images/Indian Food Images/pootharekulu/05dddfb89e.jpg,66,pootharekulu,train
/kaggle/input/datasets/iamsouravbanerjee/indian-food-images-dataset/Indian Food Images/Indian Food Images/pootharekulu/0a6cd580bd.jpg,66,pootharekulu,train
/kaggle/input/datasets/iamsouravbanerjee/indian-food-images-dataset/Indian Food Images/Indian Food Images/pootharekulu/0d469e3b85.jpg,66,pootharekulu,train
/kaggle/input/datasets/iamsouravbanerjee/indian-food-images-dataset/Indian Food Images/Indian Food Images/pootharekulu/0d71f2f720.jpg,66,pootharekulu,train
/kaggle/input/datasets/iamsouravbanerjee/indian-food-images-dataset/Indian Food Images/Indian Food Images/pootharekulu/0e1746c5d4.jpg,66,pootharekulu,train
/kaggle/input/datasets/iamsouravbanerjee/indian-food-images-dataset/Indian Food Images/Indian Food Images/pootharekulu/13f4d2ff7d.jpg,66,pootharekulu,train
/kaggle/input/datasets/iamsouravbanerjee/indian-food-images-dataset/Indian Food Images/Indian Food Images/pootharekulu/1a3b072728.jpg,66,pootharekulu,train
/kaggle/input/datasets/iamsouravbanerjee/indian-food-images-dataset/Indian Food Images/Indian Food Images/pootharekulu/21ebed3222.jpg,66,pootharekulu,train
/kaggle/input/datasets/iamsouravbanerjee/indian-food-images-dataset/Indian Food Images/Indian Food Images/pootharekulu/28aee75c7f.jpg,66,pootharekulu,train
/kaggle/input/datasets/iamsouravbanerjee/indian-food-images-dataset/Indian Food Images/Indian Food Images/pootharekulu/2be7d521d5.jpg,66,pootharekulu,train
/kaggle/input/datasets/iamsouravbanerjee/indian-food-images-dataset/Indian Food Images/Indian Food Images/pootharekulu/2cae52f85e.jpg,66,pootharekulu,train
/kaggle/input/datasets/iamsouravbanerjee/indian-food-images-dataset/Indian Food Images/Indian Food Images/pootharekulu/2d5ab32c96.jpg,66,pootharekulu,train
/kaggle/input/datasets/iamsouravbanerjee/indian-food-images-dataset/Indian Food Images/Indian Food Images/pootharekulu/2d9261bc9c.jpg,66,pootharekulu,train
/kaggle/input/datasets/iamsouravbanerjee/indian-food-images-dataset/Indian Food Images/Indian Food Images/pootharekulu/3b718c626d.jpg,66,pootharekulu,train
/kaggle/input/datasets/iamsouravbanerjee/indian-food-images-dataset/Indian Food Images/Indian Food Images/pootharekulu/3e1a639135.jpg,66,pootharekulu,train
/kaggle/input/datasets/iamsouravbanerjee/indian-food-images-dataset/Indian Food Images/Indian Food Images/pootharekulu/42a25c8f41.jpg,66,pootharekulu,train
/kaggle/input/datasets/iamsouravbanerjee/indian-food-images-dataset/Indian Food Images/Indian Food Images/pootharekulu/45eb106269.jpg,66,pootharekulu,train
/kaggle/input/datasets/iamsouravbanerjee/indian-food-images-dataset/Indian Food Images/Indian Food Images/pootharekulu/46fe59a672.jpg,66,pootharekulu,train
/kaggle/input/datasets/iamsouravbanerjee/indian-food-images-dataset/Indian Food Images/Indian Food Images/pootharekulu/4c19ad4f29.jpg,66,pootharekulu,train
/kaggle/input/datasets/iamsouravbanerjee/indian-food-images-dataset/Indian Food Images/Indian Food Images/pootharekulu/4f6eeb7b57.jpg,66,pootharekulu,train
/kaggle/input/datasets/iamsouravbanerjee/indian-food-images-dataset/Indian Food Images/Indian Food Images/pootharekulu/5bc19b67f2.jpg,66,pootharekulu,train
/kaggle/input/datasets/iamsouravbanerjee/indian-food-images-dataset/Indian Food Images/Indian Food Images/pootharekulu/5c1a35682e.jpg,66,pootharekulu,train
/kaggle/input/datasets/iamsouravbanerjee/indian-food-images-dataset/Indian Food Images/Indian Food Images/pootharekulu/5dba8d825b.jpg,66,pootharekulu,train
/kaggle/input/datasets/iamsouravbanerjee/indian-food-images-dataset/Indian Food Images/Indian Food Images/pootharekulu/5fa9c51c04.jpg,66,pootharekulu,train
/kaggle/input/datasets/iamsouravbanerjee/indian-food-images-dataset/Indian Food Images/Indian Food Images/pootharekulu/63bc179787.jpg,66,pootharekulu,train
/kaggle/input/datasets/iamsouravbanerjee/indian-food-images-dataset/Indian Food Images/Indian Food Images/pootharekulu/63f63dda6d.jpg,66,pootharekulu,train
/kaggle/input/datasets/iamsouravbanerjee/indian-food-images-dataset/Indian Food Images/Indian Food Images/pootharekulu/64ab8bf153.jpg,66,pootharekulu,train
/kaggle/input/datasets/iamsouravbanerjee/indian-food-images-dataset/Indian Food Images/Indian Food Images/pootharekulu/65e1473fe5.jpg,66,pootharekulu,train
/kaggle/input/datasets/iamsouravbanerjee/indian-food-images-dataset/Indian Food Images/Indian Food Images/pootharekulu/69d01c3abe.jpg,66,pootharekulu,train
/kaggle/input/datasets/iamsouravbanerjee/indian-food-images-dataset/Indian Food Images/Indian Food Images/pootharekulu/6c4a118e7b.jpg,66,pootharekulu,train
/kaggle/input/datasets/iamsouravbanerjee/indian-food-images-dataset/Indian Food Images/Indian Food Images/pootharekulu/6d533d8014.jpg,66,pootharekulu,train
/kaggle/input/datasets/iamsouravbanerjee/indian-food-images-dataset/Indian Food Images/Indian Food Images/pootharekulu/6e6123e767.jpg,66,pootharekulu,train
/kaggle/input/datasets/iamsouravbanerjee/indian-food-images-dataset/Indian Food Images/Indian Food Images/pootharekulu/6fe26b9c21.jpg,66,pootharekulu,train
/kaggle/input/datasets/iamsouravbanerjee/indian-food-images-dataset/Indian Food Images/Indian Food Images/qubani_ka_meetha/014bcc1581.jpg,67,qubani_ka_meetha,train
/kaggle/input/datasets/iamsouravbanerjee/indian-food-images-dataset/Indian Food Images/Indian Food Images/qubani_ka_meetha/0ee261f521.jpg,67,qubani_ka_meetha,train
/kaggle/input/datasets/iamsouravbanerjee/indian-food-images-dataset/Indian Food Images/Indian Food Images/qubani_ka_meetha/0f20108bbc.jpg,67,qubani_ka_meetha,train
/kaggle/input/datasets/iamsouravbanerjee/indian-food-images-dataset/Indian Food Images/Indian Food Images/qubani_ka_meetha/11b3ecd32e.jpg,67,qubani_ka_meetha,train
/kaggle/input/datasets/iamsouravbanerjee/indian-food-images-dataset/Indian Food Images/Indian Food Images/qubani_ka_meetha/14cf4c84d2.jpg,67,qubani_ka_meetha,train
/kaggle/input/datasets/iamsouravbanerjee/indian-food-images-dataset/Indian Food Images/Indian Food Images/qubani_ka_meetha/1a3e618e85.jpg,67,qubani_ka_meetha,train
/kaggle/input/datasets/iamsouravbanerjee/indian-food-images-dataset/Indian Food Images/Indian Food Images/qubani_ka_meetha/1a4dd97b39.jpg,67,qubani_ka_meetha,train
/kaggle/input/datasets/iamsouravbanerjee/indian-food-images-dataset/Indian Food Images/Indian Food Images/qubani_ka_meetha/1b3bf2fe71.jpg,67,qubani_ka_meetha,train
/kaggle/input/datasets/iamsouravbanerjee/indian-food-images-dataset/Indian Food Images/Indian Food Images/qubani_ka_meetha/1c25612fab.jpg,67,qubani_ka_meetha,train
/kaggle/input/datasets/iamsouravbanerjee/indian-food-images-dataset/Indian Food Images/Indian Food Images/qubani_ka_meetha/1e26962db0.jpg,67,qubani_ka_meetha,train
/kaggle/input/datasets/iamsouravbanerjee/indian-food-images-dataset/Indian Food Images/Indian Food Images/qubani_ka_meetha/20c6d77da2.jpg,67,qubani_ka_meetha,train
/kaggle/input/datasets/iamsouravbanerjee/indian-food-images-dataset/Indian Food Images/Indian Food Images/qubani_ka_meetha/27aca8ec72.jpg,67,qubani_ka_meetha,train
/kaggle/input/datasets/iamsouravbanerjee/indian-food-images-dataset/Indian Food Images/Indian Food Images/qubani_ka_meetha/2b0c2de202.jpg,67,qubani_ka_meetha,train
/kaggle/input/datasets/iamsouravbanerjee/indian-food-images-dataset/Indian Food Images/Indian Food Images/qubani_ka_meetha/2bc16b8580.jpg,67,qubani_ka_meetha,train
/kaggle/input/datasets/iamsouravbanerjee/indian-food-images-dataset/Indian Food Images/Indian Food Images/qubani_ka_meetha/2bcaa3332c.jpg,67,qubani_ka_meetha,train
/kaggle/input/datasets/iamsouravbanerjee/indian-food-images-dataset/Indian Food Images/Indian Food Images/qubani_ka_meetha/2cf3335f7b.jpg,67,qubani_ka_meetha,train
/kaggle/input/datasets/iamsouravbanerjee/indian-food-images-dataset/Indian Food Images/Indian Food Images/qubani_ka_meetha/2d2560bcd6.jpg,67,qubani_ka_meetha,train
/kaggle/input/datasets/iamsouravbanerjee/indian-food-images-dataset/Indian Food Images/Indian Food Images/qubani_ka_meetha/2f3cca7be9.jpg,67,qubani_ka_meetha,train
/kaggle/input/datasets/iamsouravbanerjee/indian-food-images-dataset/Indian Food Images/Indian Food Images/qubani_ka_meetha/30b7477109.jpg,67,qubani_ka_meetha,train
/kaggle/input/datasets/iamsouravbanerjee/indian-food-images-dataset/Indian Food Images/Indian Food Images/qubani_ka_meetha/33d5fd86c1.jpg,67,qubani_ka_meetha,train
/kaggle/input/datasets/iamsouravbanerjee/indian-food-images-dataset/Indian Food Images/Indian Food Images/qubani_ka_meetha/3a82a4a1c1.jpg,67,qubani_ka_meetha,train
/kaggle/input/datasets/iamsouravbanerjee/indian-food-images-dataset/Indian Food Images/Indian Food Images/qubani_ka_meetha/3b34b56887.jpg,67,qubani_ka_meetha,train
/kaggle/input/datasets/iamsouravbanerjee/indian-food-images-dataset/Indian Food Images/Indian Food Images/qubani_ka_meetha/3dfcf7acf5.jpg,67,qubani_ka_meetha,train
/kaggle/input/datasets/iamsouravbanerjee/indian-food-images-dataset/Indian Food Images/Indian Food Images/qubani_ka_meetha/4aafda477e.jpg,67,qubani_ka_meetha,train
/kaggle/input/datasets/iamsouravbanerjee/indian-food-images-dataset/Indian Food Images/Indian Food Images/qubani_ka_meetha/4e4971951a.jpg,67,qubani_ka_meetha,train
/kaggle/input/datasets/iamsouravbanerjee/indian-food-images-dataset/Indian Food Images/Indian Food Images/qubani_ka_meetha/4ef6f1ac68.jpg,67,qubani_ka_meetha,train
/kaggle/input/datasets/iamsouravbanerjee/indian-food-images-dataset/Indian Food Images/Indian Food Images/qubani_ka_meetha/50fbf24f09.jpg,67,qubani_ka_meetha,train
/kaggle/input/datasets/iamsouravbanerjee/indian-food-images-dataset/Indian Food Images/Indian Food Images/qubani_ka_meetha/53b6025e5a.jpg,67,qubani_ka_meetha,train
/kaggle/input/datasets/iamsouravbanerjee/indian-food-images-dataset/Indian Food Images/Indian Food Images/qubani_ka_meetha/55ce6d2ee7.jpg,67,qubani_ka_meetha,train
/kaggle/input/datasets/iamsouravbanerjee/indian-food-images-dataset/Indian Food Images/Indian Food Images/qubani_ka_meetha/5c814fe9d6.jpg,67,qubani_ka_meetha,train
/kaggle/input/datasets/iamsouravbanerjee/indian-food-images-dataset/Indian Food Images/Indian Food Images/qubani_ka_meetha/5ce24ef9e7.jpg,67,qubani_ka_meetha,train
/kaggle/input/datasets/iamsouravbanerjee/indian-food-images-dataset/Indian Food Images/Indian Food Images/qubani_ka_meetha/5ceedd4c76.jpg,67,qubani_ka_meetha,train
/kaggle/input/datasets/iamsouravbanerjee/indian-food-images-dataset/Indian Food Images/Indian Food Images/qubani_ka_meetha/5d8c076a4c.jpg,67,qubani_ka_meetha,train
/kaggle/input/datasets/iamsouravbanerjee/indian-food-images-dataset/Indian Food Images/Indian Food Images/qubani_ka_meetha/6aa58cd6ea.jpg,67,qubani_ka_meetha,train
/kaggle/input/datasets/iamsouravbanerjee/indian-food-images-dataset/Indian Food Images/Indian Food Images/qubani_ka_meetha/6b05776a02.jpg,67,qubani_ka_meetha,train
/kaggle/input/datasets/iamsouravbanerjee/indian-food-images-dataset/Indian Food Images/Indian Food Images/rabri/024cba4450.jpg,68,rabri,train
/kaggle/input/datasets/iamsouravbanerjee/indian-food-images-dataset/Indian Food Images/Indian Food Images/rabri/06b493f201.jpg,68,rabri,train
/kaggle/input/datasets/iamsouravbanerjee/indian-food-images-dataset/Indian Food Images/Indian Food Images/rabri/0a3c6c1160.jpg,68,rabri,train
/kaggle/input/datasets/iamsouravbanerjee/indian-food-images-dataset/Indian Food Images/Indian Food Images/rabri/0af06b0a53.jpg,68,rabri,train
/kaggle/input/datasets/iamsouravbanerjee/indian-food-images-dataset/Indian Food Images/Indian Food Images/rabri/0d17b0ce13.jpg,68,rabri,train
/kaggle/input/datasets/iamsouravbanerjee/indian-food-images-dataset/Indian Food Images/Indian Food Images/rabri/10fd133bf2.jpg,68,rabri,train
/kaggle/input/datasets/iamsouravbanerjee/indian-food-images-dataset/Indian Food Images/Indian Food Images/rabri/13b4028c8d.jpg,68,rabri,train
/kaggle/input/datasets/iamsouravbanerjee/indian-food-images-dataset/Indian Food Images/Indian Food Images/rabri/1ccb82a079.jpg,68,rabri,train
/kaggle/input/datasets/iamsouravbanerjee/indian-food-images-dataset/Indian Food Images/Indian Food Images/rabri/1e03392c86.jpg,68,rabri,train
/kaggle/input/datasets/iamsouravbanerjee/indian-food-images-dataset/Indian Food Images/Indian Food Images/rabri/1eec1abf9a.jpg,68,rabri,train
/kaggle/input/datasets/iamsouravbanerjee/indian-food-images-dataset/Indian Food Images/Indian Food Images/rabri/23ea1c0725.jpg,68,rabri,train
/kaggle/input/datasets/iamsouravbanerjee/indian-food-images-dataset/Indian Food Images/Indian Food Images/rabri/24c144bdc3.jpg,68,rabri,train
/kaggle/input/datasets/iamsouravbanerjee/indian-food-images-dataset/Indian Food Images/Indian Food Images/rabri/2b691baec7.jpg,68,rabri,train
/kaggle/input/datasets/iamsouravbanerjee/indian-food-images-dataset/Indian Food Images/Indian Food Images/rabri/2bdab21920.jpg,68,rabri,train
/kaggle/input/datasets/iamsouravbanerjee/indian-food-images-dataset/Indian Food Images/Indian Food Images/rabri/2d4523f8f4.jpg,68,rabri,train
/kaggle/input/datasets/iamsouravbanerjee/indian-food-images-dataset/Indian Food Images/Indian Food Images/rabri/2f6fb4e307.jpg,68,rabri,train
/kaggle/input/datasets/iamsouravbanerjee/indian-food-images-dataset/Indian Food Images/Indian Food Images/rabri/36e7487761.jpg,68,rabri,train
/kaggle/input/datasets/iamsouravbanerjee/indian-food-images-dataset/Indian Food Images/Indian Food Images/rabri/37d7c2ca71.jpg,68,rabri,train
/kaggle/input/datasets/iamsouravbanerjee/indian-food-images-dataset/Indian Food Images/Indian Food Images/rabri/39d990448b.jpg,68,rabri,train
/kaggle/input/datasets/iamsouravbanerjee/indian-food-images-dataset/Indian Food Images/Indian Food Images/rabri/39eeccd6ba.jpg,68,rabri,train
/kaggle/input/datasets/iamsouravbanerjee/indian-food-images-dataset/Indian Food Images/Indian Food Images/rabri/3b39d9ea2b.jpg,68,rabri,train
/kaggle/input/datasets/iamsouravbanerjee/indian-food-images-dataset/Indian Food Images/Indian Food Images/rabri/3da1568dfa.jpg,68,rabri,train
/kaggle/input/datasets/iamsouravbanerjee/indian-food-images-dataset/Indian Food Images/Indian Food Images/rabri/3ff967da9a.jpg,68,rabri,train
/kaggle/input/datasets/iamsouravbanerjee/indian-food-images-dataset/Indian Food Images/Indian Food Images/rabri/4c8d5701cc.jpg,68,rabri,train
/kaggle/input/datasets/iamsouravbanerjee/indian-food-images-dataset/Indian Food Images/Indian Food Images/rabri/4d3f25fd6c.jpg,68,rabri,train
/kaggle/input/datasets/iamsouravbanerjee/indian-food-images-dataset/Indian Food Images/Indian Food Images/rabri/4df02154e3.jpg,68,rabri,train
/kaggle/input/datasets/iamsouravbanerjee/indian-food-images-dataset/Indian Food Images/Indian Food Images/rabri/4f1437aaa9.jpg,68,rabri,train
/kaggle/input/datasets/iamsouravbanerjee/indian-food-images-dataset/Indian Food Images/Indian Food Images/rabri/4f3f7709ca.jpg,68,rabri,train
/kaggle/input/datasets/iamsouravbanerjee/indian-food-images-dataset/Indian Food Images/Indian Food Images/rabri/5c7f0eda5e.jpg,68,rabri,train
/kaggle/input/datasets/iamsouravbanerjee/indian-food-images-dataset/Indian Food Images/Indian Food Images/rabri/5d1b162000.jpg,68,rabri,train
/kaggle/input/datasets/iamsouravbanerjee/indian-food-images-dataset/Indian Food Images/Indian Food Images/rabri/5d28b2c144.jpg,68,rabri,train
/kaggle/input/datasets/iamsouravbanerjee/indian-food-images-dataset/Indian Food Images/Indian Food Images/rabri/5dd3dbb52b.jpg,68,rabri,train
/kaggle/input/datasets/iamsouravbanerjee/indian-food-images-dataset/Indian Food Images/Indian Food Images/rabri/5efb9e19c6.jpg,68,rabri,train
/kaggle/input/datasets/iamsouravbanerjee/indian-food-images-dataset/Indian Food Images/Indian Food Images/rabri/6b708f3d1f.jpg,68,rabri,train
/kaggle/input/datasets/iamsouravbanerjee/indian-food-images-dataset/Indian Food Images/Indian Food Images/rabri/6bcd864798.jpg,68,rabri,train
/kaggle/input/datasets/iamsouravbanerjee/indian-food-images-dataset/Indian Food Images/Indian Food Images/ras_malai/09c5ed650c.jpg,69,ras_malai,train
/kaggle/input/datasets/iamsouravbanerjee/indian-food-images-dataset/Indian Food Images/Indian Food Images/ras_malai/0c9f98423c.jpg,69,ras_malai,train
/kaggle/input/datasets/iamsouravbanerjee/indian-food-images-dataset/Indian Food Images/Indian Food Images/ras_malai/0ca31f2d59.jpg,69,ras_malai,train
/kaggle/input/datasets/iamsouravbanerjee/indian-food-images-dataset/Indian Food Images/Indian Food Images/ras_malai/0da57d1b03.jpg,69,ras_malai,train
/kaggle/input/datasets/iamsouravbanerjee/indian-food-images-dataset/Indian Food Images/Indian Food Images/ras_malai/0fd5a0b47b.jpg,69,ras_malai,train
/kaggle/input/datasets/iamsouravbanerjee/indian-food-images-dataset/Indian Food Images/Indian Food Images/ras_malai/17d468fd13.jpg,69,ras_malai,train
/kaggle/input/datasets/iamsouravbanerjee/indian-food-images-dataset/Indian Food Images/Indian Food Images/ras_malai/1ae35eed7d.jpg,69,ras_malai,train
/kaggle/input/datasets/iamsouravbanerjee/indian-food-images-dataset/Indian Food Images/Indian Food Images/ras_malai/1c978447e4.jpg,69,ras_malai,train
/kaggle/input/datasets/iamsouravbanerjee/indian-food-images-dataset/Indian Food Images/Indian Food Images/ras_malai/1dc6d2f3d4.jpg,69,ras_malai,train
/kaggle/input/datasets/iamsouravbanerjee/indian-food-images-dataset/Indian Food Images/Indian Food Images/ras_malai/1e648dca05.jpg,69,ras_malai,train
/kaggle/input/datasets/iamsouravbanerjee/indian-food-images-dataset/Indian Food Images/Indian Food Images/ras_malai/1e971a3d26.jpg,69,ras_malai,train
/kaggle/input/datasets/iamsouravbanerjee/indian-food-images-dataset/Indian Food Images/Indian Food Images/ras_malai/1f0f53e1be.jpg,69,ras_malai,train
/kaggle/input/datasets/iamsouravbanerjee/indian-food-images-dataset/Indian Food Images/Indian Food Images/ras_malai/22e28ce6fa.jpg,69,ras_malai,train
/kaggle/input/datasets/iamsouravbanerjee/indian-food-images-dataset/Indian Food Images/Indian Food Images/ras_malai/24cce797ac.jpg,69,ras_malai,train
/kaggle/input/datasets/iamsouravbanerjee/indian-food-images-dataset/Indian Food Images/Indian Food Images/ras_malai/28d77433ea.jpg,69,ras_malai,train
/kaggle/input/datasets/iamsouravbanerjee/indian-food-images-dataset/Indian Food Images/Indian Food Images/ras_malai/2ef38d1321.jpg,69,ras_malai,train
/kaggle/input/datasets/iamsouravbanerjee/indian-food-images-dataset/Indian Food Images/Indian Food Images/ras_malai/31eebe9d6c.jpg,69,ras_malai,train
/kaggle/input/datasets/iamsouravbanerjee/indian-food-images-dataset/Indian Food Images/Indian Food Images/ras_malai/32cad18752.jpg,69,ras_malai,train
/kaggle/input/datasets/iamsouravbanerjee/indian-food-images-dataset/Indian Food Images/Indian Food Images/ras_malai/33abef3bdb.jpg,69,ras_malai,train
/kaggle/input/datasets/iamsouravbanerjee/indian-food-images-dataset/Indian Food Images/Indian Food Images/ras_malai/3a63978369.jpg,69,ras_malai,train
/kaggle/input/datasets/iamsouravbanerjee/indian-food-images-dataset/Indian Food Images/Indian Food Images/ras_malai/3d235ed527.jpg,69,ras_malai,train
/kaggle/input/datasets/iamsouravbanerjee/indian-food-images-dataset/Indian Food Images/Indian Food Images/ras_malai/4a07784ede.jpg,69,ras_malai,train
/kaggle/input/datasets/iamsouravbanerjee/indian-food-images-dataset/Indian Food Images/Indian Food Images/ras_malai/4ca3204ecd.jpg,69,ras_malai,train
/kaggle/input/datasets/iamsouravbanerjee/indian-food-images-dataset/Indian Food Images/Indian Food Images/ras_malai/4d60eaf538.jpg,69,ras_malai,train
/kaggle/input/datasets/iamsouravbanerjee/indian-food-images-dataset/Indian Food Images/Indian Food Images/ras_malai/4dbb11a7d9.jpg,69,ras_malai,train
/kaggle/input/datasets/iamsouravbanerjee/indian-food-images-dataset/Indian Food Images/Indian Food Images/ras_malai/4dd93d5262.jpg,69,ras_malai,train
/kaggle/input/datasets/iamsouravbanerjee/indian-food-images-dataset/Indian Food Images/Indian Food Images/ras_malai/4f958dc10a.jpg,69,ras_malai,train
/kaggle/input/datasets/iamsouravbanerjee/indian-food-images-dataset/Indian Food Images/Indian Food Images/ras_malai/4ff0c67745.jpg,69,ras_malai,train
/kaggle/input/datasets/iamsouravbanerjee/indian-food-images-dataset/Indian Food Images/Indian Food Images/ras_malai/5a4ad9a67f.jpg,69,ras_malai,train
/kaggle/input/datasets/iamsouravbanerjee/indian-food-images-dataset/Indian Food Images/Indian Food Images/ras_malai/5a5678fa82.jpg,69,ras_malai,train
/kaggle/input/datasets/iamsouravbanerjee/indian-food-images-dataset/Indian Food Images/Indian Food Images/ras_malai/5aa3ce566b.jpg,69,ras_malai,train
/kaggle/input/datasets/iamsouravbanerjee/indian-food-images-dataset/Indian Food Images/Indian Food Images/ras_malai/5c4a642016.jpg,69,ras_malai,train
/kaggle/input/datasets/iamsouravbanerjee/indian-food-images-dataset/Indian Food Images/Indian Food Images/ras_malai/5cb0f8e06a.jpg,69,ras_malai,train
/kaggle/input/datasets/iamsouravbanerjee/indian-food-images-dataset/Indian Food Images/Indian Food Images/ras_malai/6ac0dd1773.jpg,69,ras_malai,train
/kaggle/input/datasets/iamsouravbanerjee/indian-food-images-dataset/Indian Food Images/Indian Food Images/ras_malai/6b3f1d4e81.jpg,69,ras_malai,train
/kaggle/input/datasets/iamsouravbanerjee/indian-food-images-dataset/Indian Food Images/Indian Food Images/rasgulla/014ce94539.jpg,70,rasgulla,train
/kaggle/input/datasets/iamsouravbanerjee/indian-food-images-dataset/Indian Food Images/Indian Food Images/rasgulla/03c77ada4d.jpg,70,rasgulla,train
/kaggle/input/datasets/iamsouravbanerjee/indian-food-images-dataset/Indian Food Images/Indian Food Images/rasgulla/063a16b50b.jpg,70,rasgulla,train
/kaggle/input/datasets/iamsouravbanerjee/indian-food-images-dataset/Indian Food Images/Indian Food Images/rasgulla/08cca5782a.jpg,70,rasgulla,train
/kaggle/input/datasets/iamsouravbanerjee/indian-food-images-dataset/Indian Food Images/Indian Food Images/rasgulla/11a818e3f6.jpg,70,rasgulla,train
/kaggle/input/datasets/iamsouravbanerjee/indian-food-images-dataset/Indian Food Images/Indian Food Images/rasgulla/12dace47fc.jpg,70,rasgulla,train
/kaggle/input/datasets/iamsouravbanerjee/indian-food-images-dataset/Indian Food Images/Indian Food Images/rasgulla/15e2514789.jpg,70,rasgulla,train
/kaggle/input/datasets/iamsouravbanerjee/indian-food-images-dataset/Indian Food Images/Indian Food Images/rasgulla/15f52d7785.jpg,70,rasgulla,train
/kaggle/input/datasets/iamsouravbanerjee/indian-food-images-dataset/Indian Food Images/Indian Food Images/rasgulla/1b02eccfbe.jpg,70,rasgulla,train
/kaggle/input/datasets/iamsouravbanerjee/indian-food-images-dataset/Indian Food Images/Indian Food Images/rasgulla/1dbc60a00c.jpg,70,rasgulla,train
/kaggle/input/datasets/iamsouravbanerjee/indian-food-images-dataset/Indian Food Images/Indian Food Images/rasgulla/1e3f3359d5.jpg,70,rasgulla,train
/kaggle/input/datasets/iamsouravbanerjee/indian-food-images-dataset/Indian Food Images/Indian Food Images/rasgulla/2ce50a96d1.jpg,70,rasgulla,train
/kaggle/input/datasets/iamsouravbanerjee/indian-food-images-dataset/Indian Food Images/Indian Food Images/rasgulla/2fff4054b6.jpg,70,rasgulla,train
/kaggle/input/datasets/iamsouravbanerjee/indian-food-images-dataset/Indian Food Images/Indian Food Images/rasgulla/3a1266de50.jpg,70,rasgulla,train
/kaggle/input/datasets/iamsouravbanerjee/indian-food-images-dataset/Indian Food Images/Indian Food Images/rasgulla/3a4924c5f0.jpg,70,rasgulla,train
/kaggle/input/datasets/iamsouravbanerjee/indian-food-images-dataset/Indian Food Images/Indian Food Images/rasgulla/3ac546bb60.jpg,70,rasgulla,train
/kaggle/input/datasets/iamsouravbanerjee/indian-food-images-dataset/Indian Food Images/Indian Food Images/rasgulla/3b11e111b7.jpg,70,rasgulla,train
/kaggle/input/datasets/iamsouravbanerjee/indian-food-images-dataset/Indian Food Images/Indian Food Images/rasgulla/3c22b84dd9.jpg,70,rasgulla,train
/kaggle/input/datasets/iamsouravbanerjee/indian-food-images-dataset/Indian Food Images/Indian Food Images/rasgulla/3d24434b7a.jpg,70,rasgulla,train
/kaggle/input/datasets/iamsouravbanerjee/indian-food-images-dataset/Indian Food Images/Indian Food Images/rasgulla/3d4802b49c.jpg,70,rasgulla,train
/kaggle/input/datasets/iamsouravbanerjee/indian-food-images-dataset/Indian Food Images/Indian Food Images/rasgulla/3e474c7fa0.jpg,70,rasgulla,train
/kaggle/input/datasets/iamsouravbanerjee/indian-food-images-dataset/Indian Food Images/Indian Food Images/rasgulla/3fa1c081db.jpg,70,rasgulla,train
/kaggle/input/datasets/iamsouravbanerjee/indian-food-images-dataset/Indian Food Images/Indian Food Images/rasgulla/4efcadced4.jpg,70,rasgulla,train
/kaggle/input/datasets/iamsouravbanerjee/indian-food-images-dataset/Indian Food Images/Indian Food Images/rasgulla/55aa0e6d96.jpg,70,rasgulla,train
/kaggle/input/datasets/iamsouravbanerjee/indian-food-images-dataset/Indian Food Images/Indian Food Images/rasgulla/55f603e47f.jpg,70,rasgulla,train
/kaggle/input/datasets/iamsouravbanerjee/indian-food-images-dataset/Indian Food Images/Indian Food Images/rasgulla/5a200c3472.jpg,70,rasgulla,train
/kaggle/input/datasets/iamsouravbanerjee/indian-food-images-dataset/Indian Food Images/Indian Food Images/rasgulla/5cd440e52d.jpg,70,rasgulla,train
/kaggle/input/datasets/iamsouravbanerjee/indian-food-images-dataset/Indian Food Images/Indian Food Images/rasgulla/5f675d88e0.jpg,70,rasgulla,train
/kaggle/input/datasets/iamsouravbanerjee/indian-food-images-dataset/Indian Food Images/Indian Food Images/rasgulla/67a0b5d362.jpg,70,rasgulla,train
/kaggle/input/datasets/iamsouravbanerjee/indian-food-images-dataset/Indian Food Images/Indian Food Images/rasgulla/69dd42b748.jpg,70,rasgulla,train
/kaggle/input/datasets/iamsouravbanerjee/indian-food-images-dataset/Indian Food Images/Indian Food Images/rasgulla/6aa91b4eea.jpg,70,rasgulla,train
/kaggle/input/datasets/iamsouravbanerjee/indian-food-images-dataset/Indian Food Images/Indian Food Images/rasgulla/6ac863dbb4.jpg,70,rasgulla,train
/kaggle/input/datasets/iamsouravbanerjee/indian-food-images-dataset/Indian Food Images/Indian Food Images/rasgulla/6d71ed5332.jpg,70,rasgulla,train
/kaggle/input/datasets/iamsouravbanerjee/indian-food-images-dataset/Indian Food Images/Indian Food Images/rasgulla/6d92c18226.jpg,70,rasgulla,train
/kaggle/input/datasets/iamsouravbanerjee/indian-food-images-dataset/Indian Food Images/Indian Food Images/rasgulla/6e370baada.jpg,70,rasgulla,train
/kaggle/input/datasets/iamsouravbanerjee/indian-food-images-dataset/Indian Food Images/Indian Food Images/sandesh/00a3969131.jpg,71,sandesh,train
/kaggle/input/datasets/iamsouravbanerjee/indian-food-images-dataset/Indian Food Images/Indian Food Images/sandesh/07cab2b323.jpg,71,sandesh,train
/kaggle/input/datasets/iamsouravbanerjee/indian-food-images-dataset/Indian Food Images/Indian Food Images/sandesh/07e2d36ebc.jpg,71,sandesh,train
/kaggle/input/datasets/iamsouravbanerjee/indian-food-images-dataset/Indian Food Images/Indian Food Images/sandesh/0a06dfa719.jpg,71,sandesh,train
/kaggle/input/datasets/iamsouravbanerjee/indian-food-images-dataset/Indian Food Images/Indian Food Images/sandesh/0a1d8d6124.jpg,71,sandesh,train
/kaggle/input/datasets/iamsouravbanerjee/indian-food-images-dataset/Indian Food Images/Indian Food Images/sandesh/0aa9a3a768.jpg,71,sandesh,train
/kaggle/input/datasets/iamsouravbanerjee/indian-food-images-dataset/Indian Food Images/Indian Food Images/sandesh/0de59f4cbc.jpg,71,sandesh,train
/kaggle/input/datasets/iamsouravbanerjee/indian-food-images-dataset/Indian Food Images/Indian Food Images/sandesh/0f0b55a701.jpg,71,sandesh,train
/kaggle/input/datasets/iamsouravbanerjee/indian-food-images-dataset/Indian Food Images/Indian Food Images/sandesh/0f3175ce66.jpg,71,sandesh,train
/kaggle/input/datasets/iamsouravbanerjee/indian-food-images-dataset/Indian Food Images/Indian Food Images/sandesh/13b2c35930.jpg,71,sandesh,train
/kaggle/input/datasets/iamsouravbanerjee/indian-food-images-dataset/Indian Food Images/Indian Food Images/sandesh/15ce2c0fc0.jpg,71,sandesh,train
/kaggle/input/datasets/iamsouravbanerjee/indian-food-images-dataset/Indian Food Images/Indian Food Images/sandesh/16e9358433.jpg,71,sandesh,train
/kaggle/input/datasets/iamsouravbanerjee/indian-food-images-dataset/Indian Food Images/Indian Food Images/sandesh/1b6c65fc85.jpg,71,sandesh,train
/kaggle/input/datasets/iamsouravbanerjee/indian-food-images-dataset/Indian Food Images/Indian Food Images/sandesh/1cb51aaf1e.jpg,71,sandesh,train
/kaggle/input/datasets/iamsouravbanerjee/indian-food-images-dataset/Indian Food Images/Indian Food Images/sandesh/1d4b423cc4.jpg,71,sandesh,train
/kaggle/input/datasets/iamsouravbanerjee/indian-food-images-dataset/Indian Food Images/Indian Food Images/sandesh/1dc0a68931.jpg,71,sandesh,train
/kaggle/input/datasets/iamsouravbanerjee/indian-food-images-dataset/Indian Food Images/Indian Food Images/sandesh/1fa07f3678.jpg,71,sandesh,train
/kaggle/input/datasets/iamsouravbanerjee/indian-food-images-dataset/Indian Food Images/Indian Food Images/sandesh/24f8abeb1b.jpg,71,sandesh,train
/kaggle/input/datasets/iamsouravbanerjee/indian-food-images-dataset/Indian Food Images/Indian Food Images/sandesh/26e79a21ba.jpg,71,sandesh,train
/kaggle/input/datasets/iamsouravbanerjee/indian-food-images-dataset/Indian Food Images/Indian Food Images/sandesh/2c59e6c870.jpg,71,sandesh,train
/kaggle/input/datasets/iamsouravbanerjee/indian-food-images-dataset/Indian Food Images/Indian Food Images/sandesh/3afe15b371.jpg,71,sandesh,train
/kaggle/input/datasets/iamsouravbanerjee/indian-food-images-dataset/Indian Food Images/Indian Food Images/sandesh/3eb70b5763.jpg,71,sandesh,train
/kaggle/input/datasets/iamsouravbanerjee/indian-food-images-dataset/Indian Food Images/Indian Food Images/sandesh/3f8e1f3292.jpg,71,sandesh,train
/kaggle/input/datasets/iamsouravbanerjee/indian-food-images-dataset/Indian Food Images/Indian Food Images/sandesh/3ff5e2f42f.jpg,71,sandesh,train
/kaggle/input/datasets/iamsouravbanerjee/indian-food-images-dataset/Indian Food Images/Indian Food Images/sandesh/4b4a8b808b.jpg,71,sandesh,train
/kaggle/input/datasets/iamsouravbanerjee/indian-food-images-dataset/Indian Food Images/Indian Food Images/sandesh/4c3e2f8b81.jpg,71,sandesh,train
/kaggle/input/datasets/iamsouravbanerjee/indian-food-images-dataset/Indian Food Images/Indian Food Images/sandesh/4c5181dbcb.jpg,71,sandesh,train
/kaggle/input/datasets/iamsouravbanerjee/indian-food-images-dataset/Indian Food Images/Indian Food Images/sandesh/4c99a589fe.jpg,71,sandesh,train
/kaggle/input/datasets/iamsouravbanerjee/indian-food-images-dataset/Indian Food Images/Indian Food Images/sandesh/4cf11fa775.jpg,71,sandesh,train
/kaggle/input/datasets/iamsouravbanerjee/indian-food-images-dataset/Indian Food Images/Indian Food Images/sandesh/4ebd9a49d3.jpg,71,sandesh,train
/kaggle/input/datasets/iamsouravbanerjee/indian-food-images-dataset/Indian Food Images/Indian Food Images/sandesh/5a25c8cffe.jpg,71,sandesh,train
/kaggle/input/datasets/iamsouravbanerjee/indian-food-images-dataset/Indian Food Images/Indian Food Images/sandesh/5a4e6f3785.jpg,71,sandesh,train
/kaggle/input/datasets/iamsouravbanerjee/indian-food-images-dataset/Indian Food Images/Indian Food Images/sandesh/5bef35ceb7.jpg,71,sandesh,train
/kaggle/input/datasets/iamsouravbanerjee/indian-food-images-dataset/Indian Food Images/Indian Food Images/sandesh/5c1dc0509a.jpg,71,sandesh,train
/kaggle/input/datasets/iamsouravbanerjee/indian-food-images-dataset/Indian Food Images/Indian Food Images/sandesh/5c6da8a79d.jpg,71,sandesh,train
/kaggle/input/datasets/iamsouravbanerjee/indian-food-images-dataset/Indian Food Images/Indian Food Images/shankarpali/04bb331fde.jpg,72,shankarpali,train
/kaggle/input/datasets/iamsouravbanerjee/indian-food-images-dataset/Indian Food Images/Indian Food Images/shankarpali/05c3301430.jpg,72,shankarpali,train
/kaggle/input/datasets/iamsouravbanerjee/indian-food-images-dataset/Indian Food Images/Indian Food Images/shankarpali/0b00623456.jpg,72,shankarpali,train
/kaggle/input/datasets/iamsouravbanerjee/indian-food-images-dataset/Indian Food Images/Indian Food Images/shankarpali/0bdde55b39.jpg,72,shankarpali,train
/kaggle/input/datasets/iamsouravbanerjee/indian-food-images-dataset/Indian Food Images/Indian Food Images/shankarpali/0bf225f3c4.jpg,72,shankarpali,train
/kaggle/input/datasets/iamsouravbanerjee/indian-food-images-dataset/Indian Food Images/Indian Food Images/shankarpali/0c4e051ac6.jpg,72,shankarpali,train
/kaggle/input/datasets/iamsouravbanerjee/indian-food-images-dataset/Indian Food Images/Indian Food Images/shankarpali/0c7d9ec8ba.jpg,72,shankarpali,train
/kaggle/input/datasets/iamsouravbanerjee/indian-food-images-dataset/Indian Food Images/Indian Food Images/shankarpali/0ca138ab15.jpg,72,shankarpali,train
/kaggle/input/datasets/iamsouravbanerjee/indian-food-images-dataset/Indian Food Images/Indian Food Images/shankarpali/0d9b22e84f.jpg,72,shankarpali,train
/kaggle/input/datasets/iamsouravbanerjee/indian-food-images-dataset/Indian Food Images/Indian Food Images/shankarpali/0e08640c1f.jpg,72,shankarpali,train
/kaggle/input/datasets/iamsouravbanerjee/indian-food-images-dataset/Indian Food Images/Indian Food Images/shankarpali/1abf0dac42.jpg,72,shankarpali,train
/kaggle/input/datasets/iamsouravbanerjee/indian-food-images-dataset/Indian Food Images/Indian Food Images/shankarpali/1cee05c1c3.jpg,72,shankarpali,train
/kaggle/input/datasets/iamsouravbanerjee/indian-food-images-dataset/Indian Food Images/Indian Food Images/shankarpali/1ddd96a6bb.jpg,72,shankarpali,train
/kaggle/input/datasets/iamsouravbanerjee/indian-food-images-dataset/Indian Food Images/Indian Food Images/shankarpali/1ebac58b66.jpg,72,shankarpali,train
/kaggle/input/datasets/iamsouravbanerjee/indian-food-images-dataset/Indian Food Images/Indian Food Images/shankarpali/1ffb5b0d6a.jpg,72,shankarpali,train
/kaggle/input/datasets/iamsouravbanerjee/indian-food-images-dataset/Indian Food Images/Indian Food Images/shankarpali/26f3306bbd.jpg,72,shankarpali,train
/kaggle/input/datasets/iamsouravbanerjee/indian-food-images-dataset/Indian Food Images/Indian Food Images/shankarpali/2e53fc5804.jpg,72,shankarpali,train
/kaggle/input/datasets/iamsouravbanerjee/indian-food-images-dataset/Indian Food Images/Indian Food Images/shankarpali/2ed8e49acf.jpg,72,shankarpali,train
/kaggle/input/datasets/iamsouravbanerjee/indian-food-images-dataset/Indian Food Images/Indian Food Images/shankarpali/33ba3f2bfb.jpg,72,shankarpali,train
/kaggle/input/datasets/iamsouravbanerjee/indian-food-images-dataset/Indian Food Images/Indian Food Images/shankarpali/33c596844d.jpg,72,shankarpali,train
/kaggle/input/datasets/iamsouravbanerjee/indian-food-images-dataset/Indian Food Images/Indian Food Images/shankarpali/35fe0ed3f0.jpg,72,shankarpali,train
/kaggle/input/datasets/iamsouravbanerjee/indian-food-images-dataset/Indian Food Images/Indian Food Images/shankarpali/38d157f251.jpg,72,shankarpali,train
/kaggle/input/datasets/iamsouravbanerjee/indian-food-images-dataset/Indian Food Images/Indian Food Images/shankarpali/3a80394470.jpg,72,shankarpali,train
/kaggle/input/datasets/iamsouravbanerjee/indian-food-images-dataset/Indian Food Images/Indian Food Images/shankarpali/3b4e9e7b19.jpg,72,shankarpali,train
/kaggle/input/datasets/iamsouravbanerjee/indian-food-images-dataset/Indian Food Images/Indian Food Images/shankarpali/3e8681c44d.jpg,72,shankarpali,train
/kaggle/input/datasets/iamsouravbanerjee/indian-food-images-dataset/Indian Food Images/Indian Food Images/shankarpali/3f278971cb.jpg,72,shankarpali,train
/kaggle/input/datasets/iamsouravbanerjee/indian-food-images-dataset/Indian Food Images/Indian Food Images/shankarpali/3f8aa8bd7b.jpg,72,shankarpali,train
/kaggle/input/datasets/iamsouravbanerjee/indian-food-images-dataset/Indian Food Images/Indian Food Images/shankarpali/40ccbb35d5.jpg,72,shankarpali,train
/kaggle/input/datasets/iamsouravbanerjee/indian-food-images-dataset/Indian Food Images/Indian Food Images/shankarpali/42e308ccca.jpg,72,shankarpali,train
/kaggle/input/datasets/iamsouravbanerjee/indian-food-images-dataset/Indian Food Images/Indian Food Images/shankarpali/4a4702dfb1.jpg,72,shankarpali,train
/kaggle/input/datasets/iamsouravbanerjee/indian-food-images-dataset/Indian Food Images/Indian Food Images/shankarpali/4c890843b5.jpg,72,shankarpali,train
/kaggle/input/datasets/iamsouravbanerjee/indian-food-images-dataset/Indian Food Images/Indian Food Images/shankarpali/4cfbab6e98.jpg,72,shankarpali,train
/kaggle/input/datasets/iamsouravbanerjee/indian-food-images-dataset/Indian Food Images/Indian Food Images/shankarpali/5bcba30609.jpg,72,shankarpali,train
/kaggle/input/datasets/iamsouravbanerjee/indian-food-images-dataset/Indian Food Images/Indian Food Images/shankarpali/5cf4f5dccb.jpg,72,shankarpali,train
/kaggle/input/datasets/iamsouravbanerjee/indian-food-images-dataset/Indian Food Images/Indian Food Images/shankarpali/6b799728a3.jpg,72,shankarpali,train
/kaggle/input/datasets/iamsouravbanerjee/indian-food-images-dataset/Indian Food Images/Indian Food Images/sheer_korma/02f5027bbc.jpg,73,sheer_korma,train
/kaggle/input/datasets/iamsouravbanerjee/indian-food-images-dataset/Indian Food Images/Indian Food Images/sheer_korma/06e4829858.jpg,73,sheer_korma,train
/kaggle/input/datasets/iamsouravbanerjee/indian-food-images-dataset/Indian Food Images/Indian Food Images/sheer_korma/07a5773e7e.jpg,73,sheer_korma,train
/kaggle/input/datasets/iamsouravbanerjee/indian-food-images-dataset/Indian Food Images/Indian Food Images/sheer_korma/0a537265f1.jpg,73,sheer_korma,train
/kaggle/input/datasets/iamsouravbanerjee/indian-food-images-dataset/Indian Food Images/Indian Food Images/sheer_korma/0b31c7c40f.jpg,73,sheer_korma,train
/kaggle/input/datasets/iamsouravbanerjee/indian-food-images-dataset/Indian Food Images/Indian Food Images/sheer_korma/0c74fbfe81.jpg,73,sheer_korma,train
/kaggle/input/datasets/iamsouravbanerjee/indian-food-images-dataset/Indian Food Images/Indian Food Images/sheer_korma/0d78a82637.jpg,73,sheer_korma,train
/kaggle/input/datasets/iamsouravbanerjee/indian-food-images-dataset/Indian Food Images/Indian Food Images/sheer_korma/0d7c015a6c.jpg,73,sheer_korma,train
/kaggle/input/datasets/iamsouravbanerjee/indian-food-images-dataset/Indian Food Images/Indian Food Images/sheer_korma/0e5a62c5f7.jpg,73,sheer_korma,train
/kaggle/input/datasets/iamsouravbanerjee/indian-food-images-dataset/Indian Food Images/Indian Food Images/sheer_korma/0e7e856044.jpg,73,sheer_korma,train
/kaggle/input/datasets/iamsouravbanerjee/indian-food-images-dataset/Indian Food Images/Indian Food Images/sheer_korma/19df78dead.jpg,73,sheer_korma,train
/kaggle/input/datasets/iamsouravbanerjee/indian-food-images-dataset/Indian Food Images/Indian Food Images/sheer_korma/19f71ebedd.jpg,73,sheer_korma,train
/kaggle/input/datasets/iamsouravbanerjee/indian-food-images-dataset/Indian Food Images/Indian Food Images/sheer_korma/1adc7c165e.jpg,73,sheer_korma,train
/kaggle/input/datasets/iamsouravbanerjee/indian-food-images-dataset/Indian Food Images/Indian Food Images/sheer_korma/1b5c37a3e8.jpg,73,sheer_korma,train
/kaggle/input/datasets/iamsouravbanerjee/indian-food-images-dataset/Indian Food Images/Indian Food Images/sheer_korma/1d0397ff69.jpg,73,sheer_korma,train
/kaggle/input/datasets/iamsouravbanerjee/indian-food-images-dataset/Indian Food Images/Indian Food Images/sheer_korma/27fe9072b3.jpg,73,sheer_korma,train
/kaggle/input/datasets/iamsouravbanerjee/indian-food-images-dataset/Indian Food Images/Indian Food Images/sheer_korma/2a92210a65.jpg,73,sheer_korma,train
/kaggle/input/datasets/iamsouravbanerjee/indian-food-images-dataset/Indian Food Images/Indian Food Images/sheer_korma/2ad74c4a5a.jpg,73,sheer_korma,train
/kaggle/input/datasets/iamsouravbanerjee/indian-food-images-dataset/Indian Food Images/Indian Food Images/sheer_korma/2b0dbbb016.jpg,73,sheer_korma,train
/kaggle/input/datasets/iamsouravbanerjee/indian-food-images-dataset/Indian Food Images/Indian Food Images/sheer_korma/2f4b330223.jpg,73,sheer_korma,train
/kaggle/input/datasets/iamsouravbanerjee/indian-food-images-dataset/Indian Food Images/Indian Food Images/sheer_korma/2f84119dc3.jpg,73,sheer_korma,train
/kaggle/input/datasets/iamsouravbanerjee/indian-food-images-dataset/Indian Food Images/Indian Food Images/sheer_korma/35d616b41c.jpg,73,sheer_korma,train
/kaggle/input/datasets/iamsouravbanerjee/indian-food-images-dataset/Indian Food Images/Indian Food Images/sheer_korma/3e457665ae.jpg,73,sheer_korma,train
/kaggle/input/datasets/iamsouravbanerjee/indian-food-images-dataset/Indian Food Images/Indian Food Images/sheer_korma/3f271c68f4.jpg,73,sheer_korma,train
/kaggle/input/datasets/iamsouravbanerjee/indian-food-images-dataset/Indian Food Images/Indian Food Images/sheer_korma/40b846eebc.jpg,73,sheer_korma,train
/kaggle/input/datasets/iamsouravbanerjee/indian-food-images-dataset/Indian Food Images/Indian Food Images/sheer_korma/4b817f4ba2.jpg,73,sheer_korma,train
/kaggle/input/datasets/iamsouravbanerjee/indian-food-images-dataset/Indian Food Images/Indian Food Images/sheer_korma/4c18fbcdcc.jpg,73,sheer_korma,train
/kaggle/input/datasets/iamsouravbanerjee/indian-food-images-dataset/Indian Food Images/Indian Food Images/sheer_korma/4c9bc348ab.jpg,73,sheer_korma,train
/kaggle/input/datasets/iamsouravbanerjee/indian-food-images-dataset/Indian Food Images/Indian Food Images/sheer_korma/4ce0494bf8.jpg,73,sheer_korma,train
/kaggle/input/datasets/iamsouravbanerjee/indian-food-images-dataset/Indian Food Images/Indian Food Images/sheer_korma/4dbc1669fc.jpg,73,sheer_korma,train
/kaggle/input/datasets/iamsouravbanerjee/indian-food-images-dataset/Indian Food Images/Indian Food Images/sheer_korma/4f22018a07.jpg,73,sheer_korma,train
/kaggle/input/datasets/iamsouravbanerjee/indian-food-images-dataset/Indian Food Images/Indian Food Images/sheer_korma/5b9b7e35b9.jpg,73,sheer_korma,train
/kaggle/input/datasets/iamsouravbanerjee/indian-food-images-dataset/Indian Food Images/Indian Food Images/sheer_korma/5c8daf364d.jpg,73,sheer_korma,train
/kaggle/input/datasets/iamsouravbanerjee/indian-food-images-dataset/Indian Food Images/Indian Food Images/sheer_korma/5e1e5399fe.jpg,73,sheer_korma,train
/kaggle/input/datasets/iamsouravbanerjee/indian-food-images-dataset/Indian Food Images/Indian Food Images/sheer_korma/6bf24d7320.jpg,73,sheer_korma,train
/kaggle/input/datasets/iamsouravbanerjee/indian-food-images-dataset/Indian Food Images/Indian Food Images/sheera/009bf8eb7d.jpg,74,sheera,train
/kaggle/input/datasets/iamsouravbanerjee/indian-food-images-dataset/Indian Food Images/Indian Food Images/sheera/02aac1d589.jpg,74,sheera,train
/kaggle/input/datasets/iamsouravbanerjee/indian-food-images-dataset/Indian Food Images/Indian Food Images/sheera/05bc4fffd1.jpg,74,sheera,train
/kaggle/input/datasets/iamsouravbanerjee/indian-food-images-dataset/Indian Food Images/Indian Food Images/sheera/06cdabe7cb.jpg,74,sheera,train
/kaggle/input/datasets/iamsouravbanerjee/indian-food-images-dataset/Indian Food Images/Indian Food Images/sheera/09afaaeef2.jpg,74,sheera,train
/kaggle/input/datasets/iamsouravbanerjee/indian-food-images-dataset/Indian Food Images/Indian Food Images/sheera/0d0a2454d9.jpg,74,sheera,train
/kaggle/input/datasets/iamsouravbanerjee/indian-food-images-dataset/Indian Food Images/Indian Food Images/sheera/0e453fb121.jpg,74,sheera,train
/kaggle/input/datasets/iamsouravbanerjee/indian-food-images-dataset/Indian Food Images/Indian Food Images/sheera/0e661d4b4d.jpg,74,sheera,train
/kaggle/input/datasets/iamsouravbanerjee/indian-food-images-dataset/Indian Food Images/Indian Food Images/sheera/12a0916464.jpg,74,sheera,train
/kaggle/input/datasets/iamsouravbanerjee/indian-food-images-dataset/Indian Food Images/Indian Food Images/sheera/13bd88990a.jpg,74,sheera,train
/kaggle/input/datasets/iamsouravbanerjee/indian-food-images-dataset/Indian Food Images/Indian Food Images/sheera/14d717de86.jpg,74,sheera,train
/kaggle/input/datasets/iamsouravbanerjee/indian-food-images-dataset/Indian Food Images/Indian Food Images/sheera/16f44392a2.jpg,74,sheera,train
/kaggle/input/datasets/iamsouravbanerjee/indian-food-images-dataset/Indian Food Images/Indian Food Images/sheera/1b6860747f.jpg,74,sheera,train
/kaggle/input/datasets/iamsouravbanerjee/indian-food-images-dataset/Indian Food Images/Indian Food Images/sheera/1f7d159f91.jpg,74,sheera,train
/kaggle/input/datasets/iamsouravbanerjee/indian-food-images-dataset/Indian Food Images/Indian Food Images/sheera/24e2db2098.jpg,74,sheera,train
/kaggle/input/datasets/iamsouravbanerjee/indian-food-images-dataset/Indian Food Images/Indian Food Images/sheera/29a306fa6e.jpg,74,sheera,train
/kaggle/input/datasets/iamsouravbanerjee/indian-food-images-dataset/Indian Food Images/Indian Food Images/sheera/2a7dcc9088.jpg,74,sheera,train
/kaggle/input/datasets/iamsouravbanerjee/indian-food-images-dataset/Indian Food Images/Indian Food Images/sheera/34e7c8ab2b.jpg,74,sheera,train
/kaggle/input/datasets/iamsouravbanerjee/indian-food-images-dataset/Indian Food Images/Indian Food Images/sheera/35aec476cd.jpg,74,sheera,train
/kaggle/input/datasets/iamsouravbanerjee/indian-food-images-dataset/Indian Food Images/Indian Food Images/sheera/3a9c701a50.jpg,74,sheera,train
/kaggle/input/datasets/iamsouravbanerjee/indian-food-images-dataset/Indian Food Images/Indian Food Images/sheera/3c9922a3ba.jpg,74,sheera,train
/kaggle/input/datasets/iamsouravbanerjee/indian-food-images-dataset/Indian Food Images/Indian Food Images/sheera/43cd458ac5.jpg,74,sheera,train
/kaggle/input/datasets/iamsouravbanerjee/indian-food-images-dataset/Indian Food Images/Indian Food Images/sheera/47b728f49c.jpg,74,sheera,train
/kaggle/input/datasets/iamsouravbanerjee/indian-food-images-dataset/Indian Food Images/Indian Food Images/sheera/48a2b5d7e6.jpg,74,sheera,train
/kaggle/input/datasets/iamsouravbanerjee/indian-food-images-dataset/Indian Food Images/Indian Food Images/sheera/4b5a6b2636.jpg,74,sheera,train
/kaggle/input/datasets/iamsouravbanerjee/indian-food-images-dataset/Indian Food Images/Indian Food Images/sheera/4d2400684c.jpg,74,sheera,train
/kaggle/input/datasets/iamsouravbanerjee/indian-food-images-dataset/Indian Food Images/Indian Food Images/sheera/4d8a19ddc2.jpg,74,sheera,train
/kaggle/input/datasets/iamsouravbanerjee/indian-food-images-dataset/Indian Food Images/Indian Food Images/sheera/4fc39c34b8.jpg,74,sheera,train
/kaggle/input/datasets/iamsouravbanerjee/indian-food-images-dataset/Indian Food Images/Indian Food Images/sheera/5aa53f3cc2.jpg,74,sheera,train
/kaggle/input/datasets/iamsouravbanerjee/indian-food-images-dataset/Indian Food Images/Indian Food Images/sheera/5bcf64ab96.jpg,74,sheera,train
/kaggle/input/datasets/iamsouravbanerjee/indian-food-images-dataset/Indian Food Images/Indian Food Images/sheera/5db00ee48f.jpg,74,sheera,train
/kaggle/input/datasets/iamsouravbanerjee/indian-food-images-dataset/Indian Food Images/Indian Food Images/sheera/5e936c46fd.jpg,74,sheera,train
/kaggle/input/datasets/iamsouravbanerjee/indian-food-images-dataset/Indian Food Images/Indian Food Images/sheera/5f1d88c738.jpg,74,sheera,train
/kaggle/input/datasets/iamsouravbanerjee/indian-food-images-dataset/Indian Food Images/Indian Food Images/sheera/5f73b643d1.jpg,74,sheera,train
/kaggle/input/datasets/iamsouravbanerjee/indian-food-images-dataset/Indian Food Images/Indian Food Images/sheera/5fc323039a.jpg,74,sheera,train
/kaggle/input/datasets/iamsouravbanerjee/indian-food-images-dataset/Indian Food Images/Indian Food Images/shrikhand/00f66867e6.jpg,75,shrikhand,train
/kaggle/input/datasets/iamsouravbanerjee/indian-food-images-dataset/Indian Food Images/Indian Food Images/shrikhand/039dc2d39d.jpg,75,shrikhand,train
/kaggle/input/datasets/iamsouravbanerjee/indian-food-images-dataset/Indian Food Images/Indian Food Images/shrikhand/03cab84ede.jpg,75,shrikhand,train
/kaggle/input/datasets/iamsouravbanerjee/indian-food-images-dataset/Indian Food Images/Indian Food Images/shrikhand/04efafdc91.jpg,75,shrikhand,train
/kaggle/input/datasets/iamsouravbanerjee/indian-food-images-dataset/Indian Food Images/Indian Food Images/shrikhand/054bac9ae4.jpg,75,shrikhand,train
/kaggle/input/datasets/iamsouravbanerjee/indian-food-images-dataset/Indian Food Images/Indian Food Images/shrikhand/0ad00b51fb.jpg,75,shrikhand,train
/kaggle/input/datasets/iamsouravbanerjee/indian-food-images-dataset/Indian Food Images/Indian Food Images/shrikhand/0b5499899b.jpg,75,shrikhand,train
/kaggle/input/datasets/iamsouravbanerjee/indian-food-images-dataset/Indian Food Images/Indian Food Images/shrikhand/0b96a122cc.jpg,75,shrikhand,train
/kaggle/input/datasets/iamsouravbanerjee/indian-food-images-dataset/Indian Food Images/Indian Food Images/shrikhand/0dccbc7fd3.jpg,75,shrikhand,train
/kaggle/input/datasets/iamsouravbanerjee/indian-food-images-dataset/Indian Food Images/Indian Food Images/shrikhand/0fa5d49588.jpg,75,shrikhand,train
/kaggle/input/datasets/iamsouravbanerjee/indian-food-images-dataset/Indian Food Images/Indian Food Images/shrikhand/1c7e06d5f2.jpg,75,shrikhand,train
/kaggle/input/datasets/iamsouravbanerjee/indian-food-images-dataset/Indian Food Images/Indian Food Images/shrikhand/20c9f27136.jpg,75,shrikhand,train
/kaggle/input/datasets/iamsouravbanerjee/indian-food-images-dataset/Indian Food Images/Indian Food Images/shrikhand/21a946c488.jpg,75,shrikhand,train
/kaggle/input/datasets/iamsouravbanerjee/indian-food-images-dataset/Indian Food Images/Indian Food Images/shrikhand/2aa3613ac4.jpg,75,shrikhand,train
/kaggle/input/datasets/iamsouravbanerjee/indian-food-images-dataset/Indian Food Images/Indian Food Images/shrikhand/2af4c2f984.jpg,75,shrikhand,train
/kaggle/input/datasets/iamsouravbanerjee/indian-food-images-dataset/Indian Food Images/Indian Food Images/shrikhand/2d83e108a0.jpg,75,shrikhand,train
/kaggle/input/datasets/iamsouravbanerjee/indian-food-images-dataset/Indian Food Images/Indian Food Images/shrikhand/2ed753583a.jpg,75,shrikhand,train
/kaggle/input/datasets/iamsouravbanerjee/indian-food-images-dataset/Indian Food Images/Indian Food Images/shrikhand/37ef80d5ef.jpg,75,shrikhand,train
/kaggle/input/datasets/iamsouravbanerjee/indian-food-images-dataset/Indian Food Images/Indian Food Images/shrikhand/39d394a302.jpg,75,shrikhand,train
/kaggle/input/datasets/iamsouravbanerjee/indian-food-images-dataset/Indian Food Images/Indian Food Images/shrikhand/3a9fedae8b.jpg,75,shrikhand,train
/kaggle/input/datasets/iamsouravbanerjee/indian-food-images-dataset/Indian Food Images/Indian Food Images/shrikhand/3b1ae8ca64.jpg,75,shrikhand,train
/kaggle/input/datasets/iamsouravbanerjee/indian-food-images-dataset/Indian Food Images/Indian Food Images/shrikhand/3b67a1553c.jpg,75,shrikhand,train
/kaggle/input/datasets/iamsouravbanerjee/indian-food-images-dataset/Indian Food Images/Indian Food Images/shrikhand/45b5b09643.jpg,75,shrikhand,train
/kaggle/input/datasets/iamsouravbanerjee/indian-food-images-dataset/Indian Food Images/Indian Food Images/shrikhand/45eda64203.jpg,75,shrikhand,train
/kaggle/input/datasets/iamsouravbanerjee/indian-food-images-dataset/Indian Food Images/Indian Food Images/shrikhand/4dd9c944e7.jpg,75,shrikhand,train
/kaggle/input/datasets/iamsouravbanerjee/indian-food-images-dataset/Indian Food Images/Indian Food Images/shrikhand/56d75b7810.jpg,75,shrikhand,train
/kaggle/input/datasets/iamsouravbanerjee/indian-food-images-dataset/Indian Food Images/Indian Food Images/shrikhand/5ad9c6d7fb.jpg,75,shrikhand,train
/kaggle/input/datasets/iamsouravbanerjee/indian-food-images-dataset/Indian Food Images/Indian Food Images/shrikhand/5bec13ba0e.jpg,75,shrikhand,train
/kaggle/input/datasets/iamsouravbanerjee/indian-food-images-dataset/Indian Food Images/Indian Food Images/shrikhand/5c1fc527a5.jpg,75,shrikhand,train
/kaggle/input/datasets/iamsouravbanerjee/indian-food-images-dataset/Indian Food Images/Indian Food Images/shrikhand/5c834fc92c.jpg,75,shrikhand,train
/kaggle/input/datasets/iamsouravbanerjee/indian-food-images-dataset/Indian Food Images/Indian Food Images/shrikhand/5ca95ae127.jpg,75,shrikhand,train
/kaggle/input/datasets/iamsouravbanerjee/indian-food-images-dataset/Indian Food Images/Indian Food Images/shrikhand/5e0186349a.jpg,75,shrikhand,train
/kaggle/input/datasets/iamsouravbanerjee/indian-food-images-dataset/Indian Food Images/Indian Food Images/shrikhand/5ebdc198bd.jpg,75,shrikhand,train
/kaggle/input/datasets/iamsouravbanerjee/indian-food-images-dataset/Indian Food Images/Indian Food Images/shrikhand/5f4d926fef.jpg,75,shrikhand,train
/kaggle/input/datasets/iamsouravbanerjee/indian-food-images-dataset/Indian Food Images/Indian Food Images/shrikhand/60b6f628c0.jpg,75,shrikhand,train
/kaggle/input/datasets/iamsouravbanerjee/indian-food-images-dataset/Indian Food Images/Indian Food Images/sohan_halwa/00bdc2d18a.jpg,76,sohan_halwa,train
/kaggle/input/datasets/iamsouravbanerjee/indian-food-images-dataset/Indian Food Images/Indian Food Images/sohan_halwa/07b786a167.jpg,76,sohan_halwa,train
/kaggle/input/datasets/iamsouravbanerjee/indian-food-images-dataset/Indian Food Images/Indian Food Images/sohan_halwa/07cc3f6e00.jpg,76,sohan_halwa,train
/kaggle/input/datasets/iamsouravbanerjee/indian-food-images-dataset/Indian Food Images/Indian Food Images/sohan_halwa/08ee02d60d.jpg,76,sohan_halwa,train
/kaggle/input/datasets/iamsouravbanerjee/indian-food-images-dataset/Indian Food Images/Indian Food Images/sohan_halwa/0dfdb949df.jpg,76,sohan_halwa,train
/kaggle/input/datasets/iamsouravbanerjee/indian-food-images-dataset/Indian Food Images/Indian Food Images/sohan_halwa/0f1e60ab7d.jpg,76,sohan_halwa,train
/kaggle/input/datasets/iamsouravbanerjee/indian-food-images-dataset/Indian Food Images/Indian Food Images/sohan_halwa/1a916d83d0.jpg,76,sohan_halwa,train
/kaggle/input/datasets/iamsouravbanerjee/indian-food-images-dataset/Indian Food Images/Indian Food Images/sohan_halwa/1af28f3833.jpg,76,sohan_halwa,train
/kaggle/input/datasets/iamsouravbanerjee/indian-food-images-dataset/Indian Food Images/Indian Food Images/sohan_halwa/1c5b7807c5.jpg,76,sohan_halwa,train
/kaggle/input/datasets/iamsouravbanerjee/indian-food-images-dataset/Indian Food Images/Indian Food Images/sohan_halwa/1ebb3e2337.jpg,76,sohan_halwa,train
/kaggle/input/datasets/iamsouravbanerjee/indian-food-images-dataset/Indian Food Images/Indian Food Images/sohan_halwa/1f5bbac67e.jpg,76,sohan_halwa,train
/kaggle/input/datasets/iamsouravbanerjee/indian-food-images-dataset/Indian Food Images/Indian Food Images/sohan_halwa/2da1332a02.jpg,76,sohan_halwa,train
/kaggle/input/datasets/iamsouravbanerjee/indian-food-images-dataset/Indian Food Images/Indian Food Images/sohan_halwa/3ba429e7e4.jpg,76,sohan_halwa,train
/kaggle/input/datasets/iamsouravbanerjee/indian-food-images-dataset/Indian Food Images/Indian Food Images/sohan_halwa/3c094379e3.jpg,76,sohan_halwa,train
/kaggle/input/datasets/iamsouravbanerjee/indian-food-images-dataset/Indian Food Images/Indian Food Images/sohan_halwa/3d879a1c94.jpg,76,sohan_halwa,train
/kaggle/input/datasets/iamsouravbanerjee/indian-food-images-dataset/Indian Food Images/Indian Food Images/sohan_halwa/4df5dc689b.jpg,76,sohan_halwa,train
/kaggle/input/datasets/iamsouravbanerjee/indian-food-images-dataset/Indian Food Images/Indian Food Images/sohan_halwa/4ef8941c0b.jpg,76,sohan_halwa,train
/kaggle/input/datasets/iamsouravbanerjee/indian-food-images-dataset/Indian Food Images/Indian Food Images/sohan_halwa/52f9dc1ca4.jpg,76,sohan_halwa,train
/kaggle/input/datasets/iamsouravbanerjee/indian-food-images-dataset/Indian Food Images/Indian Food Images/sohan_halwa/54fc0a5331.jpg,76,sohan_halwa,train
/kaggle/input/datasets/iamsouravbanerjee/indian-food-images-dataset/Indian Food Images/Indian Food Images/sohan_halwa/5caecdffc1.jpg,76,sohan_halwa,train
/kaggle/input/datasets/iamsouravbanerjee/indian-food-images-dataset/Indian Food Images/Indian Food Images/sohan_halwa/5d877f47e9.jpg,76,sohan_halwa,train
/kaggle/input/datasets/iamsouravbanerjee/indian-food-images-dataset/Indian Food Images/Indian Food Images/sohan_halwa/5df6b267c6.jpg,76,sohan_halwa,train
/kaggle/input/datasets/iamsouravbanerjee/indian-food-images-dataset/Indian Food Images/Indian Food Images/sohan_halwa/5f14dce725.jpg,76,sohan_halwa,train
/kaggle/input/datasets/iamsouravbanerjee/indian-food-images-dataset/Indian Food Images/Indian Food Images/sohan_halwa/5f93ac549e.jpg,76,sohan_halwa,train
/kaggle/input/datasets/iamsouravbanerjee/indian-food-images-dataset/Indian Food Images/Indian Food Images/sohan_halwa/5fa321f232.jpg,76,sohan_halwa,train
/kaggle/input/datasets/iamsouravbanerjee/indian-food-images-dataset/Indian Food Images/Indian Food Images/sohan_halwa/60c154a12c.jpg,76,sohan_halwa,train
/kaggle/input/datasets/iamsouravbanerjee/indian-food-images-dataset/Indian Food Images/Indian Food Images/sohan_halwa/60ed1c0134.jpg,76,sohan_halwa,train
/kaggle/input/datasets/iamsouravbanerjee/indian-food-images-dataset/Indian Food Images/Indian Food Images/sohan_halwa/63fca1b3d4.jpg,76,sohan_halwa,train
/kaggle/input/datasets/iamsouravbanerjee/indian-food-images-dataset/Indian Food Images/Indian Food Images/sohan_halwa/67b4e754bc.jpg,76,sohan_halwa,train
/kaggle/input/datasets/iamsouravbanerjee/indian-food-images-dataset/Indian Food Images/Indian Food Images/sohan_halwa/6a4ad2c8ea.jpg,76,sohan_halwa,train
/kaggle/input/datasets/iamsouravbanerjee/indian-food-images-dataset/Indian Food Images/Indian Food Images/sohan_halwa/6a853b01b7.jpg,76,sohan_halwa,train
/kaggle/input/datasets/iamsouravbanerjee/indian-food-images-dataset/Indian Food Images/Indian Food Images/sohan_halwa/6bd74b5d73.jpg,76,sohan_halwa,train
/kaggle/input/datasets/iamsouravbanerjee/indian-food-images-dataset/Indian Food Images/Indian Food Images/sohan_halwa/6cd11735b1.jpg,76,sohan_halwa,train
/kaggle/input/datasets/iamsouravbanerjee/indian-food-images-dataset/Indian Food Images/Indian Food Images/sohan_halwa/6d7ded0af2.jpg,76,sohan_halwa,train
/kaggle/input/datasets/iamsouravbanerjee/indian-food-images-dataset/Indian Food Images/Indian Food Images/sohan_halwa/6db370de6e.jpg,76,sohan_halwa,train
/kaggle/input/datasets/iamsouravbanerjee/indian-food-images-dataset/Indian Food Images/Indian Food Images/sohan_papdi/005a228e0a.jpg,77,sohan_papdi,train
/kaggle/input/datasets/iamsouravbanerjee/indian-food-images-dataset/Indian Food Images/Indian Food Images/sohan_papdi/0117294577.jpg,77,sohan_papdi,train
/kaggle/input/datasets/iamsouravbanerjee/indian-food-images-dataset/Indian Food Images/Indian Food Images/sohan_papdi/026d04b55d.jpg,77,sohan_papdi,train
/kaggle/input/datasets/iamsouravbanerjee/indian-food-images-dataset/Indian Food Images/Indian Food Images/sohan_papdi/02a23f13f0.jpg,77,sohan_papdi,train
/kaggle/input/datasets/iamsouravbanerjee/indian-food-images-dataset/Indian Food Images/Indian Food Images/sohan_papdi/0510f69be1.jpg,77,sohan_papdi,train
/kaggle/input/datasets/iamsouravbanerjee/indian-food-images-dataset/Indian Food Images/Indian Food Images/sohan_papdi/0d1c9cd3aa.jpg,77,sohan_papdi,train
/kaggle/input/datasets/iamsouravbanerjee/indian-food-images-dataset/Indian Food Images/Indian Food Images/sohan_papdi/0df0d6c90d.jpg,77,sohan_papdi,train
/kaggle/input/datasets/iamsouravbanerjee/indian-food-images-dataset/Indian Food Images/Indian Food Images/sohan_papdi/0f364d587b.jpg,77,sohan_papdi,train
/kaggle/input/datasets/iamsouravbanerjee/indian-food-images-dataset/Indian Food Images/Indian Food Images/sohan_papdi/111501bc10.jpg,77,sohan_papdi,train
/kaggle/input/datasets/iamsouravbanerjee/indian-food-images-dataset/Indian Food Images/Indian Food Images/sohan_papdi/133164cd7e.jpg,77,sohan_papdi,train
/kaggle/input/datasets/iamsouravbanerjee/indian-food-images-dataset/Indian Food Images/Indian Food Images/sohan_papdi/19ce664737.jpg,77,sohan_papdi,train
/kaggle/input/datasets/iamsouravbanerjee/indian-food-images-dataset/Indian Food Images/Indian Food Images/sohan_papdi/1ccf78d41c.jpg,77,sohan_papdi,train
/kaggle/input/datasets/iamsouravbanerjee/indian-food-images-dataset/Indian Food Images/Indian Food Images/sohan_papdi/1d1090a82b.jpg,77,sohan_papdi,train
/kaggle/input/datasets/iamsouravbanerjee/indian-food-images-dataset/Indian Food Images/Indian Food Images/sohan_papdi/1fcc32417a.jpg,77,sohan_papdi,train
/kaggle/input/datasets/iamsouravbanerjee/indian-food-images-dataset/Indian Food Images/Indian Food Images/sohan_papdi/24e9c1acf8.jpg,77,sohan_papdi,train
/kaggle/input/datasets/iamsouravbanerjee/indian-food-images-dataset/Indian Food Images/Indian Food Images/sohan_papdi/382cf4fd7d.jpg,77,sohan_papdi,train
/kaggle/input/datasets/iamsouravbanerjee/indian-food-images-dataset/Indian Food Images/Indian Food Images/sohan_papdi/3d10c16be3.jpg,77,sohan_papdi,train
/kaggle/input/datasets/iamsouravbanerjee/indian-food-images-dataset/Indian Food Images/Indian Food Images/sohan_papdi/3fec1f519a.jpg,77,sohan_papdi,train
/kaggle/input/datasets/iamsouravbanerjee/indian-food-images-dataset/Indian Food Images/Indian Food Images/sohan_papdi/41b8c5fe54.jpg,77,sohan_papdi,train
/kaggle/input/datasets/iamsouravbanerjee/indian-food-images-dataset/Indian Food Images/Indian Food Images/sohan_papdi/43b6594f0a.jpg,77,sohan_papdi,train
/kaggle/input/datasets/iamsouravbanerjee/indian-food-images-dataset/Indian Food Images/Indian Food Images/sohan_papdi/43d30a96dd.jpg,77,sohan_papdi,train
/kaggle/input/datasets/iamsouravbanerjee/indian-food-images-dataset/Indian Food Images/Indian Food Images/sohan_papdi/46929492be.jpg,77,sohan_papdi,train
/kaggle/input/datasets/iamsouravbanerjee/indian-food-images-dataset/Indian Food Images/Indian Food Images/sohan_papdi/491ec81712.jpg,77,sohan_papdi,train
/kaggle/input/datasets/iamsouravbanerjee/indian-food-images-dataset/Indian Food Images/Indian Food Images/sohan_papdi/51ffff7cee.jpg,77,sohan_papdi,train
/kaggle/input/datasets/iamsouravbanerjee/indian-food-images-dataset/Indian Food Images/Indian Food Images/sohan_papdi/54bb9120ac.jpg,77,sohan_papdi,train
/kaggle/input/datasets/iamsouravbanerjee/indian-food-images-dataset/Indian Food Images/Indian Food Images/sohan_papdi/571ab4e8a2.jpg,77,sohan_papdi,train
/kaggle/input/datasets/iamsouravbanerjee/indian-food-images-dataset/Indian Food Images/Indian Food Images/sohan_papdi/58dddbc90a.jpg,77,sohan_papdi,train
/kaggle/input/datasets/iamsouravbanerjee/indian-food-images-dataset/Indian Food Images/Indian Food Images/sohan_papdi/5de6171afa.jpg,77,sohan_papdi,train
/kaggle/input/datasets/iamsouravbanerjee/indian-food-images-dataset/Indian Food Images/Indian Food Images/sohan_papdi/5ee0551ef7.jpg,77,sohan_papdi,train
/kaggle/input/datasets/iamsouravbanerjee/indian-food-images-dataset/Indian Food Images/Indian Food Images/sohan_papdi/5f590cd036.jpg,77,sohan_papdi,train
/kaggle/input/datasets/iamsouravbanerjee/indian-food-images-dataset/Indian Food Images/Indian Food Images/sohan_papdi/601c33460e.jpg,77,sohan_papdi,train
/kaggle/input/datasets/iamsouravbanerjee/indian-food-images-dataset/Indian Food Images/Indian Food Images/sohan_papdi/6117ea8125.jpg,77,sohan_papdi,train
/kaggle/input/datasets/iamsouravbanerjee/indian-food-images-dataset/Indian Food Images/Indian Food Images/sohan_papdi/633c99b0e5.jpg,77,sohan_papdi,train
/kaggle/input/datasets/iamsouravbanerjee/indian-food-images-dataset/Indian Food Images/Indian Food Images/sohan_papdi/66ff66b5c9.jpg,77,sohan_papdi,train
/kaggle/input/datasets/iamsouravbanerjee/indian-food-images-dataset/Indian Food Images/Indian Food Images/sohan_papdi/69a7d8f026.jpg,77,sohan_papdi,train
/kaggle/input/datasets/iamsouravbanerjee/indian-food-images-dataset/Indian Food Images/Indian Food Images/sutar_feni/09cb63efd3.jpg,78,sutar_feni,train
/kaggle/input/datasets/iamsouravbanerjee/indian-food-images-dataset/Indian Food Images/Indian Food Images/sutar_feni/09d884b556.jpg,78,sutar_feni,train
/kaggle/input/datasets/iamsouravbanerjee/indian-food-images-dataset/Indian Food Images/Indian Food Images/sutar_feni/0f4bde6167.jpg,78,sutar_feni,train
/kaggle/input/datasets/iamsouravbanerjee/indian-food-images-dataset/Indian Food Images/Indian Food Images/sutar_feni/0f917ae4d7.jpg,78,sutar_feni,train
/kaggle/input/datasets/iamsouravbanerjee/indian-food-images-dataset/Indian Food Images/Indian Food Images/sutar_feni/0fb827d370.jpg,78,sutar_feni,train
/kaggle/input/datasets/iamsouravbanerjee/indian-food-images-dataset/Indian Food Images/Indian Food Images/sutar_feni/14fb193cd8.jpg,78,sutar_feni,train
/kaggle/input/datasets/iamsouravbanerjee/indian-food-images-dataset/Indian Food Images/Indian Food Images/sutar_feni/1a349a1c5c.jpg,78,sutar_feni,train
/kaggle/input/datasets/iamsouravbanerjee/indian-food-images-dataset/Indian Food Images/Indian Food Images/sutar_feni/1b6e9349e2.jpg,78,sutar_feni,train
/kaggle/input/datasets/iamsouravbanerjee/indian-food-images-dataset/Indian Food Images/Indian Food Images/sutar_feni/1bb3e26774.jpg,78,sutar_feni,train
/kaggle/input/datasets/iamsouravbanerjee/indian-food-images-dataset/Indian Food Images/Indian Food Images/sutar_feni/1c8a2552b3.jpg,78,sutar_feni,train
/kaggle/input/datasets/iamsouravbanerjee/indian-food-images-dataset/Indian Food Images/Indian Food Images/sutar_feni/1d25055e62.jpg,78,sutar_feni,train
/kaggle/input/datasets/iamsouravbanerjee/indian-food-images-dataset/Indian Food Images/Indian Food Images/sutar_feni/21ca38c2a8.jpg,78,sutar_feni,train
/kaggle/input/datasets/iamsouravbanerjee/indian-food-images-dataset/Indian Food Images/Indian Food Images/sutar_feni/22e4457158.jpg,78,sutar_feni,train
/kaggle/input/datasets/iamsouravbanerjee/indian-food-images-dataset/Indian Food Images/Indian Food Images/sutar_feni/25b631c9ff.jpg,78,sutar_feni,train
/kaggle/input/datasets/iamsouravbanerjee/indian-food-images-dataset/Indian Food Images/Indian Food Images/sutar_feni/29d8714635.jpg,78,sutar_feni,train
/kaggle/input/datasets/iamsouravbanerjee/indian-food-images-dataset/Indian Food Images/Indian Food Images/sutar_feni/2c48c95f54.jpg,78,sutar_feni,train
/kaggle/input/datasets/iamsouravbanerjee/indian-food-images-dataset/Indian Food Images/Indian Food Images/sutar_feni/2e2f921aa6.jpg,78,sutar_feni,train
/kaggle/input/datasets/iamsouravbanerjee/indian-food-images-dataset/Indian Food Images/Indian Food Images/sutar_feni/2efe234abb.jpg,78,sutar_feni,train
/kaggle/input/datasets/iamsouravbanerjee/indian-food-images-dataset/Indian Food Images/Indian Food Images/sutar_feni/3a80442953.jpg,78,sutar_feni,train
/kaggle/input/datasets/iamsouravbanerjee/indian-food-images-dataset/Indian Food Images/Indian Food Images/sutar_feni/3b5662396c.jpg,78,sutar_feni,train
/kaggle/input/datasets/iamsouravbanerjee/indian-food-images-dataset/Indian Food Images/Indian Food Images/sutar_feni/3c33474db8.jpg,78,sutar_feni,train
/kaggle/input/datasets/iamsouravbanerjee/indian-food-images-dataset/Indian Food Images/Indian Food Images/sutar_feni/3cb905affb.jpg,78,sutar_feni,train
/kaggle/input/datasets/iamsouravbanerjee/indian-food-images-dataset/Indian Food Images/Indian Food Images/sutar_feni/3dba1cb405.jpg,78,sutar_feni,train
/kaggle/input/datasets/iamsouravbanerjee/indian-food-images-dataset/Indian Food Images/Indian Food Images/sutar_feni/40e9d8fc0f.jpg,78,sutar_feni,train
/kaggle/input/datasets/iamsouravbanerjee/indian-food-images-dataset/Indian Food Images/Indian Food Images/sutar_feni/42d7441f6f.jpg,78,sutar_feni,train
/kaggle/input/datasets/iamsouravbanerjee/indian-food-images-dataset/Indian Food Images/Indian Food Images/sutar_feni/43b4663210.jpg,78,sutar_feni,train
/kaggle/input/datasets/iamsouravbanerjee/indian-food-images-dataset/Indian Food Images/Indian Food Images/sutar_feni/44a449faa7.jpg,78,sutar_feni,train
/kaggle/input/datasets/iamsouravbanerjee/indian-food-images-dataset/Indian Food Images/Indian Food Images/sutar_feni/44a61e3ab3.jpg,78,sutar_feni,train
/kaggle/input/datasets/iamsouravbanerjee/indian-food-images-dataset/Indian Food Images/Indian Food Images/sutar_feni/46dfb23f3f.jpg,78,sutar_feni,train
/kaggle/input/datasets/iamsouravbanerjee/indian-food-images-dataset/Indian Food Images/Indian Food Images/sutar_feni/4a48c3630a.jpg,78,sutar_feni,train
/kaggle/input/datasets/iamsouravbanerjee/indian-food-images-dataset/Indian Food Images/Indian Food Images/sutar_feni/4e0f368975.jpg,78,sutar_feni,train
/kaggle/input/datasets/iamsouravbanerjee/indian-food-images-dataset/Indian Food Images/Indian Food Images/sutar_feni/4e61118cd8.jpg,78,sutar_feni,train
/kaggle/input/datasets/iamsouravbanerjee/indian-food-images-dataset/Indian Food Images/Indian Food Images/sutar_feni/4f858101e2.jpg,78,sutar_feni,train
/kaggle/input/datasets/iamsouravbanerjee/indian-food-images-dataset/Indian Food Images/Indian Food Images/sutar_feni/51ed2b8d42.jpg,78,sutar_feni,train
/kaggle/input/datasets/iamsouravbanerjee/indian-food-images-dataset/Indian Food Images/Indian Food Images/sutar_feni/54b73152b7.jpg,78,sutar_feni,train
/kaggle/input/datasets/iamsouravbanerjee/indian-food-images-dataset/Indian Food Images/Indian Food Images/unni_appam/03c37af0d7.jpg,79,unni_appam,train
/kaggle/input/datasets/iamsouravbanerjee/indian-food-images-dataset/Indian Food Images/Indian Food Images/unni_appam/09d6ac553d.jpg,79,unni_appam,train
/kaggle/input/datasets/iamsouravbanerjee/indian-food-images-dataset/Indian Food Images/Indian Food Images/unni_appam/0ccc54dc39.jpg,79,unni_appam,train
/kaggle/input/datasets/iamsouravbanerjee/indian-food-images-dataset/Indian Food Images/Indian Food Images/unni_appam/10ad980d73.jpg,79,unni_appam,train
/kaggle/input/datasets/iamsouravbanerjee/indian-food-images-dataset/Indian Food Images/Indian Food Images/unni_appam/10ea951e2c.jpg,79,unni_appam,train
/kaggle/input/datasets/iamsouravbanerjee/indian-food-images-dataset/Indian Food Images/Indian Food Images/unni_appam/1a184604a9.jpg,79,unni_appam,train
/kaggle/input/datasets/iamsouravbanerjee/indian-food-images-dataset/Indian Food Images/Indian Food Images/unni_appam/1afb983d86.jpg,79,unni_appam,train
/kaggle/input/datasets/iamsouravbanerjee/indian-food-images-dataset/Indian Food Images/Indian Food Images/unni_appam/1b94e295ec.jpg,79,unni_appam,train
/kaggle/input/datasets/iamsouravbanerjee/indian-food-images-dataset/Indian Food Images/Indian Food Images/unni_appam/1bdfc278e0.jpg,79,unni_appam,train
/kaggle/input/datasets/iamsouravbanerjee/indian-food-images-dataset/Indian Food Images/Indian Food Images/unni_appam/1da4eb7584.jpg,79,unni_appam,train
/kaggle/input/datasets/iamsouravbanerjee/indian-food-images-dataset/Indian Food Images/Indian Food Images/unni_appam/1dc527442b.jpg,79,unni_appam,train
/kaggle/input/datasets/iamsouravbanerjee/indian-food-images-dataset/Indian Food Images/Indian Food Images/unni_appam/1f66cccc2b.jpg,79,unni_appam,train
/kaggle/input/datasets/iamsouravbanerjee/indian-food-images-dataset/Indian Food Images/Indian Food Images/unni_appam/1f976e9337.jpg,79,unni_appam,train
/kaggle/input/datasets/iamsouravbanerjee/indian-food-images-dataset/Indian Food Images/Indian Food Images/unni_appam/2cef8106f6.jpg,79,unni_appam,train
/kaggle/input/datasets/iamsouravbanerjee/indian-food-images-dataset/Indian Food Images/Indian Food Images/unni_appam/3ad980b35b.jpg,79,unni_appam,train
/kaggle/input/datasets/iamsouravbanerjee/indian-food-images-dataset/Indian Food Images/Indian Food Images/unni_appam/3b9695a7e8.jpg,79,unni_appam,train
/kaggle/input/datasets/iamsouravbanerjee/indian-food-images-dataset/Indian Food Images/Indian Food Images/unni_appam/3ca9538eb5.jpg,79,unni_appam,train
/kaggle/input/datasets/iamsouravbanerjee/indian-food-images-dataset/Indian Food Images/Indian Food Images/unni_appam/3cd98eb511.jpg,79,unni_appam,train
/kaggle/input/datasets/iamsouravbanerjee/indian-food-images-dataset/Indian Food Images/Indian Food Images/unni_appam/3d396c1d4a.jpg,79,unni_appam,train
/kaggle/input/datasets/iamsouravbanerjee/indian-food-images-dataset/Indian Food Images/Indian Food Images/unni_appam/3f563dcb64.jpg,79,unni_appam,train
/kaggle/input/datasets/iamsouravbanerjee/indian-food-images-dataset/Indian Food Images/Indian Food Images/unni_appam/3fadd03fe5.jpg,79,unni_appam,train
/kaggle/input/datasets/iamsouravbanerjee/indian-food-images-dataset/Indian Food Images/Indian Food Images/unni_appam/4ae4fb4327.jpg,79,unni_appam,train
/kaggle/input/datasets/iamsouravbanerjee/indian-food-images-dataset/Indian Food Images/Indian Food Images/unni_appam/4bfe42c555.jpg,79,unni_appam,train
/kaggle/input/datasets/iamsouravbanerjee/indian-food-images-dataset/Indian Food Images/Indian Food Images/unni_appam/4f68c30ef0.jpg,79,unni_appam,train
/kaggle/input/datasets/iamsouravbanerjee/indian-food-images-dataset/Indian Food Images/Indian Food Images/unni_appam/4f864a2e04.jpg,79,unni_appam,train
/kaggle/input/datasets/iamsouravbanerjee/indian-food-images-dataset/Indian Food Images/Indian Food Images/unni_appam/5a55d416ef.jpg,79,unni_appam,train
/kaggle/input/datasets/iamsouravbanerjee/indian-food-images-dataset/Indian Food Images/Indian Food Images/unni_appam/5c92a8dacc.jpg,79,unni_appam,train
/kaggle/input/datasets/iamsouravbanerjee/indian-food-images-dataset/Indian Food Images/Indian Food Images/unni_appam/5d26a27608.jpg,79,unni_appam,train
/kaggle/input/datasets/iamsouravbanerjee/indian-food-images-dataset/Indian Food Images/Indian Food Images/unni_appam/5d99298b9c.jpg,79,unni_appam,train
/kaggle/input/datasets/iamsouravbanerjee/indian-food-images-dataset/Indian Food Images/Indian Food Images/unni_appam/5dbfa6d2d0.jpg,79,unni_appam,train
/kaggle/input/datasets/iamsouravbanerjee/indian-food-images-dataset/Indian Food Images/Indian Food Images/unni_appam/5ea1ce5539.jpg,79,unni_appam,train
/kaggle/input/datasets/iamsouravbanerjee/indian-food-images-dataset/Indian Food Images/Indian Food Images/unni_appam/5eab55bb1a.jpg,79,unni_appam,train
/kaggle/input/datasets/iamsouravbanerjee/indian-food-images-dataset/Indian Food Images/Indian Food Images/unni_appam/5f0a35ae7f.jpg,79,unni_appam,train
/kaggle/input/datasets/iamsouravbanerjee/indian-food-images-dataset/Indian Food Images/Indian Food Images/unni_appam/5fe606a1cc.jpg,79,unni_appam,train
/kaggle/input/datasets/iamsouravbanerjee/indian-food-images-dataset/Indian Food Images/Indian Food Images/unni_appam/6a342833f2.jpg,79,unni_appam,train
